-- MariaDB dump 10.19  Distrib 10.11.6-MariaDB, for Win64 (AMD64)
--
-- Host: localhost    Database: prak1
-- ------------------------------------------------------
-- Server version	10.11.6-MariaDB

/*!40101 SET @OLD_CHARACTER_SET_CLIENT=@@CHARACTER_SET_CLIENT */;
/*!40101 SET @OLD_CHARACTER_SET_RESULTS=@@CHARACTER_SET_RESULTS */;
/*!40101 SET @OLD_COLLATION_CONNECTION=@@COLLATION_CONNECTION */;
/*!40101 SET NAMES utf8mb4 */;
/*!40103 SET @OLD_TIME_ZONE=@@TIME_ZONE */;
/*!40103 SET TIME_ZONE='+00:00' */;
/*!40014 SET @OLD_UNIQUE_CHECKS=@@UNIQUE_CHECKS, UNIQUE_CHECKS=0 */;
/*!40014 SET @OLD_FOREIGN_KEY_CHECKS=@@FOREIGN_KEY_CHECKS, FOREIGN_KEY_CHECKS=0 */;
/*!40101 SET @OLD_SQL_MODE=@@SQL_MODE, SQL_MODE='NO_AUTO_VALUE_ON_ZERO' */;
/*!40111 SET @OLD_SQL_NOTES=@@SQL_NOTES, SQL_NOTES=0 */;

--
-- Table structure for table `customerfeedback`
--

DROP TABLE IF EXISTS `customerfeedback`;
/*!40101 SET @saved_cs_client     = @@character_set_client */;
/*!40101 SET character_set_client = utf8 */;
CREATE TABLE `customerfeedback` (
  `feedbackID` int(11) NOT NULL,
  `transaction` int(11) DEFAULT NULL,
  `date` datetime DEFAULT NULL,
  `reviewContent` text DEFAULT NULL,
  `rating` int(11) DEFAULT NULL CHECK (`rating` >= 0 and `rating` <= 5),
  PRIMARY KEY (`feedbackID`),
  KEY `transaction` (`transaction`),
  CONSTRAINT `customerfeedback_ibfk_1` FOREIGN KEY (`transaction`) REFERENCES `transactionrecord` (`transactionNumber`)
) ENGINE=InnoDB DEFAULT CHARSET=latin1 COLLATE=latin1_swedish_ci;
/*!40101 SET character_set_client = @saved_cs_client */;

--
-- Dumping data for table `customerfeedback`
--

LOCK TABLES `customerfeedback` WRITE;
/*!40000 ALTER TABLE `customerfeedback` DISABLE KEYS */;
INSERT INTO `customerfeedback` VALUES
(9,61300,'2021-06-04 17:53:02','Picture themselves agree create. Physical piece market thought.',5),
(57,95811,'2023-07-01 01:20:45','Care take cut quickly various per despite.',3),
(182,58263,'2021-02-22 15:35:50','Perform course house. Decade hope animal question. Analysis positive without song interest its stand. Resource house education message sense.',4),
(207,89556,'2020-11-24 04:30:56','Politics up inside capital our. Main mother speech floor simple head. Data all task available understand his.',4),
(218,10488,'2020-09-28 10:57:16','Prevent force exactly character court allow all. Travel present thus step number western.',1),
(348,22084,'2021-01-21 12:34:38','Democratic guy last political. Job property performance so task government drug city. Such nation pay.',3),
(449,30107,'2022-02-21 09:50:59','Range long win new fact.',5),
(534,37740,'2021-12-03 02:51:07','Large opportunity young difference size. Design myself hope traditional again main finish. Partner past away detail action opportunity also.',0),
(600,45814,'2022-01-29 17:08:03','Force wish identify left than. Happy buy develop PM head.',3),
(848,4575,'2023-03-16 02:03:59','Seven down way pass rather. Voice responsibility organization nation.',3),
(1039,84335,'2022-01-05 12:00:40','Team perhaps everyone article. Kitchen any sure whom project. Want amount soldier so training project whether stay.',3),
(1052,35708,'2020-10-12 03:33:21','Stage lay stop response many example. Thank seven less.',4),
(1070,17479,'2021-10-12 01:14:11','Director even nation effort either college agree. Should true actually under. Growth whole plant everything child mention style.',5),
(1133,10538,'2022-12-29 13:20:20','Environment each strong table standard attorney now. Threat kind term ground. Pick example during record role though perform spring.',1),
(1157,58045,'2023-08-06 13:17:29','Room hope child human energy security. Size type training majority single admit simply. In space financial front.',1),
(1414,26794,'2020-12-30 20:43:22','Thus raise shake interview. Necessary customer occur information heart.',1),
(1514,17750,'2023-07-22 10:02:37','Me organization treatment new Democrat. Hundred air probably current cold almost which.',2),
(1556,86152,'2021-08-30 17:30:37','Performance building detail campaign rest agreement. My four activity theory. Reality degree occur practice.',1),
(1718,27518,'2021-10-01 19:52:34','Southern third six establish inside government total side. Reason individual available knowledge rate.',1),
(1878,61642,'2021-12-19 03:08:28','Down yeah buy suggest boy. Season Mrs short difficult. Garden drive character program though each.',4),
(1916,54895,'2021-12-14 06:04:51','Own cell out low.',2),
(1931,9263,'2020-10-08 10:58:12','Still the share else common character five. Professor body care pattern enjoy idea ten. Task act long analysis.',0),
(1962,86653,'2020-09-01 19:21:08','Create public cup program base. Remain light market think. Risk throw receive stay wear create environmental.',2),
(2006,37664,'2021-12-04 16:19:18','Race long day very local. Game seem material vote return any which.',4),
(2026,88127,'2023-03-23 06:25:39','Learn might determine. Join risk whether rule.',0),
(2729,57650,'2021-11-01 08:37:31','Deep treatment stage sell they past way. Minute just relationship another.',1),
(2930,50120,'2020-04-23 13:18:41','Wind wonder natural instead. Soon whether whom condition rule.',4),
(3038,7735,'2020-12-30 21:53:43','Know let sign together structure. Water always field.',1),
(3118,88799,'2020-11-29 15:50:27','See wear all no behavior near. If old future even sound appear.',0),
(3137,96974,'2022-04-29 20:13:50','Mr party along every official game word. Police claim soldier suddenly number another particularly. Anyone direction from late note.',0),
(3162,69626,'2023-08-04 01:01:19','That beyond explain figure.',4),
(3314,53781,'2023-12-29 12:32:14','Anything vote entire chance. Field ability and behind here election. My art spring hundred.',5),
(3394,23856,'2020-05-14 17:32:59','Direction very subject others teach between respond. Yet certain put understand new account tend.',0),
(3518,10228,'2020-09-15 18:48:10','Economy attack artist have happen though recognize. Nature film according around together thus.',5),
(3634,17197,'2020-04-15 17:21:52','Talk area before change interview thought society. Listen goal big term. Official player bar attack arrive Mrs. Hard rather former.',0),
(3828,17750,'2021-12-09 17:30:06','Compare generation sort my various and rate. Seek water almost call.',4),
(4107,78540,'2020-01-13 02:22:10','Choice indeed camera modern. Design performance ability analysis toward admit southern.',2),
(4143,69350,'2021-09-18 03:55:55','Exist support model myself student meet involve. Source national ground friend huge against. Election population base century look.',1),
(4362,19064,'2023-10-15 09:19:42','Address recently know letter expert American instead.',4),
(4371,1151,'2020-03-21 05:42:35','Include worker beautiful color political base perform. Our example she especially truth cover.',5),
(4495,62651,'2023-01-06 12:46:39','Recently matter involve speech day everyone.',2),
(4791,53854,'2023-02-26 11:29:29','Newspaper election edge attorney large. View collection issue stay spring. Writer study series yeah music area clear.',2),
(4999,89136,'2021-09-10 17:15:57','Notice population huge five nature way learn. Seek phone political step common environment.',0),
(5278,58884,'2020-07-27 13:34:10','Particularly admit anything case feeling site tend tonight. She prepare serious language. Everyone live treatment investment these but imagine.',5),
(5775,4859,'2023-07-18 13:42:00','His security history government may bag stage. Manager happen control administration.',0),
(5990,82441,'2023-09-02 14:28:53','South receive him. Almost quality thank line believe.',0),
(6233,33197,'2021-01-01 03:32:20','North practice box admit. Cell that career ability. Government put go apply.',1),
(6249,90644,'2023-05-27 13:08:45','Indeed project test.',4),
(6398,91443,'2021-02-21 17:01:05','Capital range how act hospital. Offer budget performance chance.',3),
(6465,63778,'2024-01-10 19:43:18','Whatever miss plant around station music degree.',4),
(6521,16268,'2021-09-18 15:29:02','Design gas these. According star thing not.',1),
(6586,16582,'2020-01-12 16:14:13','Off clearly trade hotel debate up address rather. Your us be today easy store mention. Large rise store difference scientist rise wonder.',2),
(7074,59711,'2020-12-06 00:07:09','Note so season control. Analysis smile story trouble she truth factor agency. Play share energy option activity expect certain image.',5),
(7195,291,'2022-07-02 02:06:45','Trade truth create manage responsibility. Old kitchen ago of start three nature.',1),
(7259,55976,'2022-06-10 05:06:39','Interesting resource radio style consider effect hope. Others partner identify interest loss administration care year. Evidence fast will director beyond. Force life serve step senior unit reason.',3),
(7396,40184,'2020-08-13 01:06:39','Realize morning who worker mouth nearly few. At partner wall factor open product. Cause yourself here resource future activity buy.',2),
(7398,92135,'2023-08-08 23:44:17','Team kitchen ability wife business need. Material something hand Mrs century. Paper us stop as media. Government thing collection everything.',2),
(7434,53603,'2022-11-20 11:44:34','Argue suddenly true author bring. Often significant enough contain.',2),
(7941,58156,'2022-11-19 05:29:12','Continue important radio along mouth however must improve.',3),
(8058,27528,'2021-09-13 06:00:46','Buy idea hair husband international street receive community. Pass she effect billion. Arm trial seat buy.',2),
(8580,20172,'2021-11-11 18:25:44','System daughter commercial suffer skin.',5),
(8682,57337,'2020-06-02 02:14:21','Send name step effect course practice. Dream chair generation raise. Gun ability six imagine.',4),
(8768,58884,'2020-04-09 23:31:12','Country city memory especially. Write least heart edge form coach.',4),
(8792,95542,'2021-04-08 07:29:31','Defense one sell. Use each along effect push. Kind base pull wear individual enjoy head.',4),
(9030,23875,'2021-12-24 14:37:20','Health represent already pretty personal. Off safe sound region natural.',4),
(9145,58390,'2022-09-30 19:10:41','Receive stay fine near. Example professional free.',3),
(9216,91575,'2021-09-03 04:10:57','Professor system man future. Tv total happen other deep we. Avoid building want rule line.',5),
(9320,59850,'2020-09-10 04:31:40','Wear positive reflect rule maintain light go deal. Important almost threat. Drop book share provide.',5),
(9411,95542,'2021-11-21 17:57:30','Same lose between authority paper. Power usually somebody single particularly rule. Single reduce around local four.',0),
(9572,48745,'2020-03-24 20:25:15','Part light capital so character chair think. Wonder exactly thing study under rock.',1),
(9593,4030,'2020-12-27 11:02:50','Yourself travel laugh say. Sure foreign fill home large.',5),
(9783,53176,'2021-01-25 17:56:52','Many after place. Strong her her poor southern.',2),
(9823,94737,'2021-08-23 00:16:58','Everything huge occur establish as sort throughout. Film interest person exist practice young sing.',2),
(10056,43457,'2020-10-30 05:00:27','Guy red base population reality pattern wrong notice. Body star baby.',2),
(10384,58164,'2022-06-30 05:25:05','Care expert visit nothing against again.',3),
(10693,61824,'2023-10-14 10:41:46','School response term just. Voice agreement day up theory.',5),
(10918,6546,'2021-06-09 13:32:47','Get agree human world administration father every structure. Major total behind natural report.',2),
(11226,57118,'2022-07-23 17:51:31','Need example population above bad out. Much hope amount gun.',5),
(11252,30818,'2023-11-19 12:49:05','Risk officer its dog. Head decide rest chance. Young lot concern time think.',0),
(11264,57812,'2023-09-04 23:25:24','Office than their. Fill good but myself to development second. Mission school environment out.',5),
(11337,44121,'2023-01-18 01:40:01','Add guy into challenge music their guess ok. Institution interesting themselves population build fund run. Deep character air clear senior hold.',4),
(11531,75667,'2020-01-28 05:54:24','Give want pull member woman hope from. Tax voice along involve. Side note audience section will think moment. Including dog up finally.',2),
(11532,81633,'2023-09-20 10:26:40','Lawyer toward important soon result. Head two still better outside industry miss.',1),
(11584,28542,'2023-01-28 16:54:46','Accept network difference them hard great night it. Table carry yes industry address. Relate exist left.',5),
(11644,63997,'2022-10-09 11:22:05','Science environment name ago huge nothing. Nice model store old. North manage significant movement small it.',5),
(11722,9344,'2021-04-03 17:11:46','Production ahead assume say yeah partner. Give long pass material.',1),
(11990,291,'2023-11-20 11:46:26','Break next affect effect edge policy benefit. Per agreement film site. Lay subject energy prove somebody student manage.',5),
(12020,86196,'2023-03-28 08:32:10','Purpose usually seat. Discussion although environment traditional traditional thus learn. While claim establish war sport forget.',5),
(12073,51992,'2023-02-09 11:09:45','Myself its note behind avoid manager. Law bank nature never bring.',4),
(12231,93219,'2022-05-12 15:44:41','Ready PM water but me certain scene. Field strategy century difference help notice bank usually.',2),
(12256,15754,'2021-03-20 13:06:31','Gas president opportunity there couple person budget man. Often two man. Live law most smile computer production technology.',1),
(12335,84383,'2023-03-10 01:24:14','Could half skin way course away anything. Country especially base value. Fire both later population.',1),
(12384,89190,'2023-06-17 02:38:03','Increase charge similar indeed guy plan knowledge yes. Senior history call economic company.',2),
(12386,35410,'2021-05-19 11:15:14','Daughter ok political whatever remain Democrat. Appear land play ahead.',5),
(12437,39276,'2023-04-03 00:35:09','City campaign pattern appear career law. Half population forget.',1),
(12462,19197,'2023-07-07 07:50:00','Art hotel yes nature employee feeling economic. Data class different within game.',0),
(12566,17548,'2020-11-11 10:52:25','Play night final right behind election. High yourself product early. Look performance serious upon little.',1),
(12678,64825,'2020-10-31 02:45:34','Simply easy final administration camera no. Raise you contain build never sort.',5),
(12920,8453,'2022-04-10 16:21:17','Hundred area task growth parent. Say bar key read guess.',2),
(12958,88799,'2020-12-30 17:04:10','Already guess whatever young. Up kid think line consider. Show feel bar.',0),
(12994,55780,'2020-03-30 10:28:29','Reduce often movement under. Tough difficult cover business letter subject top ever.',3),
(13135,58045,'2020-12-22 04:54:28','Tax opportunity give push his teacher PM. More yourself building decide air with vote. Go life represent significant determine conference.',5),
(13281,3955,'2023-06-01 13:57:24','Benefit trouble board heavy into significant. Town cell baby including could. Low place behind without couple evening.',5),
(13409,50267,'2023-04-09 04:47:13','Stop subject list young. Describe throughout culture detail democratic.',0),
(13533,80277,'2020-06-18 13:17:17','Will natural work offer determine as. Dog here suffer from.',5),
(13617,11878,'2022-01-11 01:20:26','Trial short message security including can. Risk wife day practice alone scene. Meet knowledge suddenly rate risk method little.',0),
(13657,56837,'2021-03-10 20:05:18','Speech east relationship. Behavior artist young fill commercial individual sometimes. Still herself wide stock president accept read.',3),
(13670,6913,'2020-04-20 00:53:25','During fear its TV author wish. Head truth myself worker similar close. Author herself little another buy daughter.',5),
(13799,8710,'2020-11-07 20:04:33','Center coach sit rise education win. History boy effect something yourself.',3),
(13986,43645,'2020-09-30 01:03:45','Score firm particular manage structure nor. Specific federal name you best spring.',3),
(14095,32037,'2021-08-30 06:10:54','Oil woman read order water place. Strategy several several newspaper.',0),
(14287,17369,'2021-07-03 04:46:25','Seven approach surface happy improve. Worry claim front year much employee try personal.',2),
(14471,24326,'2023-05-24 18:42:28','Break week half today finish determine interview sense. Research read thousand. Research sound teacher performance enjoy first meet response.',1),
(14783,67417,'2020-01-15 04:43:15','Decade under speech little hit. Senior size finally guess unit financial maintain. Myself difference action let upon bit outside out. Draw art see someone.',5),
(14978,34784,'2020-02-04 21:35:32','Pass difficult though ago ago call including kitchen. Medical two nearly stuff determine gun benefit. Street benefit career will chance face.',0),
(15386,50681,'2021-01-21 22:01:18','Morning understand level ahead number. Involve position message particularly do enjoy. Become ahead themselves president else assume region.',4),
(15398,85863,'2021-03-08 16:43:50','Toward contain listen yes. Hear state community which everything cold we.',1),
(15663,49816,'2023-11-17 00:38:52','Send opportunity outside evidence modern majority three since. Pm clearly area purpose value maybe. Give one weight media.',2),
(15834,35523,'2022-09-03 06:14:22','Itself onto create physical material result. Feel TV recent power.',1),
(15977,962,'2021-06-28 18:41:06','However hand every represent identify. Letter walk network break if suffer. Class free adult value capital.',4),
(16050,85863,'2020-08-28 19:25:04','Mention read southern government food dream. Line this away.',2),
(16061,89140,'2022-03-22 22:56:11','Late happy wonder success save.',3),
(16070,9526,'2021-01-04 04:03:10','Important admit economic performance to. Board risk fire while west all.',0),
(16347,78158,'2022-12-06 17:35:28','Generation news when floor party among. Notice culture notice kid exist. Note only stop it. Several trip trial yard entire fall medical control.',4),
(16493,25720,'2022-08-03 17:24:13','Worry control sea blood lawyer art. Item never nature condition today soon social plan.',1),
(16505,75298,'2023-01-09 20:51:57','Treatment sport or media. Beat thank scientist city management chance man.',4),
(16589,65127,'2021-12-07 04:28:30','Cup model often. Seek bit example performance here have. Concern group professor national thank.',1),
(16689,46933,'2023-10-25 00:05:08','Station cell expert century information approach force. Law visit clearly reason however choice contain relate.',5),
(16715,60529,'2020-09-16 07:54:03','Laugh sense picture write camera chair. Similar worry present science.',2),
(16772,39313,'2020-07-24 14:33:08','Father poor no partner author director another. Spring word mother their. Both maintain when system language.',2),
(16992,59274,'2022-08-14 14:09:17','Including clearly federal national develop. Nearly rest idea.',1),
(17055,89416,'2021-08-13 19:06:22','Other author toward police. Free collection example former theory. Different look example expert.',4),
(17070,6500,'2020-04-13 06:20:02','Share expert imagine soldier. Customer sound perhaps of. Forget name challenge check listen. Continue consumer see anyone.',0),
(17166,81023,'2020-11-11 12:31:20','Want summer baby herself where. Player business reduce player. Soon member indeed do.',2),
(17266,67202,'2023-10-27 17:13:15','Form situation price director than. Front entire seek eye work subject we. Financial it stage through item stop.',2),
(17390,44369,'2021-05-09 23:56:03','House cultural television responsibility. Difficult of he always Democrat save that century. Statement him teach between visit age. Letter bill especially if share at everyone.',2),
(17450,82441,'2024-01-30 00:34:09','Response fear decade find practice star name. Decision read nearly six such bed.',1),
(17687,85808,'2021-02-12 09:35:24','Writer student my realize until spend politics. Back boy rate form agree plan religious.',1),
(18102,69590,'2022-03-16 07:10:53','Believe cultural fact unit. Many note teach store draw onto which. Special to decide argue nice form finally.',5),
(18170,84689,'2020-08-02 18:36:18','Table pattern hundred.',5),
(18264,68841,'2023-10-29 08:28:59','Person dream everyone condition pattern air find. Benefit speak cell network affect.',5),
(18509,86380,'2022-09-29 08:48:13','I huge so TV human sit seat. Edge employee specific produce. Congress police office oil.',5),
(18683,47546,'2023-08-22 04:49:09','Cause special everything inside bring. So imagine ever.',1),
(18775,10460,'2021-04-02 15:49:11','Financial pull church father standard. Glass use play particular tell box. Policy keep attack thousand pattern benefit.',0),
(18917,33633,'2020-02-17 19:47:52','Someone actually technology worry. Meeting against research discussion. Loss develop mention discussion my.',0),
(19008,16812,'2021-02-18 11:31:43','Speak own cultural court. Hit happen door.',2),
(19266,11229,'2021-05-03 18:02:52','Success cultural fight choose use owner manage. Dream table this strong lay.',0),
(19277,46014,'2022-12-19 19:22:07','Campaign main alone marriage soon if eat ok. Unit social wife several.',0),
(19318,42967,'2023-07-22 07:08:13','Ready discuss activity stand. Fact best high back seven. Plan heart majority process wish three.',3),
(19367,67922,'2021-05-26 04:27:23','Sing international enter interest difficult station chance. See two citizen.',0),
(19738,23803,'2021-06-23 12:21:40','Clear force new event area almost. Along thought investment treat treat.',5),
(20056,69350,'2020-06-19 21:44:14','Occur born watch poor.',3),
(20097,74814,'2021-12-04 09:21:30','Stuff bring player daughter nearly season. Who rate after power development record close. Although become magazine full pretty.',5),
(20104,93104,'2020-08-03 07:24:22','Rock surface land series. Benefit up newspaper water night it.',4),
(20383,52504,'2023-05-01 13:00:27','Civil rest town behavior book discuss. Into officer should machine ten situation speech. Research take ahead would now play. Later career military quickly campaign say.',2),
(20408,37740,'2022-06-27 14:54:20','Down amount range rise fact teacher movement. Series general option keep fast carry.',3),
(20486,55780,'2022-07-11 23:03:30','Ready another share able even wear cut consider. Majority despite trade call where week financial. Name plan chance next.',3),
(21068,90196,'2020-01-07 19:43:26','At safe outside perhaps cold attorney base. Skill your peace. Feel ready poor kid culture force.',0),
(21463,36520,'2022-08-18 01:07:26','Site with finish entire. Series we class shoulder bag. General high nature recently.',0),
(21581,43517,'2023-03-19 12:49:47','Because society guess attack wide however. Figure company imagine. Type claim choose heavy thought reason small. Line feel act.',4),
(21636,10460,'2023-01-25 22:43:38','Administration onto could. Stop present prepare me. Resource near firm with budget but.',4),
(21997,90644,'2024-01-30 11:02:58','Give painting avoid few prevent. Think feeling among yard cold happen call. Instead picture recognize including crime with.',1),
(22095,17268,'2023-08-08 12:19:43','Film especially process easy until. Real clearly voice.',0),
(22241,65127,'2023-07-17 16:23:52','Pretty she fire. Light too away painting next wonder state suggest.',1),
(22419,82521,'2023-06-28 04:46:23','Care various government over find letter cover. Room series material bar baby. Action left public measure high sign.',4),
(22552,11824,'2023-03-12 02:34:52','Fly social season than boy few. Scientist toward film include although actually end. More cultural across.',2),
(22569,11149,'2020-10-31 06:00:16','Notice dog huge data country if event country.',2),
(22595,80927,'2021-11-05 00:04:11','Word peace spend it. Dream art eight speech discuss air low.',5),
(22730,59850,'2021-05-27 08:49:17','Value because buy head turn parent local. Hope score money above within teacher give. Deal fact effect spend.',1),
(22769,85944,'2021-07-04 17:58:01','Along idea cell beat them board tough imagine. Story red foot beautiful stage rich range national. With direction term nor inside thus American.',0),
(22796,34816,'2020-02-09 10:39:32','Program happen watch two charge watch much huge. Rise structure message little view.',5),
(22853,35523,'2023-06-01 04:04:31','May still memory become hand their. Its character simple heart.',1),
(22958,30740,'2022-09-08 23:54:10','Site present tax yourself personal. Law activity edge special top.',0),
(23157,2436,'2021-12-24 21:25:05','Piece defense writer up throughout cup. Break public nation work. Finish perform his instead knowledge.',1),
(23293,21414,'2022-05-12 09:14:24','Successful stay who lot rate. Often sit site enough run drop.',2),
(23315,88799,'2023-09-02 05:31:13','Value less action technology thank present artist capital. Professional yet my. Six point food hear accept authority.',5),
(23330,46483,'2021-04-24 05:16:26','Culture answer identify wide food hour bar. Change someone order goal technology any. Although help amount.',3),
(23502,71859,'2024-01-01 15:15:02','Yourself general trade century now remain economy. Control ready have laugh same explain.',5),
(23650,63999,'2022-01-31 06:24:56','Perform own focus woman wind positive. Strategy line brother region.',4),
(23740,60620,'2022-03-25 07:22:49','Let lot of can live film. Above project present relationship. Week blood hit particularly. Next fund meet western board.',2),
(24117,29936,'2023-04-26 15:06:57','Alone much memory final customer include all. Most away beautiful.',2),
(24177,5875,'2022-11-06 00:03:40','Democrat want many trial feel. They that watch play when health amount. Story away career stand make never do.',3),
(24209,6302,'2023-06-25 15:18:23','Rock find lead strong figure. Child various property teach bar in. Question bank change necessary bank everyone fly.',5),
(24228,65203,'2021-07-12 10:04:52','Report herself yard job create leg from. Age increase your. Eat which southern call few ball.',4),
(24366,83487,'2020-01-19 02:54:38','Mean table its over measure. Option already technology stop deal agent government.',3),
(24421,39754,'2023-09-29 17:32:25','Feel teach option about value. Yet page remember yard I various.',3),
(24464,58156,'2020-06-30 05:27:21','Least chance radio industry professor beautiful debate. Line feel painting approach hour. Positive eat detail prepare large measure list.',4),
(24640,20035,'2022-10-20 14:00:40','Girl information as set collection trouble. People country deal or try thing. Church head leg meet.',5),
(24642,43645,'2023-06-05 23:27:22','Ahead worker store point language. Charge situation PM. Economic rest our pass commercial finish.',1),
(24761,99158,'2021-09-23 19:57:43','Decade shake almost beautiful. Record drop baby production available.',1),
(24780,84335,'2020-02-28 16:42:00','End wonder front join.',4),
(24908,33099,'2023-05-17 12:20:32','Goal phone free away figure. Often eye current analysis anyone.',3),
(25069,64553,'2020-06-26 20:33:29','Moment power respond hour. Sometimes baby coach region here career owner. Business where but total senior even.',0),
(25142,74829,'2020-07-28 13:26:58','So old American even administration hard fight. Part conference drive wait first do ready.',5),
(25184,37685,'2021-11-13 10:20:04','Institution when it pressure but food. Young mean whether be into.',3),
(25283,65203,'2021-03-01 13:33:51','Near partner author if Congress. Positive manager across among summer family. Special difference food piece see. Black hear data newspaper police.',3),
(25414,63665,'2024-01-07 22:44:11','If above station. International everybody late if body.',5),
(25654,75298,'2021-09-30 22:45:06','Mean democratic hundred political Democrat. Leave bad community specific instead business month game.',1),
(25658,10841,'2022-01-10 09:13:44','Teach bad fund think. Game sea attention pick.',2),
(25904,32537,'2023-08-08 13:33:54','Impact million chance various. Town long if so reveal opportunity. Specific compare field we artist analysis.',1),
(26040,86980,'2023-06-29 08:22:27','Surface late main minute city institution century. Fish yes surface. Accept friend Congress customer range response run. House road check appear wall pattern.',1),
(26104,44167,'2020-05-23 07:33:24','She face west model wide impact. Mother however drive. Head pass consider wear partner population.',4),
(26110,84571,'2022-04-27 21:26:56','Under house return Mrs hotel. Large would lawyer majority. Simple fine interview green. Will wear thank participant read especially.',0),
(26204,56932,'2023-06-08 13:16:45','What into other there. National product imagine someone ten although. Brother national most east arm ball us.',4),
(26220,2436,'2021-11-23 14:42:39','Kid rich peace remember big PM coach.',5),
(26257,89690,'2022-08-29 10:18:16','Nice TV visit doctor figure. Think drop summer floor share pull necessary. Dream go staff staff agency wear member.',2),
(26287,44121,'2020-04-09 23:57:29','Participant fund idea hotel speech page new. Heavy concern usually medical somebody common.',4),
(26410,63223,'2021-08-28 00:24:04','Or by former not data. Loss bank degree. Huge area end send tree ball base.',2),
(26493,17548,'2021-10-17 11:56:38','Sign expect religious watch former wish remember build. Least together factor worker good road. Full instead outside pattern. Process person tough.',5),
(26502,71269,'2022-04-17 01:26:03','Step can man fill. Account form book senior fish surface early.',1),
(26634,74548,'2021-06-10 12:51:23','Able believe before remember. Listen remember investment approach effort resource college eight.',3),
(26678,48921,'2023-02-16 19:56:24','Whole yet from worker. War we pattern quite consumer. Main activity government film night every.',0),
(26737,32613,'2020-03-10 19:22:23','Always their should blue early. Course follow agent foreign little star responsibility.',3),
(26920,54501,'2021-03-01 10:37:09','Goal expect among toward owner think. Every budget leg science.',5),
(27083,84037,'2021-03-29 15:21:55','Woman wonder article candidate language this customer. Money capital head police. Human trip support thousand.',3),
(27119,47229,'2020-05-02 01:00:16','Whether must student behavior suffer.',2),
(27267,49288,'2021-10-20 21:04:47','Unit nice only indicate able. Next decade memory thank western reveal. Doctor story pressure yeah high oil.',2),
(27424,31463,'2022-05-01 15:52:48','Experience study parent adult carry push. Citizen itself high research.',4),
(27532,91575,'2021-08-03 18:20:27','Nothing receive particularly skill fall certainly. East person herself attack feeling person close will. Term low fly none include write.',1),
(27568,74814,'2022-06-17 01:59:50','Here certainly experience get let rich. Administration number case Mr. Home summer discussion.',5),
(27715,44972,'2021-09-22 23:27:04','Arrive near available long fund party. Just whom throughout science real life. Individual ever raise sea relate.',3),
(27850,33018,'2023-09-14 08:56:30','Authority central indicate. Never really technology without ahead much. Education computer author deal could.',5),
(27972,26639,'2020-01-24 09:20:59','Somebody piece month make safe. Treatment prove moment yet matter. Stand claim agree beyond. Sister audience administration rich police it.',0),
(28355,10847,'2021-08-20 06:21:17','Through not various. Subject center find nothing office. Recognize hour cause full direction.',1),
(28359,74792,'2023-12-10 10:02:41','Law wall concern song it. Recent according role either some product cold.',0),
(28360,84889,'2023-04-17 10:24:33','Dream seek administration mother table move long. Rest expert perform we. Prevent if somebody administration special receive.',0),
(28386,5491,'2020-07-12 22:52:42','So article throw only why free. Indeed election civil sit understand friend go.',4),
(28445,86980,'2022-03-31 06:36:56','System top others along subject yes. So use organization everyone north spring. Business world act beyond draw. Court good share left improve also.',4),
(28547,70869,'2023-03-20 12:21:27','Need throughout body light behavior.',5),
(28548,69590,'2022-03-30 13:47:08','Job out knowledge war upon civil. Maintain sure name discover century term often yourself. Box size able now.',1),
(28615,40936,'2021-10-13 02:22:29','Fear black hope expect say somebody.',1),
(28795,57060,'2022-09-16 02:58:55','How grow front Republican. Success or number listen. Second then generation feel however.',2),
(28854,7210,'2021-02-28 20:03:33','Player rather surface. Knowledge at three speak computer field her. Minute research serve artist the wonder decade material.',5),
(29008,61805,'2022-06-02 10:33:43','Group discussion return need small ball. Such just probably fish.',3),
(29012,84119,'2020-01-04 12:44:38','Research go force. Town tough really lose create how risk. Wait important wonder issue.',3),
(29216,96367,'2020-07-14 19:16:21','Maintain tax study. Bill visit skill bill art high maintain. Shoulder vote consumer half perhaps tend.',3),
(29229,32752,'2021-03-02 03:59:03','Around part defense miss appear. Suggest second us front. Study although get evidence Mr white.',0),
(29311,5667,'2022-08-28 11:44:23','Including appear Democrat various large best local. Home push bar price.',1),
(29403,73332,'2020-09-02 23:02:30','Thousand performance year think then help citizen. Drop life difference national paper.',4),
(29604,39605,'2020-02-23 06:12:36','Space car save low tax others. Better ask entire let light year. Trial gas ever. Employee certainly fine benefit entire garden.',5),
(29606,86380,'2020-07-21 10:46:46','Establish yourself wait policy break board field. Contain research so herself of into treat. Evidence offer down agreement.',1),
(29873,13898,'2021-05-11 13:44:02','Magazine very range which store month threat. Music daughter course somebody old. Shake food player way.',3),
(29996,65592,'2021-01-24 07:56:19','Bed office can or break three. Republican expert Congress reason. Owner whatever improve wife agency lawyer.',5),
(30205,23036,'2021-01-13 23:42:26','Bit politics piece trial themselves able. Marriage tonight tend citizen night sit. Community whatever increase lay political.',3),
(30452,94101,'2022-05-18 06:45:14','Free miss technology house laugh personal. Accept cut why detail certain eye skill.',4),
(31009,79328,'2022-10-25 10:56:40','Treat degree trouble step. Fall friend mother month present.',1),
(31266,68515,'2022-08-09 09:45:28','Mention point production rule very name today. Decision offer more within Mrs degree.',0),
(31272,7588,'2024-01-10 11:26:05','Fish set my knowledge bring. Address player it beautiful yeah strong.',2),
(31315,28694,'2022-07-06 21:31:44','Whose hot foot piece represent inside firm. Inside budget Mr history door under tree tough. Seem amount most since reach base law ask. The possible tend miss different.',5),
(31371,30700,'2022-08-14 11:57:19','Himself although president officer.',1),
(31495,25206,'2023-06-24 08:17:34','Relationship purpose she body. Degree station key whose. Soon truth ability. Second collection leader growth.',2),
(31567,92014,'2022-03-03 12:39:24','Now bag across leave. Notice fall evidence toward blood Mr recent draw. Little low base far from national memory.',4),
(31802,20318,'2022-10-02 03:43:48','Give thing player.',3),
(31877,8367,'2021-01-21 05:23:29','Partner any his.',3),
(32530,18485,'2020-03-22 05:38:55','Hot score cover. Care parent service impact table loss. Whether learn class sign.',2),
(32555,58920,'2021-09-13 07:40:41','Thank boy for strategy our. Quality west material culture expect it.',5),
(32567,69711,'2023-03-12 07:57:03','Particular appear country art. Poor experience tell guess quickly movie teacher. Person price all himself knowledge approach recent.',5),
(32723,10460,'2021-05-22 12:51:57','Mind war trade build strong enough building. Collection later early both executive all. Collection pretty might might economic raise. Few everyone clearly husband return street back.',2),
(32857,54161,'2023-12-18 05:24:08','Exactly debate view quality. Social measure finally kitchen.',4),
(33071,17192,'2021-09-29 05:11:07','Will wear explain discover role move. Resource travel direction piece give. West light sound stay same mission.',4),
(33204,84334,'2021-03-29 07:13:15','Value good thing travel smile.',3),
(33236,18966,'2023-10-17 23:37:03','Adult break affect discuss television team look. Here college consumer behind financial. Pass model teach authority. Citizen thing cost.',0),
(33277,46483,'2023-03-25 18:02:56','Particular lay population artist market. Cold about arrive. Mean industry ok general resource.',5),
(33494,56837,'2022-10-22 14:03:15','Agreement offer worry race. Address against strategy gas beat.',2),
(33539,61824,'2022-01-19 14:34:50','Often tree account affect necessary model age argue. On order wish vote ten house. Actually road peace thus.',3),
(33627,46014,'2023-05-14 13:45:42','List father spend car bag. Up least sing crime.',4),
(33702,78995,'2020-10-30 20:14:05','Adult open true each sign push east. Central write as fly age. Cell me picture mention dark. Social seek worker read thousand land.',0),
(33796,17369,'2022-08-03 01:11:52','Trial approach fact language. Accept own character worker. Other particular back trip billion group degree.',5),
(33838,98204,'2021-12-12 19:49:29','Picture quality better may important some.',5),
(33874,71796,'2021-03-28 02:11:05','Half Congress science across heart must. Call wear get type build skill yet. Serve quite water prevent break program. Pull country growth soldier much movement will.',4),
(34002,1438,'2021-06-02 05:59:02','Huge total tax government. Within carry own happy why early. Give next parent our four. Find final election explain light.',4),
(34054,41187,'2022-08-19 17:55:48','Build tax require wish black girl politics. Heart still particular small piece take west.',4),
(34145,68395,'2022-04-25 10:43:10','North teacher nice that. Themselves catch result whole fire. Sort professor its. Many window amount thus save.',2),
(34469,55981,'2021-08-13 19:25:13','Oil break throw shoulder door rise. Unit director religious buy whole list rich. Dark beautiful act area add suffer maybe.',5),
(34479,31478,'2022-09-22 02:39:13','Politics serious soon. Might clear board think certain support physical relationship.',3),
(34837,56932,'2020-10-23 06:12:42','Attorney cultural research speech education. Space former threat approach identify. Begin bed door. Along it born difference under raise operation must.',3),
(34859,23596,'2022-02-27 01:01:30','Difference forget far suffer show field. Of west key can let seem.',3),
(35203,63708,'2021-05-06 14:23:44','World grow interesting answer positive peace. Throw image stage number late mother. Else sport social. Age southern teach about role teach very section.',1),
(35223,43526,'2021-03-06 14:17:25','Suggest southern relate although job page. Sister director fight surface ball join. Seven property determine election option really.',4),
(35555,40936,'2020-02-08 01:45:17','State shake too still trade tough. Quite heavy environment fear. On such particular during tough.',5),
(35563,51026,'2020-12-18 19:27:31','Yet can run account front scene kid role. Soon moment any prepare.',1),
(35799,27010,'2020-10-17 05:24:32','Because opportunity central upon make information face item. Amount machine study everyone.',2),
(35827,62070,'2022-04-29 23:42:53','Government piece everything vote. Late lawyer money each. Interview real possible skin.',4),
(35848,48348,'2023-06-05 21:08:27','Bill able positive throw worker sport. Court suffer station owner friend.',5),
(36093,73450,'2021-10-19 10:42:51','Begin floor such majority state second. Four receive edge. Camera generation mission red myself.',2),
(36337,65058,'2020-09-15 01:07:29','Imagine real one star tonight.',1),
(36466,16582,'2022-11-21 14:48:00','Crime at long money. Order article at agent economic argue later pick.',2),
(36942,84822,'2021-11-08 16:14:51','Talk build which. Exist yourself care participant land.',1),
(37473,80662,'2022-05-31 11:33:10','Mr apply big allow country. Pm idea cultural wall.',3),
(37510,68453,'2022-05-04 17:13:44','Best little official sure cold difference. Until wall turn five. Much behind according method large field produce large.',1),
(37526,72873,'2022-11-05 16:28:36','Back shoulder memory view. Clear available owner. Score interesting significant environment.',3),
(37676,71408,'2021-07-12 18:57:47','Really even far car. Bit newspaper structure hair news.',3),
(37992,33918,'2022-12-21 04:36:59','Since control himself over show mean chair. Its its similar check personal action. Watch resource manage exactly.',2),
(38091,26600,'2020-02-12 21:49:28','Ball kid measure single door relate. Boy less performance most.',3),
(38132,39881,'2023-06-06 06:43:17','Almost leave window stay ten we your election. Establish current dream get. Report finish road product.',4),
(38141,33270,'2020-09-23 03:06:34','Year offer letter design partner likely dark. Between itself general physical. Sell player gun explain ask easy financial.',3),
(38221,59850,'2021-09-14 01:53:27','Myself station end Mr. Do attorney rest modern action by. Baby simply meet.',1),
(38280,30632,'2021-01-31 13:30:35','What question else young statement. Outside light Congress from.',4),
(38339,77939,'2022-08-06 15:52:28','Stay like operation know customer about not. Agency kid establish indeed remain major sport production.',5),
(38394,23352,'2020-10-03 03:10:11','Live between hope around. Effect hit action allow.',0),
(38416,95811,'2022-01-16 11:27:26','During without any within age Democrat quickly. Less maybe enter.',0),
(38420,39276,'2023-04-16 11:32:34','Anything work threat hour.',5),
(38450,72851,'2023-11-10 12:58:25','Finally trial usually method cut. Quality question treat tonight. Last throughout whatever believe other environment place.',0),
(38471,22314,'2022-06-25 20:35:45','Response role week color soon everything. Type face grow positive.',2),
(38609,65433,'2021-05-01 06:46:11','Final fast step military. Across despite animal daughter less budget.',0),
(38631,87429,'2022-11-15 14:09:09','Type sell heart real.',1),
(38638,85268,'2022-07-11 21:05:00','Low possible debate team prevent. White discussion foot dog dog what significant.',4),
(38965,16543,'2021-06-02 14:26:05','Around rate soon improve. Happen people subject leave ability type.',0),
(39015,31794,'2023-09-15 10:05:26','Which good really include cost me several. Central individual be value. Wrong care base red enter.',1),
(39126,53854,'2022-06-22 03:39:35','Claim hair class. Total too just new wonder member not. Increase road address my opportunity realize.',0),
(39284,50499,'2021-11-25 12:35:27','Teacher next avoid there nearly kind. Scientist top tend clear physical guess. Stand black everyone various along. Feel seem four blue call seek.',3),
(39358,38261,'2020-06-03 05:46:46','Real growth speak pass benefit use per. Son news walk begin dog mission. Medical more others help five view.',2),
(39379,77479,'2022-02-03 02:13:31','Sense thus break better. Across well girl make.',3),
(39575,33437,'2023-05-09 15:27:15','Treat hope word one strong artist nation hotel.',5),
(39728,26255,'2022-03-18 02:04:56','Yourself later I really letter. May truth middle where. Section summer national attorney.',1),
(39967,33270,'2020-09-26 09:46:16','Around fire manager environmental plant couple building lead. Smile police story every perhaps today poor. Leg industry most available.',1),
(40064,4402,'2022-07-25 00:11:04','Above kind deep head candidate both about. Human attention voice theory. Market easy fear sign stay policy team mean.',4),
(40071,57118,'2022-07-10 20:32:01','Research account late upon.',4),
(40213,1235,'2023-03-25 04:04:41','National heavy smile. Community sure stock then past high process.',5),
(40272,37758,'2020-05-17 21:52:13','Customer yard throughout reflect speak office evening. Early point item whether environmental class. Human center worry pay mother party. Personal home look trip week off Mr probably.',3),
(40488,33300,'2023-08-15 04:47:49','Friend yet scientist forget. Range themselves successful nice. Half week rate program no.',1),
(40499,74395,'2020-04-05 13:49:54','Seat occur town food skin shake contain wind. Son increase born Mrs. They entire instead less strategy Republican mission.',0),
(40564,48616,'2021-09-11 02:08:15','Pressure improve several watch administration. Require decade control player.',1),
(40625,61300,'2023-07-15 19:23:15','Offer help opportunity news.',4),
(40635,66316,'2022-07-23 06:30:15','Fight few pressure keep. Week use church according Republican I public. Southern no sure top common.',1),
(40712,58803,'2023-08-17 06:35:05','Bit coach lose draw any form laugh. Week almost drug green. Success partner light other no official region.',3),
(40792,16296,'2023-09-10 15:15:00','Evidence mean do think management on age. Media including involve speech it involve door friend. Security central what short himself drop writer.',0),
(40880,76151,'2021-10-06 23:18:40','Tell final into risk note sea. Probably so few administration avoid top player.',3),
(41164,89556,'2023-10-16 23:37:02','Usually most although. Purpose report any entire drug positive PM.',1),
(41173,42854,'2023-01-06 07:24:24','Set news hit front summer money. Example Mr should senior American speech support.',3),
(41216,52504,'2023-12-27 04:06:38','Cup idea discover ability site customer expect involve. Maintain order several nearly majority.',4),
(41495,27528,'2020-11-29 21:28:05','Great material agree section stock answer true. Special trade data study. Situation enjoy Congress number seat rule. Draw own billion cell degree truth bank.',3),
(41823,22140,'2020-10-12 06:53:47','Western realize music son writer. Must their year. Perhaps authority common against.',3),
(41845,97781,'2023-09-26 02:09:11','Claim remember decide against. Hear example wear table less common three.',3),
(41911,96105,'2021-05-30 11:55:09','Rock positive news seek fact. Student show he discuss paper. Ask remain clear piece surface method. Candidate black chair.',4),
(42083,13765,'2021-05-27 01:00:32','Mrs picture politics.',5),
(42320,81633,'2022-11-27 00:50:11','Why government account main ground test enough cause. Lose response two religious professor night recognize skin. Pretty drop fish feel.',0),
(42512,32537,'2021-09-05 06:31:44','Investment officer important decide other. Baby ok trip young physical. Continue onto himself anything.',2),
(42609,21682,'2020-04-21 01:07:52','Memory growth various matter. Later available evening improve want. Matter child away include. South reveal situation federal TV.',1),
(42720,78995,'2023-06-11 01:19:17','Sure plan reduce management. Land talk tax hand follow whose.',4),
(42758,55780,'2020-11-29 19:06:01','Accept south goal class someone central safe. Morning painting turn.',0),
(43095,23362,'2020-10-12 04:16:10','Hand front pressure rock space other approach. Group past easy form loss everybody memory.',4),
(43132,52300,'2022-06-17 06:48:07','Source feeling point among onto practice yard. Still difficult difficult move standard. Each artist strong administration.',5),
(43183,83514,'2020-04-21 15:35:56','Natural strategy up Republican now land. Stand glass money table tree purpose should.',2),
(43297,7109,'2022-10-27 02:21:30','Political admit natural image sound campaign successful. Around policy manager risk office top and show. Daughter benefit democratic military mother pull.',3),
(43321,59877,'2022-08-15 14:52:12','Color international attorney sea house carry. Both young eye seat owner production magazine. Accept national hold education similar PM. Partner support bad return page.',0),
(43448,13988,'2020-10-03 03:50:08','Model could defense determine very. Degree memory actually enter full.',3),
(43542,24087,'2023-05-13 17:56:52','Cut western size affect. Court hand fire field himself rate rest.',1),
(43556,73450,'2022-10-18 10:04:06','Remember south note. Quite rock media opportunity need.',3),
(43586,65127,'2020-03-31 02:09:54','Decade factor everyone occur seem herself say. Make way reason recent form size himself. Indicate cut natural under.',0),
(43609,78443,'2021-01-25 12:07:52','Into skin story low audience response. Police than about home record name past. Security same their class lot.',4),
(43705,49288,'2021-07-30 03:26:52','Know concern but run possible. Long actually gun beyond I great discover.',0),
(43731,72057,'2022-04-08 12:35:33','Middle listen in power property month include arm. Wait history appear but chance huge. Quality military before their choose whom tend.',2),
(43748,81023,'2022-08-12 17:04:06','Computer beat strategy recognize among tree receive. State car house would attention marriage guy. Adult clear shoulder traditional series.',5),
(43756,42967,'2021-02-04 01:25:55','Democrat practice side yes. Mrs drop environmental myself although room now must.',1),
(43847,97781,'2020-12-08 08:06:59','Throw special region evidence often way represent. North performance successful first. Surface some old focus bit say scene.',2),
(43857,41489,'2022-12-25 06:05:44','Knowledge light behavior. Get give development company over law.',0),
(43977,57812,'2022-12-14 01:53:01','Building stuff thank Mrs despite. Successful suggest friend health ok image clearly.',5),
(44152,75719,'2023-03-10 01:21:09','Such training Democrat black window eye particular. Much first life bring class bill decision. Century thousand decision support.',5),
(44768,39596,'2022-11-29 01:53:17','Model get center feel seem. Teacher learn life. Lead personal simply line.',0),
(44881,77917,'2023-10-24 08:25:32','Down main plan two far. Mention raise environment their certainly offer recognize.',0),
(44936,69590,'2023-08-16 06:52:54','Section certain view campaign everyone everyone compare. Necessary two decision others.',3),
(45114,46483,'2023-10-12 16:33:41','Second matter southern off hotel fill. Nor anyone bar machine east throughout. Improve accept than staff four while.',1),
(45301,26639,'2022-07-12 02:52:51','Station again page record be major. People lot meet into everybody hundred. Always tree weight woman Mrs behind bag.',4),
(45379,69350,'2021-03-04 21:30:19','Religious everyone inside front positive customer improve. Next without speak star bag.',2),
(45549,42399,'2023-07-24 12:05:09','Side note indicate arrive. Car crime truth series.',1),
(45803,26600,'2020-06-15 11:48:13','Protect society everybody. Current commercial foreign expert behind. Stage able population participant class tree.',4),
(45832,96367,'2023-02-02 06:51:38','Arm continue perform bed. Say travel reason cold human with position.',4),
(45936,45526,'2021-12-24 12:36:30','Line do claim century answer look bit. Myself performance enough loss.',5),
(45941,95605,'2021-12-04 18:07:19','Thus my site. Threat in after yourself arrive hundred join. Six story environment head well friend my clear.',3),
(46224,42918,'2023-11-15 19:15:34','Whole white past successful.',5),
(46237,26139,'2023-06-27 06:36:37','Treatment financial ever on center themselves today. Season understand behavior discuss answer rate maintain.',1),
(46253,8453,'2022-03-01 17:19:18','Two tough within bring bring cost. Growth decide across necessary property glass would.',0),
(46337,99158,'2022-10-24 21:17:42','Animal matter also agree. Rock sea suffer sister home.',5),
(46558,32037,'2022-09-01 18:12:48','Buy industry what practice outside. True fish believe tell onto general. View east rate authority public.',2),
(46715,66233,'2020-09-15 23:54:27','Effect ball poor laugh sure ready art. Action require democratic apply. Coach training sign prove.',1),
(47027,58260,'2024-01-15 10:31:12','Help course fear. Quickly like huge become street far.',3),
(47083,1373,'2024-01-05 11:17:03','Fill continue smile. Prove late ago if moment.',0),
(47093,48952,'2020-05-08 21:45:30','Coach follow low call can learn. Only must small age fish remain account. Situation wish career operation reduce above trade.',2),
(47111,6505,'2022-04-16 22:12:45','At our staff focus range recent will.',2),
(47170,77441,'2024-01-29 09:09:14','Quality generation institution big environmental real trouble event. Know claim house always above set hit. Note deal draw born speak author.',3),
(47309,10841,'2022-10-18 01:21:03','However call leave. Floor stay board site.',3),
(47394,24326,'2023-10-29 02:04:19','Current onto clear up rise. Side they entire nation.',3),
(47429,44369,'2021-01-08 01:38:01','Serious test power short thousand with great seem. Meeting plant year push life role rest. Should since item court month message.',1),
(47440,54493,'2022-05-09 03:03:09','Name similar several coach reflect success call. Season item hard vote development. Natural air until save.',0),
(47500,66979,'2022-08-22 05:39:40','Necessary one anything threat thousand here sign. Indeed no occur during degree take after.',0),
(47603,59711,'2024-02-03 01:11:15','Fill apply compare small their could manager. Anything dark purpose guess though miss. Grow leader black.',0),
(47667,32613,'2022-08-25 00:24:30','What first control kitchen land task under.',5),
(47805,68685,'2020-01-17 10:59:04','Now even compare central.',5),
(48030,89140,'2022-04-29 22:02:30','Chair player whose charge. Thank watch a special.',5),
(48263,17881,'2022-11-15 14:54:05','Quality rock issue language. Away very century white explain news exactly price.',5),
(48498,77479,'2023-03-18 09:11:28','Look letter attention ground cost beyond piece. Foot exactly where school ground level minute. Eye lose turn produce within. Month probably them push.',1),
(48555,54161,'2024-01-07 16:39:59','Investment explain as civil response without early both.',3),
(48611,75956,'2022-05-05 09:03:49','Behavior court available commercial message agency level degree. Community single three help minute budget. Alone work stand deal break.',1),
(48675,10228,'2022-06-14 21:02:13','Instead model accept newspaper risk hear knowledge.',1),
(48737,89136,'2021-03-12 10:17:39','Hotel whose process accept. Determine official sell. Own around hot any.',1),
(48762,45865,'2021-09-19 14:27:49','Especially look project. Fine environment after bag.',1),
(48818,18295,'2021-04-08 02:53:58','Itself side say development billion wind. Four customer season event you office everything all.',3),
(49073,81023,'2020-08-21 10:58:47','These approach control he some Mr. Garden risk method list.',4),
(49117,20649,'2020-06-01 21:03:01','True somebody care somebody how per. Turn whole seek join soon reveal. Reveal cultural avoid appear hair another story.',3),
(49357,93219,'2022-07-25 23:34:59','Those detail social box free. Chair customer decide tonight foot.',2),
(49426,56837,'2023-04-26 01:44:37','Relate place set receive real much force capital.',4),
(49580,76151,'2023-08-02 20:30:30','Run perhaps direction audience next leg develop.',1),
(49621,84915,'2023-02-16 10:24:03','Specific case boy task give it education employee. Sound information decide require small training. Now past that up moment.',4),
(49780,74674,'2022-09-16 16:36:57','Network throughout attorney because kid city. Police anyone change prevent. Indicate last cause camera continue leader. Go bank five practice language grow.',5),
(49879,20172,'2022-08-28 04:32:03','Scientist space child fine feel. Send and trial back want quality.',4),
(49920,57988,'2023-12-01 12:30:13','Company conference first analysis race sell inside check. Station law moment space action half bad.',3),
(49948,33918,'2021-12-01 21:54:59','Performance mean increase simply. Style born value.',3),
(50015,84762,'2023-04-20 21:05:48','Politics much situation sometimes form see. Civil one research. International significant about.',1),
(50045,20649,'2020-07-18 23:35:10','Eat message stage item center true approach accept. Month successful open as several rock.',2),
(50272,6893,'2022-12-09 11:29:17','Cause who quality. Coach whatever next phone dog.',0),
(50359,59980,'2020-06-03 05:08:41','Director team natural statement whom. Close yes not national poor least.',0),
(50532,58143,'2022-09-30 23:19:24','Fact personal how suggest number person. Kid first list box. Many present subject agency consider they.',1),
(50579,79328,'2020-09-03 03:58:11','Notice ahead under one customer test. Hope science official feel reduce girl official. Carry pull important information high positive join actually.',0),
(50710,59712,'2021-08-21 02:45:57','Toward operation situation blue. Bill into wear.',1),
(51147,20318,'2020-11-12 13:10:46','Him find draw door middle former only. Congress guy statement head feel officer around. Improve describe color federal spring fill admit morning.',4),
(51235,71408,'2020-01-31 05:31:40','Young president our human run. Red middle often their artist it.',2),
(51448,74368,'2020-04-29 06:10:33','Machine war lay where whole. Bar activity score. Health require unit hard.',4),
(51496,64553,'2021-03-08 00:52:49','None college career son reality impact very. Same point fine.',3),
(51501,58390,'2021-10-13 14:58:24','Young Mrs different put behavior toward Congress. Add picture myself.',1),
(51541,58260,'2022-06-06 19:47:22','Child political recently charge. Father soon win. The tell avoid whether.',4),
(51661,1235,'2021-11-03 03:36:20','Cost image use improve best remain. Late my type Democrat thousand toward may expert.',1),
(52148,5978,'2022-11-09 18:16:28','Since us strategy reduce guess land fire. Write return add care seat provide. Thought fund recently yet.',2),
(52164,21959,'2023-09-20 19:07:43','Against room fine up boy television. Final perform cold he movement stay.',0),
(52505,28082,'2023-12-12 07:18:38','Those race knowledge public question will suffer third.',5),
(52506,24719,'2023-04-30 18:22:55','Method customer then lay. Law benefit professional surface ball. Situation spring feel rise either let thought daughter.',1),
(52514,5383,'2022-12-09 22:29:06','Wrong media free reduce approach ten listen. Republican paper lead nice.',3),
(52532,38148,'2020-12-18 00:44:59','Anything source across method but treat language. Success subject major. About quite short forward represent their.',4),
(52534,32537,'2020-04-03 12:05:12','Hotel wonder success pattern investment. Tree suggest however.',2),
(53115,94161,'2023-07-18 09:48:15','Pull civil audience agree happen PM part personal. Help high ever memory.',0),
(53126,67179,'2020-04-06 08:21:12','International five sea remain. Per according avoid about politics task.',0),
(53253,43416,'2023-08-30 05:44:48','Cause threat test site within because option stand. Key especially sit according hand throw. Difference write both wind science much set. Social ahead quite owner physical.',0),
(53566,57798,'2020-02-17 06:17:04','Finish method thing security student. Well body over magazine. Industry ever job performance finally.',0),
(53623,43526,'2020-09-22 04:58:56','Would event receive short style find. Number family always like reality attack science.',1),
(53671,51344,'2021-09-06 09:54:20','Soon seek they. Store good walk. Church generation team Mr.',3),
(53722,65588,'2021-11-16 06:57:27','Fill finally relate become. Seven seat operation result. Hear worker black meeting economy.',1),
(54135,76151,'2020-04-12 23:01:51','Explain property event your in price. Day could run.',1),
(54197,44612,'2022-12-05 04:30:00','Another pass relationship name blue least.',1),
(54669,44972,'2022-08-28 02:28:07','Hour glass already community system. Protect institution physical paper us focus value. Manage people statement product wide home list.',2),
(54886,37890,'2020-02-18 17:15:10','Sometimes heart early build inside enter. Represent seem teach whether. Race difference list cup.',1),
(54956,99680,'2021-04-08 11:55:21','Production drop back ability five account accept. Memory for probably board rather ever institution food.',4),
(55068,54209,'2023-10-15 09:56:50','Test choose whom serve drop. Product movie law soon. Every suggest program book rest local. Conference soldier avoid watch.',5),
(55114,89643,'2021-02-28 12:52:38','Protect when ever amount image oil air. Sport bit nature politics for.',5),
(55253,35172,'2023-07-13 03:25:08','Generation build parent project sort truth. Police sister able line.',4),
(55319,45050,'2023-12-30 06:11:48','Him strong find management I. Case should manager finish.',2),
(55522,21959,'2020-11-25 20:46:52','Human decide top Democrat. Challenge feeling debate south person economy. There society once writer eye price.',0),
(55599,27660,'2020-01-29 09:31:00','Simple husband too magazine fire. Around air interview song.',2),
(55673,7210,'2020-08-19 18:37:00','Political letter TV push. Somebody also eight evidence. Figure particularly wonder several view entire song read.',2),
(55743,40324,'2023-05-03 00:55:43','Look century there practice magazine girl perform.',5),
(55764,46760,'2020-08-31 15:45:41','Yet TV candidate blood recent stage situation young.',0),
(55913,83686,'2022-01-29 17:29:56','Still staff positive sing step fund. Face why third under response fact. Experience crime hundred defense by machine happen without.',4),
(56002,86980,'2020-08-09 23:01:46','Likely concern prevent people no fire bank. Behind teacher society. Watch one address response PM join meet.',1),
(56155,8191,'2020-02-23 21:14:52','The performance trip travel score case ability. Fire fine cell determine wind form foot.',3),
(56300,1805,'2022-08-05 01:14:36','Agree goal ten on benefit message school among. Tough owner west become market born.',1),
(56429,13878,'2022-01-06 12:21:24','Civil listen thousand anyone some open say line. Should important goal try.',0),
(56430,65071,'2023-05-31 09:11:20','Design far particular it single send something.',0),
(56504,8878,'2021-01-21 05:49:39','See security lawyer activity position do at. Unit feel along although hand.',5),
(56553,12754,'2021-01-30 10:14:14','Ball information your forget she particular concern. Evidence image between media. Skill executive fund ability by probably expect sit.',1),
(56558,67922,'2020-08-08 15:49:52','He whether meet near. Early investment network indeed dinner surface. Shoulder sign significant whole.',4),
(56778,42399,'2022-03-17 20:10:46','Benefit store mean. Beautiful allow build.',3),
(57001,78443,'2023-01-03 05:34:49','Back manage gun five senior. Yourself whose interesting again eight minute specific. Baby leave cell away close large.',1),
(57130,25720,'2020-05-01 01:35:04','Administration sort start themselves ground section indicate. With take media interesting if industry. Modern turn quality item you instead.',3),
(57173,49502,'2023-09-09 18:37:07','Event street ahead southern. Method father call job nice.',0),
(57240,75127,'2022-07-12 07:41:33','Produce behind dark own. Approach result crime capital car.',0),
(57434,58505,'2020-01-28 09:25:56','Them step successful. Take similar identify vote bad exactly good.',2),
(57437,50702,'2023-06-25 02:19:51','Whose station concern. Draw treat thus partner build. Along ability technology garden long find.',2),
(57728,4096,'2022-09-14 13:23:05','Early director energy yeah raise more during. Do feeling record group allow trade sense.',2),
(57847,52300,'2023-07-18 01:06:41','Anyone international seek avoid write. Stop gun simply form modern medical. Study build choose spend opportunity continue pretty appear. Foot watch same couple eye most.',2),
(57879,27660,'2021-07-28 09:18:46','Value PM air democratic increase. History see center early avoid door pattern may.',4),
(57940,13765,'2022-02-26 12:07:20','Apply director speech represent kid later all. Process season together very focus his east class.',4),
(58001,77179,'2023-02-06 01:49:30','Include one right. Century traditional choose miss. Billion prove yard than trouble enjoy each.',5),
(58116,97840,'2021-10-10 01:58:25','Skill ahead ago ask all. Color arm important so cell help.',1),
(58198,26794,'2022-01-02 08:43:04','South organization carry both continue. Tree hospital school majority find middle.',2),
(58455,2494,'2020-12-05 02:57:11','Debate next base call lay attorney. Though bit simple kid.',1),
(58542,99745,'2020-01-20 00:06:28','Life hundred him structure turn nor beautiful. Turn consider decision claim front even. Control style within hospital alone mention board.',0),
(58842,39500,'2023-03-19 23:08:28','Catch big thus. Several draw laugh sell special walk.',2),
(59331,74395,'2021-02-16 07:32:41','Run believe traditional law. Reveal fish from per foot.',5),
(59350,28561,'2022-06-16 21:42:41','Drop federal something on why save. Protect production family style why message south raise. Scene manage music rock make color door important.',3),
(59466,45102,'2022-08-03 18:06:26','Time start front science focus wish charge.',3),
(59594,31478,'2023-04-22 00:52:57','Analysis recently nor fight performance modern. Share computer eat number successful energy thank product. Money camera still report bring reduce whom.',1),
(59602,42967,'2021-09-02 20:42:33','Happen return whatever ok we key. Company turn trip us why. Hold face event those group then beyond.',5),
(59616,35088,'2020-02-01 01:54:07','Difference group away quite. Writer huge visit light three cultural resource science.',4),
(60220,85706,'2022-09-19 13:11:46','List three become director amount late. Drug series trouble material. Firm believe finally relate decade that nearly.',3),
(60367,54114,'2023-02-07 21:29:23','Together treat world doctor. Onto there wait happen law more. Nice challenge all mind. Yeah activity feel member lose up.',5),
(60480,63708,'2022-10-21 16:22:24','Turn ago then door worker now leader. Item name cell bag we bed.',0),
(60750,67552,'2022-08-12 18:15:49','About ok ago financial democratic usually conference so. Executive clear seek human evening stock. Individual we structure indeed significant.',4),
(61015,23476,'2022-07-22 14:15:44','Also owner car prevent window product. Pass scene point among leader join surface.',5),
(61981,70869,'2022-08-16 00:38:48','Go strategy claim parent bad issue cause Mr. Trial Mrs floor send west owner just. Your successful center approach here series approach. Without skin more by despite issue through.',5),
(61992,54270,'2020-03-28 21:00:37','Two those medical save perform. Expert stage dog.',5),
(62255,21682,'2023-05-25 17:07:01','Contain me guy appear avoid how production. Program establish hold protect maybe. Hour project instead recognize.',2),
(62470,16413,'2021-11-08 14:51:18','Water dark fill environment culture else. Project we cell allow station when very.',5),
(62522,44369,'2022-02-24 21:43:13','Modern fast voice sell method score former. Perform most himself. Establish everything walk experience him Democrat reason page.',0),
(62575,13988,'2022-12-31 04:35:38','Pass factor involve treatment its four by. Skin vote moment morning soldier everything visit. Total leader once take avoid station bit.',5),
(62789,98221,'2020-10-23 21:17:16','After positive leg. Clear management talk there whose doctor part cover. Goal Mrs rule site question onto work.',5),
(62865,89592,'2021-08-23 17:49:53','Attention next sometimes dream however phone civil. Standard too source generation such home force.',4),
(62929,18966,'2023-01-15 06:52:14','Stock action second trouble system buy. Hand inside as type population trouble magazine money. Voice quickly leave speak red compare. Analysis head them place leave real.',4),
(63000,34816,'2021-01-19 02:01:38','World message only standard care. Computer but again lead if development. Politics space write north box partner many.',1),
(63056,65671,'2020-08-01 23:09:23','Wall eat career democratic. Anyone moment push plan. Forget create officer able weight heart else.',4),
(63120,51430,'2022-06-30 20:15:14','Quality light administration responsibility list. Concern administration customer pressure star however car ask. Easy but reveal loss modern network. Financial world simply parent trade food.',3),
(63132,43457,'2021-02-15 13:40:40','Trouble language money foot capital lawyer. Instead spring law general speak cause.',5),
(63133,1805,'2022-07-14 16:32:28','Until thing one other determine a. Forward girl carry particular kind leave music.',5),
(63141,82441,'2020-11-22 13:31:51','Try total avoid chance ask. Really idea check fish south when forward where. Drive financial police professional. Author happy factor reflect capital.',3),
(63164,92014,'2023-11-04 08:45:56','Than could compare owner happen reason apply. Others help bill through information glass left answer.',0),
(63180,13764,'2022-06-03 11:46:18','Themselves special series however morning open. Coach cover learn color second certain upon. Mrs record sign few ok gas exactly fall. Wear our newspaper economic scene.',1),
(63193,35523,'2022-11-28 01:29:55','Somebody rich long put. Should security difference foot finish road window song. Wall include bring response trip.',5),
(63195,72057,'2020-11-29 12:56:41','Base bank attention window. Network turn mother write music camera. Community practice day produce when.',1),
(63334,73332,'2021-05-17 03:41:34','How million international seek. Never decide bag customer call peace. Community their result structure unit outside.',1),
(63337,38381,'2021-04-27 17:23:07','Poor letter coach probably point forward. Actually take way hold.',1),
(63541,66316,'2022-01-12 01:13:11','Together billion future produce modern myself. Morning Congress way meeting try. Evening kind space indicate serious perform last.',0),
(64335,65443,'2020-01-16 15:17:18','Job yeah former lead environment. Send into radio write although old thank.',3),
(64344,10738,'2020-01-13 15:56:27','They maybe first direction that. Similar eat shake stay. Stock boy administration ever.',0),
(64516,79954,'2021-05-18 20:36:30','Dark happy suggest mention. Age over amount. Full coach decade easy operation seek move. Change space different new likely.',4),
(64715,8367,'2021-11-25 03:45:42','Worker year suffer reality. Pick help tend sound campaign. Stay war ball church. Example minute get thousand record.',3),
(64778,84915,'2022-03-19 16:49:20','Explain director program. Relate sit here yet mouth blue.',5),
(65105,38741,'2023-12-06 07:24:58','Rule own father beat wait local. Others factor sort.',4),
(65241,60254,'2021-02-05 21:04:45','Another scene doctor general more hot. Try soldier again feel.',4),
(65315,75698,'2024-01-31 10:07:17','Thank break street task car. No political into require listen big score. Quality history lot commercial far born high.',5),
(65475,58803,'2022-05-28 06:56:12','Wonder able have baby watch.',1),
(65666,66794,'2022-03-08 14:57:17','Main near clearly trial explain make miss loss. Role money hospital.',2),
(65704,44369,'2022-06-12 19:01:01','Reduce worry charge mention customer. Perform kind effect director tax.',4),
(65871,96678,'2023-04-09 03:10:48','Character policy above. Son how hold out probably. Very certain because machine.',5),
(66328,5814,'2024-01-18 12:31:22','Bag down or minute figure. Day fear hold show. Wrong position cultural.',1),
(66335,43562,'2020-08-25 10:52:06','Spend too relate. Power pay happy expect goal story among. Model role data when let win.',2),
(66393,24326,'2022-03-10 19:54:15','Interview friend build college then. Color various fight assume nothing.',3),
(66495,65433,'2023-09-19 12:11:48','Year figure control stage. Between anything style. Across present movement ground.',3),
(66651,68395,'2023-03-05 23:22:20','Prepare technology laugh past main among. Position develop institution time pull Mrs nature. Religious total participant kid off couple fight. Ready worry campaign guy per security you.',5),
(66689,30818,'2022-04-25 12:40:00','Expert economy else customer little risk mention bit. Time success statement employee writer. Lay thousand agent hit at.',3),
(66873,35088,'2022-03-23 15:14:17','Animal develop produce strong establish fine treat. Attack interesting worry them allow national spend. High usually should ask bed behavior place.',1),
(66910,76048,'2020-01-17 15:19:23','Leave hundred anything. Sell program little material within human tough order.',5),
(67178,13818,'2020-07-04 13:15:55','Test term possible wide similar myself friend. Tell before campaign eight tax situation.',4),
(67247,1235,'2022-06-15 20:49:16','Economic learn quite various forward share off. Teacher soon wife measure policy executive. Kind by audience technology. Senior fine learn remember next military.',0),
(67428,47483,'2023-03-08 00:28:59','Four size performance throughout. Answer strong young song garden.',2),
(67474,17881,'2022-01-21 18:58:08','State least write into story. Write job development party pressure miss quite.',0),
(67914,23352,'2021-09-28 15:46:29','Front just these staff. Campaign interview let check few house.',0),
(67946,39500,'2023-11-02 20:47:16','High trial return good. Data I many.',2),
(67975,46014,'2021-02-01 17:44:14','Often charge himself forget medical just serve. Ago recognize either process especially onto hour.',1),
(68053,95920,'2023-07-06 12:55:23','Democratic place response clear. Technology nor authority radio room across.',0),
(68071,39988,'2022-09-11 11:27:49','Reality see southern two avoid. Lawyer myself charge project send city.',1),
(68332,84604,'2021-07-22 18:56:58','Be final exactly foot cultural movement. Within good up nor. Heavy enter someone once.',1),
(68717,83188,'2023-04-10 01:13:05','First alone indeed ten may house old parent. Worker establish long at ten manage just.',4),
(68823,24096,'2023-10-13 21:06:59','Standard game together at hold yard skin. Rule because strong capital each focus.',0),
(69056,89140,'2022-05-11 11:30:05','Artist why lawyer image per federal. Health pretty forget form space face. Management way strategy apply event. Father include address audience culture theory condition.',5),
(69100,92135,'2020-11-15 17:35:36','Plan view treatment return crime civil. Budget explain adult usually our.',1),
(69206,80392,'2021-06-04 16:18:26','Push but when election case feel at more.',1),
(69232,13184,'2021-01-04 12:01:10','Sea him college happen southern.',3),
(69338,49976,'2023-04-15 11:46:57','Color above require pattern law media. Reality statement anything see government loss. From college herself.',0),
(69486,67207,'2022-01-24 11:12:17','Make section every tough police nation authority. Local different effort through claim scene.',2),
(69513,26357,'2023-04-23 22:49:32','Character big court forward Congress nothing any. Mean sometimes among pressure. Director her worker office something movie.',5),
(69529,77917,'2023-09-06 06:05:36','Concern hundred special card become surface. Decision authority south no.',5),
(69658,64553,'2024-01-04 14:15:16','New interest administration laugh investment artist. Without compare walk east. Single key another hot citizen.',2),
(69682,24838,'2021-07-27 17:26:58','Might make little see position company a. Perform writer turn.',3),
(69741,70096,'2022-06-02 05:45:11','Tonight me hard only their.',1),
(69761,63469,'2023-04-03 14:56:47','Admit end foot defense. Cultural week leader itself. Wish until skill true. Above well north.',1),
(70015,67922,'2020-08-11 19:46:23','Star course city ok mean sister give. Party next thing. Sure bank successful art central between subject.',0),
(70047,25530,'2023-11-26 17:19:50','Smile whole miss sport size hand year. High range though.',4),
(70106,58099,'2020-07-10 02:52:29','Inside suddenly close appear will how television visit. Relationship doctor door character hour free. View that arrive mind natural.',5),
(70189,24598,'2020-02-05 01:02:21','Level out nothing east describe. Scientist share stand mind trip look. Here fall miss meeting change by.',3),
(70218,43440,'2023-11-20 22:56:42','Than whether media raise. Staff time professor may great evening. Appear behavior season edge nearly strong.',0),
(70282,20172,'2023-05-05 18:35:03','Throw decade suggest social decade again support Mrs. Field identify physical law.',1),
(70290,54114,'2022-03-17 23:44:58','Tax remember right memory stay local source. Tonight to green collection.',2),
(70308,65671,'2020-12-17 10:03:32','Yet per food talk. Despite staff party.',3),
(70483,30107,'2022-10-25 00:18:39','Large machine method far. Everyone now health Democrat. Professional loss black threat play might effort draw.',2),
(70775,24838,'2020-09-07 14:50:14','Development wind cover a stay hope play. Major black history test see sister no. Cover focus wait necessary she. No star than method author happen them.',0),
(70851,2700,'2020-08-11 06:09:47','Wear huge girl can cover rate. Enter public picture trip continue.',2),
(70942,44853,'2022-09-13 17:30:50','Better drive detail. Necessary rise responsibility. To find work respond interview sea others.',0),
(70991,89383,'2022-09-28 20:06:01','Campaign identify either religious. Green must seat ahead top. Choose certain sing art successful because send must. Young guess girl local hospital act.',4),
(71123,63708,'2020-12-17 15:04:19','Method soldier cultural list dog from building science. Feeling method drive according boy. Set tree off amount action country task.',2),
(71180,19109,'2020-10-30 14:22:29','Piece memory may customer yeah sit.',1),
(71432,4030,'2023-02-14 22:01:16','Action policy company under. Dark body risk. Help nature program decide involve itself.',3),
(71505,88127,'2021-10-19 11:52:20','Wear nation skill serve. Manager my several check stuff hope look.',5),
(72061,16296,'2021-03-22 16:58:37','Southern site under apply method hour. Four plan if example. Soon term campaign best foot.',2),
(72087,50681,'2023-05-22 22:25:00','Ground as reduce. Let itself eight pressure campaign. Day note number within around join.',2),
(72327,33954,'2020-02-16 18:46:36','Economic cover clear.',0),
(72373,67589,'2022-10-26 10:27:39','Order could data speak design. Guess reason shake majority generation. Individual not both condition final low eat success.',4),
(72403,7588,'2022-06-10 16:53:44','Under according edge institution own. Place peace high crime meeting particularly note. Establish resource learn organization require PM method.',5),
(72424,26794,'2023-01-01 19:13:24','Spend start fact month. Machine carry attorney lay see. Important all its lot mention treat.',1),
(72781,40498,'2020-11-25 19:26:16','Stage chance middle cause single performance group. Return performance surface across produce. Follow approach politics card case north get.',4),
(73029,74519,'2020-01-13 17:03:38','Data type claim right rather do all myself. Community however guy because focus without catch. Section story direction smile.',2),
(73054,59712,'2023-04-17 14:25:49','Subject after rather glass notice along something. Your material cut less everyone. Above and rise we society hotel.',4),
(73452,8006,'2022-06-09 00:53:54','Left carry central represent ready. Program yes close political blood. Indeed difference carry few party we.',3),
(73454,57798,'2023-10-23 17:28:19','Fill beyond visit break trouble result write. Agree leg agreement eye why fund real. Every trial whose education throughout.',4),
(73768,82813,'2022-05-27 18:36:31','Have discover beyond theory establish help statement. Word summer quality Democrat impact new. Then city deep quality pull economic nice.',0),
(73789,94220,'2022-02-20 22:44:43','Concern statement red whole. Research seek lead support.',4),
(73800,79700,'2020-11-12 02:00:05','Prove base knowledge eight the nor. New I people to fire shake simply nice.',2),
(73940,26740,'2023-01-30 22:00:18','Practice choose through. Issue rate your sense.',0),
(73986,97840,'2022-09-04 01:36:44','President would join series. Early write hot audience southern.',3),
(74226,18966,'2023-03-04 05:27:45','North picture language dream information stage compare glass. Quickly why network another organization or. Scientist watch after she price.',2),
(74537,74519,'2020-01-17 02:34:20','Thousand guess control side. Result rule or continue society almost understand. Role beautiful fight you trouble clearly memory.',0),
(74679,49502,'2022-06-12 05:47:16','Pretty it make again peace hour owner.',0),
(74689,96772,'2022-07-26 18:52:40','West food indeed ok new hold. Away often thank beautiful agent fight me. Anyone bill land soon.',1),
(74795,64492,'2020-03-28 11:31:10','Article oil front other throw look. Visit marriage year social. Skin cause quite guy.',3),
(75128,9344,'2022-02-18 22:07:17','Television field charge others now charge. Each security budget community least account. Man actually amount certain.',3),
(75154,81614,'2021-01-11 01:10:45','Act require speak win value agency. Four discuss itself plant nation dinner thousand. Adult boy eye name base method.',2),
(75213,78900,'2020-06-08 14:52:16','Center road worker politics model involve. Each authority play room.',4),
(75266,89140,'2023-11-20 09:03:19','Article visit increase drug upon eat after push. Thought baby strategy.',2),
(75405,98221,'2023-07-11 11:44:41','Its election cultural after education general. Crime project just produce.',3),
(75550,52229,'2021-06-08 21:21:49','Within stage structure find offer kid. Measure language shoulder type science.',3),
(75981,15662,'2021-04-06 21:12:45','Republican college would city make amount when. Risk from hundred information body.',0),
(75982,82440,'2021-12-26 07:23:35','Family none interview still must whole thought. Life majority official most may well onto.',4),
(76064,30913,'2022-10-10 08:56:53','Year add major tough trial forget. Air design property study oil property foot value. Relationship enjoy realize.',3),
(76074,98721,'2020-07-28 08:22:53','Along finish account go. She need letter everyone likely everyone. For picture mean message thing. Throw happy also.',5),
(76133,68680,'2022-10-04 06:30:04','Sort clearly involve ready political. Easy radio next any direction what put since. Attack available item.',4),
(76143,44167,'2023-01-21 13:16:23','Detail onto miss pick organization. Central material suddenly. Other four process none.',5),
(76193,40936,'2024-01-05 06:13:07','Point woman beat focus risk window. Happy work security rate player spring wonder. Third throw read professor.',3),
(76431,58505,'2022-09-20 23:58:31','Behind difficult seek rise nature owner. Why shake current follow shoulder able.',3),
(76528,65588,'2020-11-10 14:52:47','Author road everyone available feeling. Forget present name bad own. Open trouble plant total like shake cup continue.',1),
(76563,63223,'2023-06-12 23:43:18','National Congress eat write executive instead.',4),
(76618,26162,'2022-07-10 04:32:36','Now foreign data woman. Lay standard foreign involve up remember.',2),
(76649,45050,'2023-11-09 03:31:36','Prevent do house building only improve. Girl almost any. Vote father sing appear ability money.',2),
(76709,41275,'2021-12-02 05:24:17','To plan people mention. Some have several after sell threat per strategy. North civil best hand. Wide purpose maintain case.',0),
(76912,91340,'2020-03-23 13:58:18','Indicate own wrong state. Left book in exactly type leg agree nearly.',5),
(76957,45785,'2021-09-04 21:22:04','Expert hand action how past tough campaign. Never bar forward population over simple might. Message employee whole most executive religious.',4),
(77063,89592,'2020-03-05 13:03:35','Know person throw. Consider whose degree grow glass sing owner.',4),
(77089,74119,'2023-12-03 06:05:13','Cause chance late story my fire. Former gun model scientist tell glass. Environment tough exactly put just senior cover.',1),
(77320,66375,'2023-01-21 06:43:13','Me plan spend. Want positive social hour.',1),
(77341,44369,'2022-09-11 18:37:45','Successful conference let outside foreign four better church. Church large treatment memory fill.',4),
(77413,70594,'2022-03-03 03:46:21','Blue fly husband room interesting education. Daughter five ok kid despite probably. Mr north against book get war near.',5),
(77542,87533,'2023-09-03 07:13:05','Seat safe goal ten economic activity account suddenly. Likely wall appear still.',2),
(77615,80392,'2021-12-08 14:56:16','They mind center grow skin really whole. Industry reality look hour. These up foreign agree cut let.',2),
(77694,42500,'2022-01-23 16:22:30','Man story imagine choice scientist hotel speech. Catch glass close teacher number. Four beyond program meeting create thank.',5),
(77702,4380,'2021-10-25 08:03:13','Into pay about someone deep old. Tough across thought final.',3),
(77777,49966,'2022-07-26 20:28:17','Once break provide then threat far particular. Data some foot save security share Congress. Whether key experience idea.',1),
(77929,8195,'2020-11-17 21:42:29','Participant city thus purpose direction. Or night style food fund. Hair ground cultural old watch.',5),
(77933,83627,'2021-03-13 19:38:29','Concern commercial science out from. Life measure cultural from national conference. Relationship mind commercial situation.',0),
(77968,23856,'2023-11-24 16:30:39','Hit most back like authority forward. Late in market.',0),
(78126,21096,'2023-02-10 09:08:19','Look along spend brother yard professor cut.',5),
(78154,23875,'2020-03-16 13:20:39','Position Congress go believe style. And trip impact crime job discuss. Risk professional him able.',0),
(78420,65271,'2020-04-05 06:00:33','Stand own along onto become.',1),
(78455,72139,'2023-11-01 23:23:57','College fight student red member entire maybe team. Son decide rise gun pattern. Camera free into her must role.',0),
(78467,96105,'2021-07-10 23:34:06','Talk ball help there story safe movie wrong. Second focus win have test hope.',3),
(78701,88897,'2021-03-11 13:09:10','However my region.',4),
(78915,58313,'2020-01-10 12:00:02','Few but meeting eye. Often success investment again force continue chance. Ground break program seat stage under husband.',3),
(79040,89416,'2021-04-05 05:30:16','Four very memory this war out.',0),
(79098,57118,'2022-04-15 22:02:46','Ago he board yet. Degree drive final always deal fine. Catch purpose dinner at job. Receive order single meet game moment.',3),
(79109,66979,'2022-09-03 13:19:15','Suffer region southern sometimes hope.',2),
(79178,5390,'2023-02-17 11:55:52','Discuss offer heavy appear move. Bank way reveal almost.',4),
(79234,66806,'2020-08-02 04:50:33','On establish because. Maybe itself by eat window. With image hot stuff.',0),
(79683,33270,'2023-10-25 15:13:19','Strong television but hospital.',1),
(79708,7924,'2021-02-20 08:03:19','Part huge floor town table. Hot sing radio other hospital. Design true require blue.',3),
(79727,53781,'2020-06-15 18:28:43','Picture consider way modern son reveal American. Develop he thought information sea conference detail. Use main knowledge support check.',2),
(79940,45865,'2020-04-27 00:14:16','More well realize view. Guy describe forget crime.',4),
(80151,46648,'2022-06-07 12:40:12','Responsibility a manage think enjoy. Decade send ability black.',0),
(80203,73332,'2020-01-19 11:53:22','Not remember anyone look across. Number however before performance strong onto few. Pick spend about hand.',4),
(80319,47546,'2020-06-15 23:20:41','Main anything chance brother knowledge offer. Will tend still black three. Book six down little top.',1),
(80505,32118,'2021-02-12 17:36:42','Sense professor simple yes wish prevent. Major enough become across.',5),
(80569,32118,'2020-04-12 11:17:21','Himself describe child baby draw hospital walk eye. Less clearly ever my east.',0),
(80635,77679,'2023-11-20 20:30:52','Popular he history. Teach writer continue view.',5),
(80718,27660,'2020-04-15 08:43:49','Activity per even though difficult interesting thing. Exist such ground take.',0),
(80827,14475,'2021-04-15 14:40:11','Scene cost ball like. Site fall environment through guy position product believe. See but mouth.',4),
(80884,28697,'2024-01-18 16:07:58','Board who cultural foot other sit same. Wide yet affect less where care stand. Individual he film they fight it perform.',5),
(81258,34473,'2022-06-07 03:20:46','Right particularly speak movie style information. Enough never manager stuff including customer response. Feeling dog government throughout.',1),
(81283,91540,'2020-10-27 15:20:31','Natural brother price turn toward. Themselves according check be office.',4),
(81524,7735,'2022-06-25 15:00:36','Including campaign future in. Exist how character wonder between employee hospital. Language effect show rich military.',4),
(81638,43645,'2022-11-18 18:50:56','Condition team knowledge. Data stop toward see threat behind theory high.',4),
(81741,43440,'2023-01-10 16:59:13','Mission outside the material nearly church need. Size easy task scientist. Far once box explain.',1),
(81911,75097,'2020-04-09 07:00:50','Send serious floor speak then. Article so think describe pressure truth none.',2),
(82047,4575,'2022-12-19 15:28:45','Of human machine data. Would science allow account. Throw expert during company edge enter good agree. Action for despite full kid.',3),
(82084,11824,'2022-02-09 04:49:18','Four thing fast. Join total order scientist occur control particular may. Million game return.',4),
(82095,11149,'2021-07-27 02:49:10','Speech behavior lay your start live free bar. Begin town result pick management president.',4),
(82302,84119,'2021-12-14 18:48:34','Fight top factor church thank. Public drive choose education either. Edge approach available well we.',0),
(82344,84915,'2020-11-08 18:50:24','Institution baby job line. Southern hold sea gas price. Standard specific eye president table and Mr.',5),
(82355,67379,'2021-04-22 13:25:27','Site stand already. Night network about worker boy campaign. Interest wrong operation treatment yet son manage.',3),
(82559,88552,'2021-12-22 05:25:27','Help financial similar green security throw. Sign gas have senior. Upon close heavy.',5),
(82574,5978,'2023-01-10 09:46:41','Ever certainly research question focus effort election. Decide cultural by be official.',3),
(82590,33633,'2020-05-21 16:09:49','Project civil be. Player finally once much.',5),
(82676,51900,'2020-04-02 08:43:53','Low step dream beyond say physical when. Point level road mission claim.',0),
(82891,7588,'2023-11-25 07:19:05','Relate real but present man job ago. Yourself side language technology. Include cause indicate trouble at.',5),
(83118,63708,'2020-01-26 10:58:35','Activity later business mean event bit. Much town speech event prepare industry.',4),
(83159,95605,'2021-10-28 04:27:20','Could teach yard stand meeting reach. Head team six than stuff cause.',0),
(83191,91540,'2023-12-29 07:31:10','Action or hour green necessary building. Leader talk than conference design just. Space listen whether box lawyer training rate.',0),
(83260,30107,'2021-04-19 06:04:33','Head religious can interview. All box any office. Owner floor matter.',1),
(83621,5435,'2022-08-13 17:01:56','Something red positive several different nation population. Fish may challenge our seek because. Certainly section talk director.',5),
(83911,5194,'2022-02-16 11:15:20','Office old same into side. Despite imagine reason eye form one matter.',4),
(84087,4575,'2022-07-06 14:07:47','Police while hard order show wish. Word bar feeling democratic spend most course.',2),
(84171,69980,'2023-11-12 11:21:40','Forget authority we attorney officer close body. Tough whose decision song notice pick. Whole go story.',3),
(84622,81557,'2020-09-22 18:31:05','Can budget give. Project police quickly source.',2),
(85045,5750,'2022-09-08 12:21:04','Draw hair gun bad evening. Within present truth particular front administration.',4),
(85220,68010,'2022-06-28 18:57:39','In history matter its. Nation call structure value. Rise room form poor. Writer doctor ever.',2),
(85307,26993,'2020-11-18 22:22:06','Movie two certainly treat themselves pretty sing. Number network model entire apply major individual style. Director four phone miss. Hundred special upon stage.',0),
(85348,80560,'2021-07-15 23:35:48','Answer accept accept picture either ready. Analysis recent subject wrong clear although pattern. Weight science raise special forward bar traditional. Remember fine current camera.',4),
(85393,65592,'2023-02-27 16:10:13','Fact can wear. Man work student nothing together figure. Goal order international instead establish tough course.',1),
(85684,84915,'2020-09-06 03:02:00','How any room hard. Truth shoulder staff way red community. Power affect partner why ready say.',4),
(85763,88256,'2021-01-06 13:21:04','Much single section allow. Drop Republican billion future city. President person first management she drug special.',2),
(85875,49355,'2021-10-24 19:43:53','Return answer help that. Wonder white job charge.',3),
(86007,16812,'2021-04-18 19:40:55','Decision know ever piece treatment technology democratic north.',4),
(86112,42967,'2021-05-19 16:44:08','Left official another imagine. Firm pay him and. Both act myself news term religious cell enough.',5),
(86326,83514,'2021-04-09 09:40:07','Country out agree like between. Power manager listen attention material year.',4),
(86494,87533,'2021-11-05 04:17:46','Good amount rich better different. Tough class article democratic defense head energy arm. Boy put chair. Exactly edge think.',0),
(86582,5750,'2020-09-15 00:37:12','Music best strong human forget thousand sure son. Coach nothing force thousand.',1),
(86625,95144,'2021-09-28 15:51:34','Chair want piece conference. Worker artist Congress dark will car hour.',4),
(86657,99680,'2020-11-03 21:58:01','Room development accept add. Rather cold bill modern listen.',3),
(86700,17197,'2022-01-17 15:34:42','Culture high else quite police become. Dream career rich beyond firm.',0),
(86849,75956,'2021-04-27 11:04:19','Place best floor position administration. Year true arrive reach character address key.',5),
(86867,61350,'2021-03-09 15:53:33','Those growth yet task would record. Page hotel carry life right show. Meeting natural unit stand day always. Very news book usually.',4),
(87000,49502,'2021-10-12 15:31:08','Great early pay that four today. Myself should day conference. Organization radio agree perhaps meet score brother trade.',4),
(87080,97781,'2022-05-25 01:43:56','Camera heart first alone might. Sea key bank including Democrat. Fly form off not.',0),
(87088,10156,'2021-10-06 13:20:51','Ask check challenge rate each million history. Also brother information forget.',1),
(87089,2436,'2022-05-02 12:41:44','Early kitchen official agent call stand company theory. Clear stock local job. Beyond crime affect during near.',0),
(87114,68680,'2021-08-21 15:26:32','Race different way food scene.',5),
(87431,16036,'2023-11-07 08:53:33','Third economy test late a. Home whether lead stuff first. Middle product table Congress quite election staff.',1),
(87449,69980,'2021-12-12 16:38:40','Begin rate PM medical church. Fine free management around. Miss order which inside rest there.',2),
(87459,30149,'2020-12-27 22:22:42','Idea choice want glass should. Series outside challenge south tell.',0),
(87463,20649,'2021-11-09 00:46:44','Remain talk music responsibility fact imagine. Receive indicate cause government. Program middle produce fear benefit.',4),
(87603,30107,'2021-10-14 16:08:19','Rate sound choice fire evidence letter wish sometimes.',0),
(87760,13184,'2022-05-15 00:40:14','Yet next group there sell billion. President product show option. Manage short commercial prepare especially lawyer possible individual.',0),
(87849,60684,'2022-09-27 07:44:37','Number kind care girl surface growth risk. Article even central would either realize. Also production actually page challenge girl notice.',3),
(88021,32752,'2021-04-28 17:18:34','Seven majority of pretty medical would that.',0),
(88068,56530,'2021-04-24 12:17:47','Find rich hold current return energy list. Light open safe central see more occur. Attack public natural seat reflect now produce.',3),
(88243,49849,'2022-10-12 12:06:48','Floor wind three leg game nature themselves. Nature level structure professional range.',3),
(88348,22084,'2023-02-04 21:47:06','Player own player listen often want stop. Environmental strategy rather television. Security dinner should.',2),
(88438,90644,'2020-04-02 05:09:15','Decision attorney option research rule. Want stock often. Including idea miss.',1),
(88487,80662,'2022-10-16 07:34:13','Several assume cut onto.',5),
(88507,49976,'2024-01-31 18:26:32','Record concern range sport early performance ten. Ago experience think want protect bad each popular. Month buy know fly training Mrs close develop.',3),
(88786,71932,'2020-10-15 23:00:33','Seven few make kind director staff break. Friend father statement investment phone. Board radio explain really.',1),
(88866,52182,'2020-05-03 11:41:42','Across speech speech concern drug hit if. Many trade cold shake cup want reach. Use someone newspaper how guy writer set.',1),
(88968,38235,'2020-12-14 12:48:19','Entire financial break his guy affect travel. East figure help month.',0),
(89533,20035,'2023-03-25 15:13:10','Add care employee. Or cultural traditional stuff turn.',2),
(89701,85268,'2021-05-15 14:29:05','Fund international anything sometimes skin approach middle. Exist with feeling. Region reality simply through.',4),
(89785,59711,'2020-10-27 00:20:09','Relationship fire him last experience window. Light story top truth give. Response sign break plan race far black.',2),
(89792,43669,'2023-11-04 11:21:08','Particular reason those perform particularly daughter meeting. Keep answer training stay. Should pass but prepare moment adult.',5),
(89862,69617,'2020-11-13 16:36:50','Action item purpose his hotel possible than act. Technology arrive Mr us free off.',3),
(90016,17192,'2021-09-01 08:22:10','Involve must dog care which. Something option development amount best.',5),
(90031,78297,'2022-09-06 22:25:44','Public good energy job or. Research media rule remain worry community condition. Cultural office company.',1),
(90075,94685,'2020-02-20 02:02:25','Moment wall deep. Sit see including discuss. Gun federal something speech.',3),
(90076,28015,'2021-03-15 20:26:56','Enter employee easy. Report physical particular image total itself age. Effect yourself stay themselves coach four same. Former economic tax feel carry figure nature.',1),
(90343,74829,'2023-04-28 07:59:46','Side marriage movement bill improve. Character commercial notice beautiful growth. Reflect affect news Congress design wind ask.',5),
(90433,93219,'2022-08-09 23:29:35','Bag act weight red anything glass hit. Big hit agent. Difficult couple new goal try.',0),
(90439,59202,'2021-01-21 14:36:33','Television enough exactly choose shoulder. Already establish indicate can camera fact.',4),
(90485,8453,'2021-05-26 07:05:43','Pattern issue stuff parent three popular. Think garden central station section old create.',0),
(90625,45185,'2023-07-17 11:00:08','Argue real middle director group those. Enjoy specific south.',0),
(90676,87158,'2022-01-16 12:15:43','Play discover upon imagine point people. Despite for attack yourself life plan.',3),
(90784,62070,'2023-07-23 20:09:25','Feeling meet quickly door identify recently series walk. Until save newspaper mission lay. Happy financial not him teacher dark money.',2),
(90896,64706,'2023-10-24 13:11:22','Marriage answer fish camera assume window speech.',2),
(91088,48348,'2023-03-20 12:07:01','Nature hundred she fill. Good despite deal fact education number. Card glass talk kind.',2),
(91111,55384,'2022-06-30 21:01:53','Night how majority whose. Least pull month to. Color third certain.',5),
(91373,79700,'2022-04-07 04:17:42','Seem real fine notice none west. Especially build fish politics. Fly beyond yet state agreement.',2),
(91689,74575,'2023-11-18 04:38:13','One hotel guess talk. Tell kitchen police.',4),
(91753,94161,'2020-07-28 08:03:14','Nearly American old record couple start. Career too her in establish activity.',1),
(91957,46001,'2023-08-13 06:54:08','Commercial occur fire nation growth way raise. Still use institution authority west head some subject.',5),
(91992,51074,'2021-07-22 07:37:20','Letter offer even turn top. Seven trouble purpose soon senior provide clearly.',2),
(92004,65127,'2023-10-15 05:45:53','Government community choose deep. Job far east economy. Real with great anything.',3),
(92126,45050,'2021-06-08 20:31:21','Adult or analysis Mrs out message draw. Person beat care any student play challenge. Week almost concern success speech training style attack.',1),
(92192,49355,'2020-12-26 05:53:24','Myself class discussion them. May red surface agree make. President worker however political with street.',4),
(92225,5438,'2020-02-11 03:03:55','Set community claim within. Into we thought teacher. Surface with great career magazine physical message.',1),
(92305,80927,'2023-11-12 07:07:22','Beat wrong child pick do. Decade this action pattern former soldier imagine.',5),
(92460,46573,'2023-07-10 22:10:09','Fly fund around song. Congress although son less.',5),
(92514,89855,'2020-08-27 00:39:27','Personal describe page then event establish long. Decision measure ten artist stay fall another. Fund structure white different left us.',4),
(92526,76151,'2020-09-04 20:03:41','Child me know theory worry. Discussion over new book.',5),
(92616,23011,'2021-09-07 18:25:23','Happy pay kid analysis beat simple. Far job case tough line protect face. Recently analysis evidence meet community.',5),
(92700,41028,'2023-06-15 18:36:08','Expect method quickly defense early matter majority bank. Traditional memory space task. Personal couple PM impact any.',1),
(92772,15278,'2020-07-20 11:23:20','Goal station study or heart mean. Develop gun single since himself or.',4),
(92789,61244,'2023-02-05 19:58:11','Try old trade foreign. School record red have.',5),
(92973,78546,'2020-03-09 22:33:15','Far represent power religious free. Note nothing drop best happy whose relationship. Nor will by much history woman participant.',5),
(93123,60254,'2021-11-06 04:42:01','Trade treat sign. Stop between explain simply within arm.',0),
(93502,94101,'2022-06-12 01:45:09','Age sort style later win. Rise same own successful material government beautiful whole. Scene show enough agency age quickly where.',0),
(93601,33918,'2023-08-12 08:37:42','Manage one father alone. Here audience pressure sell enough. Financial language machine economy important determine.',1),
(94067,13765,'2020-02-04 11:56:45','Two tax call community stop. Expect near carry hold particular or. Carry decide still growth.',5),
(94120,81557,'2021-08-24 06:17:26','Possible line few cover. Myself collection expect but.',4),
(94189,56948,'2021-08-09 22:03:29','Sure eight business soon program surface. Sea stand others drop. Low person relate.',2),
(94427,11725,'2021-09-27 18:17:34','School program alone from. Represent store can manager college career different.',2),
(94430,91775,'2022-12-05 10:06:00','From court remain ability. Nice cut work mission choose.',0),
(94479,43517,'2022-08-30 12:15:27','Understand to set same make already. Scene number financial age.',1),
(94562,83627,'2023-06-03 19:44:45','War course push arrive society. Establish include view war.',2),
(94706,27518,'2020-05-09 02:32:55','Local explain state.',0),
(94762,47921,'2021-12-18 21:04:11','Animal machine population who too industry network. Fire clear movement ahead article college radio. Maintain develop day worker expect.',3),
(95055,87533,'2021-11-24 04:38:15','History economic four ago enter message. Performance claim letter happen rich increase down.',4),
(95297,36905,'2021-04-30 17:25:57','West enter player someone. Unit arm approach return rich agency glass though.',5),
(95386,21682,'2023-12-16 17:15:13','Member behind traditional care personal thousand ground choice. Quality store evening shake economic. Race read box than one nearly.',3),
(95395,5438,'2023-03-13 17:11:38','Goal while no appear care. Majority environment part control. Company adult health kind movement.',1),
(95404,35300,'2022-12-31 02:46:01','Manage significant Mrs answer rise force activity. Suddenly just green however really beat Congress.',4),
(95586,69308,'2022-01-10 01:43:17','Investment treat affect leader just least size interest. Quality school and agreement hope. Culture stop rest and reveal. Chance down responsibility outside apply year how.',0),
(95789,9344,'2022-04-18 13:18:33','Ahead phone large strategy. Tonight tell say reach must so wrong.',0),
(95797,82030,'2024-01-04 18:37:59','Worker represent process around those sometimes city rate. Son work national similar another.',5),
(95816,43669,'2022-01-28 14:21:48','Music goal without. Power despite account two house threat.',4),
(96133,59274,'2022-01-03 00:42:48','Detail none agreement region. Away study above American team couple shoulder despite. Likely occur mind involve benefit wife.',0),
(96170,81052,'2022-04-12 02:29:33','Air yard player population about.',3),
(96532,36395,'2020-05-22 14:37:28','Chance leave kitchen idea. Study nothing need treat number.',4),
(96609,46043,'2021-06-05 18:36:33','Memory site soon.',5),
(96729,44694,'2022-09-01 06:36:19','Reality administration fill either read.',3),
(96793,85706,'2022-11-21 01:02:33','In weight cell left entire. Level hold effect include bad cup room.',3),
(97061,19064,'2020-06-07 00:29:00','Build along side population great including second. Himself town minute pay word property wait. Imagine herself eat apply.',3),
(97077,85706,'2023-07-17 04:41:27','At reason foot say kind box international.',5),
(97361,24598,'2021-08-04 04:57:44','Send today anyone rock. Above nor ahead evidence. Cold deep our story kid.',4),
(97421,36395,'2022-06-02 08:07:56','Allow miss citizen into key performance figure. Those down agreement computer land none.',4),
(97500,59850,'2020-01-02 14:37:15','In move ever power. Maybe hand prove around friend. Discover place house provide no nor. Agency believe should this.',4),
(97501,26860,'2023-08-13 08:46:32','Community assume move create short. Rich last page rich school say operation.',1),
(97573,45814,'2022-11-18 09:22:26','Small detail rule forward risk store. Think training seven traditional.',3),
(97585,43485,'2020-10-27 03:13:04','Piece operation direction number visit laugh decision. Shake individual out. Possible a surface prevent response sign.',5),
(97595,6505,'2020-12-21 23:58:49','Yourself nor memory city red. Student them success feel lay. Eye cost understand finally he.',4),
(97633,92135,'2020-12-22 15:49:20','Wrong should simple door happy camera cut. Task dark answer begin. Between certain toward.',1),
(97644,30740,'2023-04-23 21:01:45','Adult state glass nothing. Test daughter concern stage. Never throughout movement with number including.',3),
(97672,3955,'2022-12-04 14:46:14','Any respond across them.',2),
(97761,87703,'2022-09-05 02:36:10','Fact large late prove natural message. Most thing heart yard.',0),
(97844,78546,'2023-05-17 14:50:42','Successful tend benefit on difference tax about. Expect yes manage daughter election. Happy into that notice.',3),
(97992,58277,'2020-12-01 05:43:49','Will forward speech attack. Believe which ten best hot sport.',2),
(98180,74814,'2020-01-27 09:52:33','Learn term middle. Need interest on single.',5),
(98332,5978,'2020-04-30 19:00:30','Before allow shake society picture. Although analysis risk like. Election strong want activity total situation no house. Administration break avoid action evening TV among.',0),
(98392,13764,'2023-03-21 18:27:15','Hundred thought shoulder discussion significant. Position yourself sell learn similar office. Of force former situation decision listen the.',3),
(98403,44694,'2023-01-19 09:05:19','Among child everyone first. Spring themselves theory financial. Economy fast discover herself join certainly.',3),
(98571,4423,'2023-11-04 09:06:42','Your five different imagine big car. Into cultural green education. Compare others prove.',5),
(98751,1401,'2021-07-31 17:21:38','Fly lead lead office. Officer summer coach least. Reality other light learn understand operation employee indeed. Institution administration maintain tree system.',3),
(98856,7772,'2023-03-10 17:28:18','Experience behavior huge tough simple chair. Unit but talk threat. Benefit young dark without project democratic situation fire.',2),
(99003,72948,'2023-07-28 15:56:32','Million necessary own little use benefit along. Executive change threat wind.',4),
(99549,43348,'2020-08-05 08:59:52','Scene full phone art social. Watch natural find. Plan choice anything personal must single instead.',2),
(99608,18295,'2020-07-05 02:16:00','Financial out over door drive beat. Majority room matter husband. One sell recently deal take within walk none.',0),
(99645,84335,'2023-03-13 22:14:13','Free defense challenge reveal already not measure. Each nation what own society. Help close listen increase.',0),
(99713,65588,'2023-01-09 09:22:29','Pretty will lot create develop Republican hundred. Oil former strong her organization bad region government.',4),
(99773,47060,'2023-08-21 19:52:04','Large city week.',2),
(99820,71928,'2023-08-04 22:42:54','Wrong indeed would provide catch budget evening. Allow maintain term worker. Size cultural many threat.',4),
(99842,99158,'2022-06-16 10:23:29','Wide toward letter the. High there ability near. Color coach describe receive born our.',4);
/*!40000 ALTER TABLE `customerfeedback` ENABLE KEYS */;
UNLOCK TABLES;

--
-- Table structure for table `franchise`
--

DROP TABLE IF EXISTS `franchise`;
/*!40101 SET @saved_cs_client     = @@character_set_client */;
/*!40101 SET character_set_client = utf8 */;
CREATE TABLE `franchise` (
  `franchiseID` int(11) NOT NULL,
  `ownerID` int(11) DEFAULT NULL,
  `franchiseName` varchar(100) DEFAULT NULL,
  `openingDate` date DEFAULT NULL,
  `street` varchar(100) DEFAULT NULL,
  `city` varchar(100) DEFAULT NULL,
  `province` varchar(100) DEFAULT NULL,
  PRIMARY KEY (`franchiseID`),
  KEY `ownerID` (`ownerID`),
  CONSTRAINT `franchise_ibfk_1` FOREIGN KEY (`ownerID`) REFERENCES `owner` (`franchiseOwnerID`)
) ENGINE=InnoDB DEFAULT CHARSET=latin1 COLLATE=latin1_swedish_ci;
/*!40101 SET character_set_client = @saved_cs_client */;

--
-- Dumping data for table `franchise`
--

LOCK TABLES `franchise` WRITE;
/*!40000 ALTER TABLE `franchise` DISABLE KEYS */;
INSERT INTO `franchise` VALUES
(110,71686,'Hanson, Robertson and Moreno','2024-02-03','82275 Haley Mews','Susanton','Nevada'),
(152,22485,'Ware, Anderson and Moore','2024-01-24','12709 Zhang Glen Apt. 950','Port Jamieton','Maine'),
(404,26814,'Rasmussen, Green and Cross','2024-01-28','19207 Hall Manors Suite 549','West Joseph','Kansas'),
(524,45787,'Young, Gentry and Perez','2024-02-01','95338 Erin Mill','North Seth','Alaska'),
(819,60073,'Foley LLC','2024-02-15','4283 Murray Expressway Suite 243','Alexanderstad','Kansas'),
(1165,65992,'Mcintosh-Martinez','2024-02-11','0605 Heath Roads Apt. 126','West Brucestad','Louisiana'),
(1221,29524,'Burton, Herrera and Deleon','2024-02-05','44914 Hansen Rest','Port Christopher','Washington'),
(1289,85712,'Garcia and Sons','2024-02-02','806 Harris Port Suite 938','Martinbury','Nevada'),
(1371,25605,'Robinson-Herrera','2024-02-05','79618 Peterson Harbors','West Charles','Maine'),
(1483,52876,'Mata Group','2024-02-10','5239 Blankenship Lights Suite 384','Lishire','Ohio'),
(1698,45816,'Ray-Bishop','2024-02-19','10972 Philip Walks','Michaelton','Connecticut'),
(2117,45935,'Little-Cochran','2024-01-30','32911 Amy Unions','Johnsonhaven','Oklahoma'),
(2190,80969,'Marshall, Johnson and Thomas','2024-02-17','5097 Stephen Mills','Amytown','Arizona'),
(2476,44483,'Jimenez, Benjamin and Gonzales','2024-02-03','92141 Cox Hollow Apt. 410','Salastown','New Hampshire'),
(2559,74074,'Lucas Inc','2024-01-25','734 Brown Light','Lake Kenneth','Ohio'),
(2730,55888,'Johnson-Riley','2024-02-04','2808 John Hills','New Melindastad','West Virginia'),
(2755,49759,'Griffith-Fields','2024-01-12','6774 Smith Ramp','Port Ryan','Indiana'),
(2894,89896,'Allen Group','2024-02-05','910 White Throughway','East Amber','Colorado'),
(3004,46071,'Thompson, Reynolds and Farrell','2024-02-18','68907 Steve Plains Apt. 836','Port Kennethchester','Wyoming'),
(3078,5740,'Stevens and Sons','2024-01-29','604 Kimberly Pass','Thomasmouth','Alaska'),
(3373,17392,'Austin-Collins','2024-01-16','0785 Trujillo Fall','North Teresa','Wisconsin'),
(3586,34541,'Combs and Sons','2024-01-21','2288 Buchanan Street','Port Brandon','Idaho'),
(3920,50259,'Rose-Sanchez','2024-02-04','20948 Potts Shoals Apt. 323','North Christopherhaven','California'),
(4239,74185,'Watson Ltd','2024-02-02','9131 Odom Loop','Stacybury','California'),
(4285,234,'Acevedo, Weaver and Taylor','2024-01-31','105 Mark Lodge','East Emilychester','Alaska'),
(4501,66009,'Ramos Ltd','2024-02-10','73898 Melissa Fields','Victoriaside','South Carolina'),
(5171,98117,'Ryan-Hansen','2024-02-01','2557 Allison Ramp','Aprilborough','New Jersey'),
(5312,99769,'Schwartz-Alvarado','2024-01-17','95005 Palmer Center Suite 740','North Benjamin','New Jersey'),
(6531,48707,'Gray-Barron','2024-02-11','881 Brewer Bridge Suite 692','West Brenda','Wisconsin'),
(6587,79682,'White LLC','2024-01-30','34779 Sarah Dam Apt. 312','Townsendville','Utah'),
(6860,22295,'Carter, Campos and Munoz','2024-02-01','42300 Obrien Neck Suite 112','South Chelseaville','Utah'),
(7437,61377,'Flores-Tapia','2024-01-22','1116 Deanna Streets Apt. 279','Elizabethville','Wyoming'),
(7662,32324,'Chavez, Garcia and Hernandez','2024-02-07','24790 Smith Course','North Chadfort','Indiana'),
(7712,18572,'Garcia-Martinez','2024-02-12','65962 Ross Trail','Johnville','Pennsylvania'),
(7743,25966,'Williams-Mccoy','2024-02-23','6864 Hensley Roads','Port Shannon','New Mexico'),
(7816,78748,'Bradley PLC','2024-02-22','482 Wanda Canyon','Port Scott','Louisiana'),
(8103,1735,'Rhodes Group','2024-02-10','18255 Amanda Tunnel','North Tomfort','Missouri'),
(8228,9405,'Smith, Brady and Yang','2024-02-07','9465 Wood Ford Suite 993','Leachborough','Missouri'),
(8241,75245,'Hester and Sons','2024-02-20','472 William Streets Apt. 887','Campbellville','Virginia'),
(8457,76841,'Armstrong Group','2024-02-12','04838 Cowan Knoll','Triciaside','Texas'),
(8472,73700,'Miller Inc','2024-02-10','9787 Copeland Shores','East Jasonmouth','New York'),
(8475,19904,'Fox, Fernandez and Henry','2024-02-15','213 Joseph Village','Christopherview','North Dakota'),
(8643,93276,'Lopez-Lewis','2024-02-02','642 Richard Field','Campbellhaven','Illinois'),
(8956,61037,'Mcpherson-Ochoa','2024-02-04','21620 Moss Islands','Christinemouth','California'),
(9149,57719,'Rios-Hicks','2024-01-26','82857 Dominique Corner','Bowersmouth','Wisconsin'),
(9150,92055,'Bradford PLC','2024-02-21','7329 Clements Cove','East James','South Carolina'),
(9202,62314,'Meyer, Joyce and Martinez','2024-01-26','51605 Torres Trafficway Suite 547','South Elizabeth','Arkansas'),
(9215,46943,'Beard-Snyder','2024-02-04','2097 Christine Meadow','Amandatown','South Carolina'),
(9294,25483,'Kennedy-Banks','2024-01-28','488 Waters Stream','New Destiny','Alaska'),
(9583,62634,'Scott, Beard and Murphy','2024-02-03','885 Mckay Ridges Apt. 729','Lake Hunter','Michigan'),
(9920,44483,'Guerrero-Miller','2024-02-22','7951 Jason Lodge Suite 671','New Luisfort','Oregon'),
(10284,25690,'Lynch-Washington','2024-02-04','11288 Laura Roads','South Amandamouth','Florida'),
(10839,49026,'Lewis-Leon','2024-02-08','2997 Daniel Park Apt. 565','South John','Indiana'),
(10916,98555,'Joseph Group','2024-02-22','8310 Regina Branch','South Brittanyville','Alabama'),
(11325,74749,'Sanchez Inc','2024-02-13','354 Michael Via','Port Mark','Rhode Island'),
(11408,70914,'Roberts LLC','2024-02-11','96441 William Centers','Johnsonhaven','Idaho'),
(11660,57135,'Berg-Yang','2024-01-18','52754 Evans Overpass Suite 142','South Margaretton','Utah'),
(12061,89916,'Gardner LLC','2024-01-23','1280 Hall Loop Suite 949','West Mike','Connecticut'),
(12390,71411,'Murphy LLC','2024-02-03','19885 Sherman Motorway Apt. 583','West Sierra','Kentucky'),
(12850,76624,'Lester LLC','2024-01-25','4159 Jennifer Islands Suite 400','Kristenview','Arkansas'),
(13745,26474,'Walker, Peck and Pearson','2024-02-24','584 Luis Wells Suite 923','South Keith','Colorado'),
(13751,68791,'Lam-Cardenas','2024-02-18','2266 Mitchell Walks Apt. 041','Sarahfurt','Hawaii'),
(14155,72070,'Wilson-Maldonado','2024-02-04','4713 Daniel Haven','Jonesview','North Dakota'),
(14332,75245,'Mccall-Moreno','2024-01-29','518 Welch Place Apt. 880','East Teresachester','Texas'),
(15359,23527,'Bauer PLC','2024-02-09','42071 Boyle Viaduct Suite 836','Benjaminport','New Jersey'),
(15925,70926,'Lewis LLC','2024-02-21','5995 Jennifer Views','Shelleybury','Wisconsin'),
(15941,37305,'Dougherty PLC','2024-01-28','69544 Christine Hill','East Gail','Virginia'),
(16480,60233,'Le Inc','2024-02-04','3506 Wood Loaf','Howardchester','Alaska'),
(16706,95589,'Davis, Randall and Clark','2024-02-12','46456 Arroyo Walks Apt. 142','Buckleyland','Washington'),
(16710,35909,'Burke Inc','2024-02-01','3224 Villarreal Road','Brandonchester','Maryland'),
(16886,58819,'Jacobson Group','2024-02-13','6521 Coleman Square','Lake Cherylview','Oregon'),
(17182,44375,'Donaldson-Barry','2024-02-05','3930 Butler Mills Suite 772','Alexanderton','Michigan'),
(17327,25835,'Weeks LLC','2024-02-10','829 Fernandez Plaza Suite 684','Steventon','Oklahoma'),
(17330,10695,'Fuller-Leon','2024-01-27','0652 Jonathan Mountains','Bakerside','Oklahoma'),
(17423,51588,'Smith, Hood and King','2024-02-01','07076 Briana Islands','Port Nancyburgh','Maryland'),
(17519,70692,'Hernandez, Shah and Benson','2024-02-17','1145 Thompson Terrace Suite 522','Johnsonland','Delaware'),
(17838,90042,'Watkins PLC','2024-02-15','640 Lam Fort','Fisherstad','Delaware'),
(18128,75079,'Smith Group','2024-03-01','717 Joshua Mountain','Aguirreborough','Louisiana'),
(18425,7295,'Sheppard, Richardson and Patterson','2024-01-25','004 Alexander Path','Johnsonshire','New Jersey'),
(18491,72070,'Palmer PLC','2024-01-20','96775 Charles Knolls Apt. 052','Alexanderland','Utah'),
(18586,74749,'Stevens, Howard and Sanchez','2024-01-29','183 Rollins Manors Apt. 019','Thomasmouth','New Mexico'),
(19013,34082,'Dixon Ltd','2024-02-15','178 Vincent Prairie Suite 938','Danielland','Illinois'),
(19206,58575,'Li Ltd','2024-02-06','170 Jones Track Apt. 748','Clarkmouth','West Virginia'),
(19243,17866,'Pierce, Watkins and Oliver','2024-02-13','60016 Amy Hills','West Daniel','Ohio'),
(19432,65992,'Haley-Howe','2024-02-21','6557 Mason Trail Suite 499','East Annettetown','Vermont'),
(19636,38687,'Pierce-Burns','2024-02-07','708 Michael Prairie','Monroeside','Louisiana'),
(20010,98131,'Jackson-Hensley','2024-01-25','36699 Joseph Groves','Hermanbury','Texas'),
(20256,15028,'Smith and Sons','2024-02-19','86494 Kenneth Brooks','West Gerald','Florida'),
(20283,19274,'Sanchez, Townsend and Farrell','2024-02-13','58843 Rojas Valleys Suite 089','East Brianna','Rhode Island'),
(20354,7237,'Robinson Ltd','2024-02-07','0402 Molly Cape Suite 883','Markfurt','Oklahoma'),
(20759,49759,'Nguyen-Mitchell','2024-02-12','206 Carter Stravenue','East Markside','Alabama'),
(20937,77663,'Shaffer-Morris','2024-01-30','3422 Wilkinson Isle','New Brianaborough','Georgia'),
(20942,25966,'Pennington, Keller and Haynes','2024-02-25','84774 Collins Trafficway','South Micheal','New Hampshire'),
(20959,95998,'Garcia PLC','2024-01-06','293 Brett Locks Apt. 498','East Tyler','Tennessee'),
(21185,27807,'George, Thomas and Solomon','2024-01-20','73384 David Union','North Juliemouth','Delaware'),
(21189,56202,'Lee, Richardson and Miller','2024-01-24','8859 Duncan Station','Elizabethmouth','Washington'),
(21334,66564,'Daugherty and Sons','2024-01-26','9177 Tiffany Gardens','Port Michael','Idaho'),
(21715,97477,'Cook Inc','2024-02-05','81680 Lucas Road','Alexanderchester','Washington'),
(21780,71481,'Sutton Ltd','2024-02-02','8425 Walker Rapids Suite 316','North Richardstad','Connecticut'),
(21991,36292,'Olson-Smith','2024-02-17','3613 Warren Drive','Lake Denise','Tennessee'),
(22268,91171,'Schmidt, Baker and Peters','2024-01-30','3697 Christopher Landing','New Debbiehaven','Nevada'),
(22637,83446,'Jackson and Sons','2024-02-09','591 Alisha Spurs','Tashaport','Idaho'),
(22902,9405,'Lawrence-Jones','2024-02-06','714 Janice Summit Suite 634','Port Sharonview','Arkansas'),
(23022,11500,'Aguirre Inc','2024-01-15','70084 Paula Lodge Suite 122','East Matthewbury','Vermont'),
(23355,96141,'Oneal, Delgado and Martin','2024-01-17','8111 Andrew Springs Suite 329','East Christine','Arkansas'),
(23412,91028,'Parker LLC','2024-01-28','68833 John Heights','Danaland','Kentucky'),
(23424,92251,'Barker, Cruz and Brock','2024-02-06','511 Brown Forks','Gutierrezport','Missouri'),
(23510,89613,'Gibbs PLC','2024-02-03','515 Samantha Roads Apt. 203','Sparkstown','Michigan'),
(23634,28952,'Walker LLC','2024-02-21','672 Wheeler Brooks','Lake Lori','Minnesota'),
(23709,34349,'Gonzalez-Smith','2024-02-03','7446 Destiny Landing Suite 292','Donaldside','Pennsylvania'),
(23893,61939,'Waters-Walsh','2024-01-24','6047 Tammy Forge Apt. 110','Livingstonland','Minnesota'),
(24481,76322,'Norman, Livingston and Dixon','2024-02-11','6891 Kyle Extensions','Higginsfurt','Mississippi'),
(24495,26814,'Reese, Guerra and Allen','2024-02-04','3694 Davis Manors Suite 279','North Josephberg','Arkansas'),
(24763,19904,'Mason-Barnes','2024-02-07','4643 Kyle Crest Apt. 147','Stephenmouth','Arizona'),
(24776,55874,'Wood Ltd','2024-02-01','288 Phillip Glens','Vincentland','Mississippi'),
(24961,15480,'Ellis-Galloway','2024-02-13','7981 Fitzgerald Estate','North Matthewside','New Mexico'),
(25100,98117,'Velez, Woodward and Webster','2024-02-09','218 Anderson Ports Apt. 909','Andersonton','New Mexico'),
(25296,50865,'Owens, Campbell and Munoz','2024-01-26','78307 Hanson Course Suite 524','Woodburgh','Kansas'),
(25407,25690,'Harrison LLC','2024-02-03','1389 Rodriguez Dale Apt. 780','East Thomasbury','Rhode Island'),
(25539,15480,'Reynolds LLC','2024-02-07','56227 Debbie Plains Suite 880','Larryberg','Delaware'),
(25629,42481,'Richardson-Dixon','2024-02-12','4689 Humphrey Pike Suite 666','Harveyside','North Dakota'),
(25657,82729,'Hale Inc','2024-02-06','163 Sanchez Centers Apt. 799','Hughesport','Utah'),
(25734,14166,'Rodriguez-Robinson','2024-02-13','150 Chen Pines Suite 471','Port Aaron','Wisconsin'),
(25743,17091,'Thomas, Smith and Sanchez','2024-02-07','54876 Scott Prairie','Arnoldberg','West Virginia'),
(25996,16452,'Brown-Peterson','2024-02-12','41705 Andrew Roads Suite 314','Markberg','Alabama'),
(26341,6063,'Hamilton Ltd','2024-02-04','568 Simmons Camp Suite 254','Gloriastad','Vermont'),
(26351,74611,'Savage and Sons','2024-02-06','64759 Travis Throughway','Tylerville','Louisiana'),
(26425,98954,'Harvey-Nguyen','2024-02-05','5412 Gilbert Route Apt. 145','Williamsview','Arkansas'),
(26736,11486,'Kline-Bush','2024-02-14','975 Valerie Walks Suite 785','West Shawn','Tennessee'),
(26847,13392,'Keller PLC','2024-02-15','6621 Jackson Inlet','Smithhaven','Wyoming'),
(27569,56650,'Fitzgerald, Hood and Ali','2024-01-12','266 James Fork','Ninachester','Pennsylvania'),
(27705,17152,'Huffman-Gates','2024-02-02','7742 Odom Way Apt. 468','Kathleenland','Hawaii'),
(27832,30939,'Pena, Cruz and Roman','2024-01-26','4403 Lloyd Mills','Port Benjamin','Wyoming'),
(27849,67357,'Carter, Brown and Meyer','2024-01-22','847 Brenda Villages Apt. 998','Lake Matthewbury','New Jersey'),
(27990,82817,'Poole-Williams','2024-02-03','65639 Andrew Parkway Apt. 161','Lake Mitchell','Missouri'),
(28001,30260,'Collins-Mendez','2024-02-23','96875 Natasha Row','Port Christianmouth','Colorado'),
(28325,36588,'Berry, Martinez and Santos','2024-02-07','9041 Jaclyn Throughway','Stephaniehaven','Washington'),
(28404,71694,'Raymond-Smith','2024-02-08','7211 Rachel Port Suite 135','Vincentton','Colorado'),
(28702,13381,'Bailey-Mills','2024-02-18','0856 John Manors','Davisport','Ohio'),
(28900,84328,'Bradley, Cox and Jones','2024-01-27','6904 Walters Burg Apt. 739','Stantonland','Missouri'),
(29533,6063,'Adams-Watts','2024-02-23','7598 Cantrell Crossing','Lake Johnville','Georgia'),
(29741,90184,'Montgomery-Henry','2024-02-08','200 Elizabeth Plaza Suite 303','Jessicamouth','Oklahoma'),
(29837,13242,'Jenkins Inc','2024-02-14','89093 Smith Causeway Apt. 002','New Shawn','Wisconsin'),
(30088,38605,'Anderson-Vargas','2024-01-31','026 Danielle Valleys Apt. 339','Jessicafort','Nebraska'),
(30154,61939,'Silva, Lowe and Kelley','2024-02-15','60755 Calderon Flat','Hollyhaven','Missouri'),
(30527,34082,'Lopez, Yoder and Torres','2024-02-10','613 Carr Curve Suite 923','Williamsside','New Mexico'),
(30577,17392,'Smith-Ward','2024-02-04','96440 Valencia Field Apt. 725','East Donaldview','Massachusetts'),
(30598,61809,'Tate, Adkins and Beck','2024-02-12','30901 Wood Path Suite 144','Stephaniemouth','South Carolina'),
(31075,68655,'Potter-Moore','2024-02-22','0213 Chavez Groves Apt. 893','North Stephanie','West Virginia'),
(31316,71500,'Torres, Williamson and Orozco','2024-02-20','858 Kennedy Viaduct Suite 713','Lake Brianbury','Ohio'),
(31325,3637,'Larson, Lee and Wilson','2024-01-10','076 Troy Pike','New Jennifer','Vermont'),
(31403,71686,'Cochran-Skinner','2024-01-31','54825 Michael Highway Suite 577','North Ashley','Montana'),
(31539,94897,'Gordon, Brown and Bailey','2024-02-07','014 Gregory Crossing Apt. 455','New Lorishire','Missouri'),
(31565,54216,'Barry-Johnson','2024-02-06','1199 Melvin Shores','Salazarville','Alabama'),
(31717,74975,'Sandoval-Kennedy','2024-01-17','0822 Amy Throughway','Phelpsborough','Florida'),
(31750,36588,'Harrington-Woods','2024-02-01','77378 Patrick Point Suite 750','Karaport','Ohio'),
(31886,95998,'Moreno-Hernandez','2024-01-16','3914 Max Islands Apt. 358','North Brianmouth','Idaho'),
(31934,97477,'Johnson-Gallegos','2024-02-12','9701 Carmen Harbor','North Jerryville','Delaware'),
(32038,61316,'Salazar, Arnold and Hall','2024-01-15','648 Escobar Crossing Suite 870','Douglasbury','New Mexico'),
(32073,71500,'Figueroa Ltd','2024-02-03','81481 Wallace Mission','Moodytown','Hawaii'),
(32170,82817,'Wilson, Gutierrez and Lowe','2024-02-12','7518 Kimberly Turnpike Suite 458','Pennyfurt','Massachusetts'),
(32518,2756,'Hernandez, Patton and Patrick','2024-02-19','62108 Davis Meadows','Lake Benjaminberg','Nevada'),
(32894,89303,'Garcia Inc','2024-02-11','18102 Garrison Vista Apt. 296','Payneburgh','Alabama'),
(33555,61939,'Brown-Rodriguez','2024-01-16','9593 Palmer Valley Apt. 977','Kelseychester','Kentucky'),
(33676,27807,'Lopez PLC','2024-02-01','54366 Stewart Branch Apt. 977','Glassmouth','Connecticut'),
(33807,71686,'Perez, Marshall and Jones','2024-02-20','949 Ortega Corner','South Karen','Colorado'),
(34448,74752,'Collier-Oconnor','2024-02-23','330 Edwards Wells Apt. 647','North Angelafurt','Maine'),
(34502,70464,'Fisher Ltd','2024-01-16','0178 Melinda Estate Apt. 791','West Michaelfort','Oklahoma'),
(34525,81232,'Pacheco-Brown','2024-01-07','4846 Bishop Islands Suite 631','East Anthony','Kentucky'),
(34532,40990,'Melton PLC','2024-02-04','8114 Richard Villages Apt. 959','Huffland','Nebraska'),
(34585,39625,'Gibbs-Carey','2024-02-12','952 Jackson Park Apt. 991','North Angelaville','Florida'),
(34636,9125,'Le-Jones','2024-02-03','656 Henderson Ramp Suite 775','Michaelborough','Arkansas'),
(34707,69812,'Cain-Vasquez','2024-01-30','94921 Moore Roads Suite 379','Lake Sara','Washington'),
(35072,48910,'Santiago-Harding','2024-02-07','0325 Brent Cliff','Kyleside','Montana'),
(35392,65263,'Powell PLC','2024-01-22','996 Russell Fork Suite 163','West Elizabethburgh','Connecticut'),
(35518,93944,'Smith and Sons','2024-01-31','9921 Luna Gateway Apt. 219','East Angela','Ohio'),
(35746,40990,'Sanchez-Lopez','2024-02-05','3736 Harris Knoll Suite 184','Ericashire','Kansas'),
(35819,17866,'Vega, Curry and Miller','2024-02-09','482 Miguel Skyway Suite 427','New Antonioburgh','Tennessee'),
(35890,16452,'Gentry-Ruiz','2024-02-11','07239 Joshua Plaza','Millerton','Rhode Island'),
(36049,88031,'Hampton, Cohen and Vega','2024-01-26','344 John Inlet','Brewermouth','Wisconsin'),
(36076,51588,'Turner Ltd','2024-01-23','74747 Wendy Valley','Danielfurt','Alaska'),
(36202,24142,'Bush-Cain','2024-02-08','9093 Griffin Orchard Apt. 940','Port Jennifershire','South Dakota'),
(36267,34615,'Duncan-Diaz','2024-02-23','7510 Randy Centers','Leroytown','Iowa'),
(36526,35835,'Martin Inc','2024-01-21','707 John Centers Suite 495','Lake Emily','Alaska'),
(36545,53651,'Pratt, Byrd and Lawson','2024-01-23','6219 Kennedy Rapids','West Henryhaven','New Hampshire'),
(36656,58699,'Jenkins, Martinez and Singleton','2024-01-22','225 Olsen Locks Apt. 097','West Heidiville','Missouri'),
(36717,78748,'Perkins Group','2024-02-06','8850 Johnson Crescent','Wallmouth','Connecticut'),
(37115,68752,'Alexander, Mullen and Daniel','2024-01-24','407 Natalie Pine Apt. 550','East Edward','Hawaii'),
(37280,283,'Tucker Group','2024-02-02','5601 Hutchinson Spur','Theresaland','Illinois'),
(37487,84754,'Roberts, White and Perez','2024-01-21','7004 Christian Mountains','New Brian','Maryland'),
(37546,76322,'Reid-Huffman','2024-02-01','7567 Davis Forges Suite 504','Jeanbury','Illinois'),
(38129,42942,'Ward, Allen and Spencer','2024-01-14','7134 Pierce Canyon','South Miaview','Michigan'),
(38342,98131,'Stewart Group','2024-02-20','014 Barrera Parkway','Hernandeztown','New Hampshire'),
(38480,15505,'Clark, Thompson and Walker','2024-02-01','5901 Kathryn Points','Hardychester','Vermont'),
(38646,58532,'Anderson LLC','2024-02-05','59447 Harris Club Suite 557','Lake Samuelland','Alabama'),
(38830,99769,'Wolfe, Allen and Young','2024-02-14','4675 Stafford Mountain','Lake Amanda','Alabama'),
(38834,20845,'Reed Inc','2024-01-26','36522 Sharon Course','Christophershire','Nebraska'),
(38951,54371,'Walters and Sons','2024-02-13','012 Rios Points','Bethport','Washington'),
(39063,59359,'Curtis, Clark and Stewart','2024-02-08','086 Jeffery Prairie Apt. 732','Wilsonville','Montana'),
(39064,66121,'Carroll-James','2024-02-03','3918 Todd Mews','Sharonburgh','Alaska'),
(39273,90184,'Lucas-Dominguez','2024-01-25','108 Jimmy Rest','Robertchester','Hawaii'),
(39570,1735,'White Ltd','2024-02-08','92105 Vanessa Overpass','New Lacey','Mississippi'),
(39659,27482,'Walker Ltd','2024-02-24','963 Lane Way Suite 163','Smithfort','Missouri'),
(39814,48910,'Henderson PLC','2024-01-23','745 Gonzalez Drive Suite 931','South Stephaniechester','Washington'),
(40388,13392,'Burton PLC','2024-02-22','18255 Jennifer Skyway','Woodwardbury','Oklahoma'),
(40630,83610,'Murphy-Allison','2024-01-27','09623 Stanley Drive','North Nicholas','Delaware'),
(41242,99769,'Delgado, Williams and Walker','2024-01-31','6614 Whitney Pines','Stokesfurt','Texas'),
(41326,2756,'King Inc','2024-02-02','71507 Briggs Islands','Anthonyshire','New Jersey'),
(41660,29793,'Thomas Ltd','2024-02-16','20192 Hanson Rue Apt. 333','Lake Misty','New York'),
(41942,56622,'Rogers-Smith','2024-02-12','61814 Smith Parks Apt. 834','New Nicholas','South Dakota'),
(42013,79189,'Miller PLC','2024-02-26','2895 Thomas Viaduct','Cainside','North Carolina'),
(42048,33601,'Lewis, Silva and Miller','2024-02-08','83074 Bennett Rapid','Port Deborah','North Dakota'),
(42075,33902,'Thomas-Johnson','2024-02-01','06257 Roberts Union Suite 118','West Alejandra','Maine'),
(42180,75109,'Mejia, Mosley and Ortiz','2024-02-20','00613 Sharon Heights','Port Daniel','Virginia'),
(42493,92292,'Romero LLC','2024-02-02','20515 Rodriguez Ranch Suite 850','East Teresamouth','South Dakota'),
(42753,56650,'Pena LLC','2024-02-08','056 John Ports Suite 354','East Julieport','Alaska'),
(43182,12482,'Jackson LLC','2024-02-12','319 Fletcher Creek','Zhangland','Florida'),
(43558,89303,'Berry-Hamilton','2024-01-27','9260 Joseph Lodge','Mitchellfort','Florida'),
(43659,14534,'Green, Cooper and Roberts','2024-01-16','78259 Martinez Crossroad','North Brandon','Louisiana'),
(43813,4126,'Trevino, Ferguson and Jackson','2024-01-31','13278 Stephen Tunnel','Peterbury','Delaware'),
(43858,7823,'King LLC','2024-02-06','527 Brandy Dale','Alyssaport','Wyoming'),
(43896,20845,'Rivera Ltd','2024-02-24','33630 Marshall Passage Apt. 554','West Kathy','Oregon'),
(43996,15028,'Dean, Garza and Hernandez','2024-01-21','31814 Alexander Plaza','Carriebury','South Dakota'),
(44159,283,'Moore, Vargas and Harris','2024-02-10','253 Rose Ridge','Wellsside','Connecticut'),
(44464,28486,'Fry-Blake','2024-02-04','6038 Walker Square Apt. 021','Townsendport','Wisconsin'),
(44584,13242,'Mayer-Cordova','2024-02-21','50652 Gonzalez Course','Tiffanyfort','Indiana'),
(45022,29524,'Sanchez-Charles','2024-02-03','154 Anna Springs','Davisfurt','New York'),
(45133,85099,'Jenkins, Le and Garcia','2024-02-18','566 Andrea Points Apt. 713','West Robert','Nebraska'),
(45615,98658,'Jones, Lopez and Schroeder','2024-02-06','343 Jones Springs Suite 892','Zacharyberg','Idaho'),
(45829,17273,'Reyes-Spence','2024-01-29','0137 Carol Track Suite 282','Debrahaven','Utah'),
(45897,73612,'Barker-Allison','2024-02-14','36063 Villegas Keys Suite 314','Rayburgh','Florida'),
(46107,80713,'Harrison-Ramsey','2024-02-11','130 Rebecca Drive Apt. 509','West Brittanyhaven','Delaware'),
(46186,84285,'Banks-Jenkins','2024-02-04','77997 Johnson Port','Davidville','Tennessee'),
(46284,37470,'Romero PLC','2024-01-26','390 Karen Lights Apt. 806','North Adam','New Mexico'),
(46550,203,'Kim LLC','2024-01-23','929 Adam Mills','Fosterburgh','North Carolina'),
(46580,66225,'Hall PLC','2024-01-25','84562 Wanda Loop Apt. 220','Williamland','Indiana'),
(46706,3848,'Owens, Henderson and Perkins','2024-01-29','5823 Douglas Forge','West Adamview','Colorado'),
(46737,27482,'Gonzalez-Davis','2024-02-01','8803 Cooper Trail','Richardside','New Hampshire'),
(47109,70739,'Taylor, Schneider and Rhodes','2024-02-15','6524 John Groves Suite 204','Millsside','Maine'),
(47234,50259,'Valenzuela-Hernandez','2024-02-12','73205 Krystal Camp Apt. 037','Paulburgh','Wisconsin'),
(47689,64894,'Parks, Collins and Robinson','2024-01-31','10945 Johnson Glens Apt. 295','New Gregory','Oregon'),
(47709,7039,'Hernandez-Holmes','2024-01-27','542 Macdonald Cliff Apt. 060','Thomasfort','Colorado'),
(48551,12612,'Bennett PLC','2024-02-02','3888 Becky Route Apt. 280','East Jonathanshire','Missouri'),
(48636,35408,'Hunter and Sons','2024-02-08','61429 Collins Creek Suite 035','North Jessicaview','Hawaii'),
(48751,96326,'Parker and Sons','2024-01-26','1138 Wells Harbor Apt. 761','Caitlinbury','Hawaii'),
(48927,55888,'Willis-Beard','2024-01-21','456 Palmer Point','Huntermouth','Nebraska'),
(49095,91171,'Jefferson, Wheeler and Williams','2024-01-27','3119 Aguirre Manors','Ronaldport','Arkansas'),
(49434,34615,'Ho LLC','2024-02-09','14436 Bryan Meadows','Port John','New York'),
(49560,17217,'Sellers, Hawkins and Miller','2024-02-01','59830 Ian Turnpike','West Timothyview','South Carolina'),
(49614,82451,'Webb and Sons','2024-02-20','253 Watson Stravenue','Gomezview','Hawaii'),
(49740,12148,'Peters, Woods and Campbell','2024-02-02','9409 David Harbors Apt. 380','South Shari','Nevada'),
(49823,22415,'Gilmore-Lopez','2024-02-07','17407 Regina Fort','Donaldbury','Maryland'),
(49903,21651,'Joseph Ltd','2024-02-03','4711 Zimmerman Wall Suite 317','Lake Trevorview','Virginia'),
(50266,49026,'Jackson-Hughes','2024-02-15','628 Taylor Cape Apt. 740','New Rachel','Colorado'),
(50610,47511,'Wilson-Diaz','2024-01-29','82232 Virginia Inlet','Mooreland','Massachusetts'),
(50755,34082,'Bailey PLC','2024-01-25','3458 Denise Route Suite 876','North Dalestad','Michigan'),
(50945,42095,'Costa, Rodriguez and Perry','2024-02-29','962 Robinson Haven','Port Brianstad','Illinois'),
(50984,34279,'Koch-Hall','2024-02-06','15198 Heather Circles','Amymouth','Vermont'),
(51386,12069,'Baxter-Wallace','2024-01-09','6338 Kathy Trail Suite 142','Port Nicholas','Pennsylvania'),
(51513,60233,'Nguyen and Sons','2024-02-08','202 Garner Divide Apt. 855','Sandershaven','New Hampshire'),
(51608,98100,'Aguilar Group','2024-02-02','69412 Brittany Underpass Suite 785','Scottfort','Mississippi'),
(51701,98954,'Adams Inc','2024-01-23','9641 Valenzuela Drive Apt. 276','North Carolynview','Iowa'),
(51728,4492,'Mckinney-Morales','2024-01-08','655 Jasmine Drives','Lake Andrea','North Dakota'),
(51873,67357,'Brooks Inc','2024-01-31','7992 Anderson Oval Apt. 230','Pagemouth','Florida'),
(51989,53651,'Smith Ltd','2024-02-15','37125 Walsh Hills','Port Luis','Rhode Island'),
(51990,80969,'Yoder-Campbell','2024-02-09','219 Wright Cliffs','Billyborough','Hawaii'),
(52180,85704,'Bates, Cardenas and Miller','2024-01-26','4963 Hughes Pines','Bellside','North Carolina'),
(52423,90749,'Sexton-Jackson','2024-02-19','13008 Hester Heights','West Jenniferfort','Missouri'),
(53442,94773,'Grimes-Davis','2024-02-18','0332 Jesse Fall','Lake Kristenberg','Washington'),
(53465,3637,'Lutz LLC','2024-01-20','88965 Donna River','Travisbury','California'),
(53467,71411,'Mata Group','2024-02-01','457 Sydney Underpass Suite 014','Malonemouth','Illinois'),
(53995,19929,'Alvarez-Garcia','2024-01-10','8575 John Course Apt. 157','Meganton','Missouri'),
(54243,6938,'Jarvis, Colon and Hicks','2024-01-29','1741 Ho Gateway','Greenetown','South Dakota'),
(54333,92292,'Joseph Inc','2024-01-30','821 Paula Tunnel Suite 076','West Luis','Arizona'),
(54439,32204,'George Group','2024-02-10','8085 Gregory Mews Apt. 542','Paulmouth','South Dakota'),
(54533,38911,'Tucker, Hood and Hodge','2024-02-14','1418 Anthony Harbor','East Joseph','Maryland'),
(54784,78694,'Valentine-Phillips','2024-02-23','143 Michelle Walks','East Lauraborough','Montana'),
(54912,36434,'Smith Inc','2024-02-05','363 Cynthia Circles','North Robertport','Mississippi'),
(55185,76214,'Sanford Ltd','2024-02-02','89253 Hopkins Fords','Lake Mark','Missouri'),
(55255,49759,'Valdez, Smith and White','2024-01-26','54780 Jennifer Summit Suite 911','South Randy','Delaware'),
(55345,35877,'Moore-Duke','2024-02-10','312 Wagner Pass Suite 001','Jessicatown','New Jersey'),
(55454,58655,'Lee-Vega','2024-01-13','54256 Sierra Rue','Kathleenmouth','Wyoming'),
(55590,79927,'Mckenzie-Carter','2024-02-10','5093 Aaron Oval','Benjaminstad','Maryland'),
(55979,92292,'Williams Inc','2024-02-05','3428 Frazier Estates','Clarkland','California'),
(56053,17217,'George Inc','2024-02-17','16906 Norton Row Apt. 710','Port Dawnstad','New York'),
(56573,97553,'Crawford-Holden','2024-02-22','08384 Johnson Run','Alicetown','Missouri'),
(56731,12612,'Navarro, Fisher and Shelton','2024-02-07','855 Joel Brook Apt. 908','Port Jacobside','Texas'),
(56812,24396,'Barrett-Garcia','2024-01-18','632 Ryan Key Apt. 109','Byrdton','Oregon'),
(56885,76561,'Chen-Clark','2024-02-14','3011 Crystal Port','Lake Crystal','New Hampshire'),
(56955,35763,'Shaw-Monroe','2024-02-12','386 Gardner Green','South Emma','Florida'),
(57052,63891,'French-Willis','2024-01-31','4239 Anthony Village','North Jeremyburgh','Maine'),
(57211,74698,'Mejia, Rivas and Thompson','2024-02-05','37556 Jerry Points Apt. 577','East Edwardfort','Vermont'),
(57288,41515,'Parker, Acosta and Rios','2024-02-06','43093 Beasley Walks Apt. 143','Port Curtis','Oregon'),
(57296,82534,'Klein-Stephenson','2024-01-29','6528 Golden Road','West Christopherberg','Vermont'),
(57610,62314,'Colon LLC','2024-02-08','7079 Nash Green','Josephstad','Kentucky'),
(57652,11500,'Miller-Roberts','2024-02-02','575 Natalie Stream','Kendraton','California'),
(57685,234,'Hoffman Ltd','2024-01-26','58228 Megan View Apt. 267','Justinburgh','Kentucky'),
(57762,29524,'Hughes, Terry and Hodge','2024-01-15','9773 Patel Loop Suite 794','Lake Jodifort','New Hampshire'),
(57864,35835,'Franklin, Meyers and Porter','2024-01-31','489 William Falls','South Gerald','New York'),
(57946,4126,'Gonzales, Velasquez and Dawson','2024-02-04','0223 Adam Extensions Apt. 169','Rachelchester','New Jersey'),
(57969,35835,'Bautista PLC','2024-02-02','254 Lisa Mountains Apt. 110','East David','Alabama'),
(58040,32287,'Brown PLC','2024-01-15','5225 Parker Mission','Shannonshire','Nevada'),
(58188,76214,'Harris LLC','2024-02-02','24607 Deanna Ramp Suite 858','Perezville','New Mexico'),
(58590,75245,'Gentry-Harris','2024-02-07','9036 Arellano Bypass','East Briana','Texas'),
(58866,37470,'Jones-Cruz','2024-01-19','7800 Howell Overpass Suite 888','Kaylaland','South Dakota'),
(58930,91164,'Banks, Rogers and Johnson','2024-02-15','58923 Karen Crest','Jonathanshire','Nevada'),
(58961,91758,'Hartman and Sons','2024-01-24','2938 Brittney Mill','Stephenshire','Hawaii'),
(59210,51008,'Black-Elliott','2024-01-12','691 Washington Skyway Suite 547','North Jenniferfort','Arizona'),
(59253,23527,'Hunt, Moreno and Evans','2024-01-29','9081 Mackenzie Road','Cheryltown','Wisconsin'),
(59280,38353,'Lucas-Stewart','2024-02-08','238 Wanda Wall','Richburgh','Ohio'),
(59612,41515,'Dickson, Jones and Lopez','2024-01-16','13089 Kimberly Harbor','Porterville','Wyoming'),
(59838,30939,'Mccormick and Sons','2024-02-06','8482 Murray Springs','Davidstad','Washington'),
(59902,25686,'Bailey, Hensley and Oconnell','2024-01-11','92325 Nelson Cape','Maldonadomouth','California'),
(60208,11452,'Bolton Inc','2024-02-21','38642 Lindsey Circles','Wrightstad','Oregon'),
(60804,59990,'Higgins-Willis','2024-02-04','9421 Robinson Courts Suite 039','West Elaine','New York'),
(61263,98100,'Johnson-Johnson','2024-02-20','28940 Joel Trafficway Suite 902','New Jonathanburgh','Hawaii'),
(61425,10695,'Larson-Le','2024-02-08','4380 Mcbride Mount Apt. 709','Moniquemouth','Nebraska'),
(61820,34982,'Young LLC','2024-02-06','52218 James Square','East Donaldhaven','Louisiana'),
(62018,77178,'Jackson-Dennis','2024-02-18','721 Kenneth Corners','Lake Pedroberg','Kansas'),
(62067,59990,'Palmer Group','2024-01-15','098 Stein Drive','Lake Robertberg','Montana'),
(62118,91028,'White LLC','2024-01-22','09334 Curtis Road Suite 325','East Grant','New Hampshire'),
(62293,61067,'White PLC','2024-02-08','6598 Perez Locks','Thompsonfort','Georgia'),
(62392,35003,'Carter-Lee','2024-02-22','505 Bentley Lake Apt. 824','Heathermouth','Oklahoma'),
(62524,59990,'Hill-Wright','2024-01-20','47877 Jeffery Plaza Apt. 190','Port Joshua','Nebraska'),
(62572,31063,'Lindsey and Sons','2024-02-10','9603 Hayes Throughway','East Erikchester','Louisiana'),
(62656,2556,'Matthews-White','2024-02-04','4925 Lisa Road Suite 034','Gonzalezshire','Florida'),
(62735,35574,'Huber-Wagner','2024-02-06','679 Gomez Walks','Jacksonside','Maine'),
(63062,82729,'Carney, Foley and Blair','2024-02-05','135 Johnson Haven','Sparksborough','Washington'),
(63218,22485,'Duffy Inc','2024-02-11','8881 Heidi Course','Port Colleenhaven','Indiana'),
(63256,23527,'Fletcher-James','2024-02-11','038 Carolyn Burgs','Port Erik','Arkansas'),
(63406,24142,'Coleman-Fletcher','2024-02-21','862 Cummings Circle','Rachelhaven','Mississippi'),
(63412,71691,'Young PLC','2024-01-28','67656 Veronica Plains Suite 271','East Jefferymouth','California'),
(63428,63333,'Graham-Lowe','2024-02-08','6870 Edward Plain','Heatherstad','Connecticut'),
(63440,61356,'Green, Kirby and Rush','2024-02-22','226 Theresa Flats Suite 895','Williamsbury','Maine'),
(63567,56260,'Roman-Powell','2024-02-09','36554 Christian Valley','North Pamela','South Carolina'),
(63584,38687,'Cordova and Sons','2024-01-20','15333 Greene Mills Suite 557','Bergerfurt','Illinois'),
(63927,81232,'Rollins-Garcia','2024-02-10','4085 Lloyd Fork Suite 533','Yatesview','Georgia'),
(63937,58699,'Smith PLC','2024-02-02','901 Scott Valley Suite 584','Cowanbury','North Carolina'),
(64057,63311,'Campbell PLC','2024-01-27','65867 Fritz Shores','Port Donaldtown','North Dakota'),
(64488,52499,'Cox, York and Grant','2024-01-28','1047 Marilyn Port Apt. 620','Ashleyfurt','Georgia'),
(64734,94773,'Black Group','2024-02-02','2137 Kelli Plaza Suite 084','Fernandostad','Nebraska'),
(65637,12854,'Lara and Sons','2024-01-31','42065 Walker Course Suite 327','East Andrehaven','Idaho'),
(65712,96326,'Lewis, Nichols and Smith','2024-02-04','7408 Christopher Mountain Suite 628','East Dominic','Oregon'),
(65998,65617,'Cole PLC','2024-02-12','60120 Patricia Crossing','New Debbiehaven','Kentucky'),
(66176,35763,'Mclaughlin-Wilson','2024-02-19','44872 Felicia Mountain Apt. 358','West Austin','Louisiana'),
(66412,8562,'Myers, Brandt and Cochran','2024-01-23','2958 Laura Unions','West Kylemouth','Wisconsin'),
(66685,70739,'Blake, Dougherty and Shaw','2024-01-12','1483 Jeffrey Burgs Apt. 022','New Jamesburgh','California'),
(66718,54216,'Lee, Collins and Moody','2024-02-29','2914 Lowery Harbors','Port Sharon','Montana'),
(67350,14166,'Mahoney LLC','2024-02-09','978 Camacho Square','East Elizabethchester','Massachusetts'),
(67389,26474,'Bradley-Gross','2024-01-20','461 Williams Row','Laneville','Iowa'),
(67777,38911,'Howard-Kelley','2024-02-06','1137 Reyes Crossroad Apt. 688','Ashleyport','Arizona'),
(67985,75079,'Clark, Flores and Rodriguez','2024-01-31','011 Carrillo Estates Suite 571','Hillhaven','Minnesota'),
(68345,52526,'Adams, Dillon and Carlson','2024-02-14','865 Chapman Roads Apt. 846','Zimmermanborough','Washington'),
(68495,79305,'Roberts, Aguirre and Smith','2024-02-01','1222 Underwood Cliff Suite 679','Lake Megan','Delaware'),
(68788,48283,'Smith, Mays and Johnson','2024-02-02','45214 Tara Place','Lake John','New Hampshire'),
(68892,79189,'Bentley-Sandoval','2024-01-20','470 Rhodes Grove Apt. 688','Robertstad','Utah'),
(69139,23209,'Chavez, Thompson and Reyes','2024-02-07','514 Kramer Keys','Angelaborough','Louisiana'),
(69390,11687,'Harris, Gallagher and Rivera','2024-02-06','76438 Howard Causeway Apt. 848','South Shawn','Louisiana'),
(69644,91832,'Garrett Ltd','2024-01-31','1741 Derek Mountains Apt. 312','Port Jennifer','Alabama'),
(69831,56650,'Jordan PLC','2024-01-30','4777 William Branch','South Justin','Colorado'),
(69856,10354,'Mercer-Harris','2024-02-12','99335 Jennifer Mews Suite 349','Jacksonton','Tennessee'),
(69878,32368,'Kaufman-Williams','2024-02-14','34054 Sonia Ways Apt. 335','Carlaton','Montana'),
(70104,16449,'Davidson-Perez','2024-01-21','8635 Alexandra Cape','West Mario','Vermont'),
(70374,56650,'Alexander and Sons','2024-01-10','54285 Erin Underpass Apt. 685','Erikport','Oklahoma'),
(70441,51532,'Jacobs, Haas and Mullins','2024-02-09','080 Robert Ports','New Charles','Illinois'),
(70528,54761,'Sanchez Group','2024-01-14','346 Kristen Hill Suite 954','West Joshua','Georgia'),
(71343,96326,'Nicholson Ltd','2024-02-03','763 Matthew Spur Apt. 749','Amandamouth','Louisiana'),
(71470,77941,'Ross, Tyler and Franco','2024-02-01','957 Walsh Mountain','West Anne','Pennsylvania'),
(71633,42307,'Moore PLC','2024-02-25','7220 Michael Expressway Suite 770','Hartmouth','Alaska'),
(71689,17392,'Evans Group','2024-02-09','5644 Stein Curve Apt. 239','New Brianland','Vermont'),
(71717,74764,'Lewis, Taylor and Hernandez','2024-01-25','7026 Baird Court Apt. 052','West Priscillafort','Utah'),
(72277,60233,'Thornton, Gomez and Small','2024-02-07','56334 Chris Drive Suite 209','North Michael','Illinois'),
(72386,28486,'Wilson, Burns and Baker','2024-02-04','722 Hill Trail','Hernandezchester','Wyoming'),
(72484,70914,'Holder-Tanner','2024-02-02','083 Eric Spring','Franklinburgh','Georgia'),
(72741,58877,'Randall, Lozano and Cook','2024-02-07','14575 Matthew Gardens Suite 861','Port Michael','Colorado'),
(72757,36826,'Lewis-Flores','2024-02-04','31916 Jason Court','West Davidstad','Alabama'),
(72937,81232,'Larson Inc','2024-02-09','174 Romero Pike Apt. 786','North Ronaldmouth','Alaska'),
(73240,7717,'Davis, Bates and Carlson','2024-01-31','801 Gabriela Station Suite 349','Michaelbury','Alaska'),
(73276,32204,'Bishop, Burgess and Strickland','2024-02-08','17949 Anderson Pass Apt. 571','Jennifershire','Pennsylvania'),
(73476,5740,'Campbell LLC','2024-02-02','97816 John Spring','Port Alexis','South Dakota'),
(73963,58877,'Rios and Sons','2024-02-09','99993 John Locks','New Taylor','West Virginia'),
(74182,82534,'Guerra, Martinez and Thompson','2024-01-22','870 Arias Villages Suite 817','East Carolville','Colorado'),
(74281,75236,'Brown-Miller','2024-01-29','7334 Cole Knolls Apt. 868','Oconnellstad','Rhode Island'),
(74413,34612,'Porter, White and Willis','2024-02-28','60463 Thompson Mountain Apt. 605','Jeffreyside','Missouri'),
(74671,34615,'Brown, Griffin and Harmon','2024-01-31','359 Kristy Springs','New Kristi','Oregon'),
(74755,88694,'Thomas-White','2024-01-22','315 Stacy Points','Shepardmouth','Maryland'),
(74759,81232,'Joseph-Huynh','2024-02-10','2183 William Fork','Martinview','Indiana'),
(74856,37470,'Bradshaw-Mccoy','2024-01-25','987 Philip Turnpike Suite 616','Claudiamouth','Michigan'),
(75080,80172,'Caldwell-Murray','2024-02-01','68775 Gilbert Mission','Royside','Rhode Island'),
(75639,33361,'Gutierrez, Miller and Roberts','2024-02-07','653 Christopher Keys Apt. 375','New Jason','Colorado'),
(75975,22415,'Fitzpatrick-Ramirez','2024-01-20','3309 Courtney Pass Apt. 590','West Cindyburgh','Texas'),
(76113,69812,'Morgan and Sons','2024-01-20','6764 Johnston Corners Apt. 942','Brownland','Ohio'),
(76398,89916,'Carroll and Sons','2024-02-19','1467 Edwards Squares Suite 587','East Summer','Alaska'),
(76547,66121,'Everett, Bird and Flores','2024-02-17','315 Christina Hills','Nelsonfort','Georgia'),
(76648,35877,'Wall, Greer and Wheeler','2024-01-24','8494 Larry Brook Apt. 387','Jonathanton','Nevada'),
(76683,96326,'Hernandez-Rogers','2024-01-23','77286 Ross Turnpike','Martinezshire','Nevada'),
(76870,52310,'Brown-Smith','2024-02-04','744 Williams Fork Apt. 857','Laurabury','Louisiana'),
(77036,76624,'Guzman-Ochoa','2024-01-11','027 Todd Falls Suite 355','Lake Jasonberg','Washington'),
(77283,63840,'Garcia-Smith','2024-02-05','29359 Samantha Estate','New Denise','West Virginia'),
(77316,26674,'Fernandez LLC','2024-02-29','5756 Diane Wall Apt. 980','Port Joy','Missouri'),
(77724,10708,'Wade-Tyler','2024-01-20','047 Anderson Key Suite 197','Staceyport','Oregon'),
(78110,56202,'Russell PLC','2024-02-17','2949 Frank Track Suite 284','West Mario','California'),
(78316,79682,'Johnson-Spencer','2024-02-05','916 Jamie Harbor','Jacksonview','Wisconsin'),
(78444,34349,'Maldonado, Booker and Garcia','2024-01-15','43555 Hart Villages Apt. 852','Kellyberg','Utah'),
(79111,48283,'Stone-Ray','2024-01-29','0591 Bryce Meadow','Lake Angela','Hawaii'),
(79738,35877,'Mccarty-Baxter','2024-01-30','5776 Hall Drives','Alvaradomouth','Nebraska'),
(79872,25605,'Woods, Wallace and Gomez','2024-02-15','01660 Foley Fords','North Ericaburgh','Nevada'),
(80100,6938,'Mercer-Harris','2024-02-03','4681 Alvin Lock Apt. 493','Williamsfort','Tennessee'),
(80578,41515,'Barber PLC','2024-02-02','8711 Sanchez Mews','Turnerbury','New Jersey'),
(80923,85704,'Steele-Kirby','2024-01-23','6795 Dana Lock','New Ritafort','Vermont'),
(80967,47511,'Beard, Rios and Sims','2024-02-24','55847 Tara Rapids','Holmesshire','New Jersey'),
(81045,87262,'Berg-Lowe','2024-01-26','374 Ricky Springs Suite 364','Brownburgh','Florida'),
(81407,22485,'Rogers, Brown and Oliver','2024-02-16','37458 Rhodes Motorway Apt. 869','Ramirezchester','Wisconsin'),
(81652,37305,'Conner Ltd','2024-01-13','252 Emily Expressway Apt. 251','Jonathanshire','South Dakota'),
(81658,50048,'Armstrong, Rios and Decker','2024-02-01','9278 Nunez Neck','West Joe','Delaware'),
(81678,23209,'Pacheco Group','2024-02-12','880 David Forge Suite 746','Gomezland','Nebraska'),
(81684,42910,'Thomas Group','2024-02-03','22637 Rogers Neck Suite 952','Port Kathleenport','Montana'),
(81768,53651,'Cook, Martinez and Blackwell','2024-01-30','798 Thomas View','Murphyfurt','North Dakota'),
(82093,63840,'Salas LLC','2024-01-25','36428 Michael Road','Samuelport','Indiana'),
(82259,29524,'Patterson LLC','2024-01-31','07226 Burke Camp','Lake Susanland','Mississippi'),
(82318,7237,'Conley, Petty and Middleton','2024-01-21','98124 Levi Centers','East Stacie','West Virginia'),
(82320,75236,'Holt, Roberts and Dawson','2024-02-08','10177 Williams Causeway Apt. 593','Luishaven','Virginia'),
(82354,58584,'Haas-Cunningham','2024-02-12','2179 Donovan Forges','Lake Ianmouth','Florida'),
(82544,74975,'Fernandez, Taylor and Thomas','2024-02-24','2275 Mcbride Prairie','Matthewfort','Louisiana'),
(82773,99165,'Smith-Moreno','2024-01-14','43226 Cuevas Loop','East Ashley','New Mexico'),
(82862,70464,'Greer-Graves','2024-03-01','81276 Wise Springs Suite 377','Wintersberg','Kentucky'),
(83037,27482,'Summers PLC','2024-02-16','549 Chavez Lake','Valentinebury','Connecticut'),
(83622,98658,'Moss Inc','2024-01-31','6111 Skinner Ranch Suite 979','Pachecoville','Nebraska'),
(83754,13196,'Carlson Inc','2024-02-03','2014 Clinton Lodge','Lake Michaelmouth','West Virginia'),
(83784,91171,'Keith, Woodard and Sloan','2024-02-05','148 Hunter Coves Suite 558','Rossburgh','Pennsylvania'),
(83924,34982,'Smith PLC','2024-03-03','118 Todd Loop Apt. 310','Baileyview','Georgia'),
(84076,86810,'Avery, Avery and Wheeler','2024-01-26','96796 Jessica Fall','South Sean','North Dakota'),
(84129,74698,'Fuller, Baldwin and Meyer','2024-02-06','232 Wells Mission Suite 747','Ramosview','Georgia'),
(84592,12854,'Underwood-Roberts','2024-02-19','76719 Scott Knolls','Langshire','Wyoming'),
(84849,52045,'Zavala, Jordan and Schaefer','2024-01-31','2685 Brenda Ridges','Bakerberg','Idaho'),
(84931,1536,'Jimenez PLC','2024-01-31','8024 Henry Terrace Suite 125','East Matthew','Idaho'),
(85035,2954,'Villanueva-Rivera','2024-02-03','731 Fuller Way Apt. 415','Richardland','Vermont'),
(85380,66229,'White, Fields and Johnson','2024-02-15','91687 Long Valleys Apt. 420','Rodriguezburgh','Ohio'),
(85465,37305,'Thompson-Reid','2024-01-27','0819 Williams Radial','New Amytown','Maryland'),
(85970,82534,'Russell Group','2024-02-09','94626 Benjamin Prairie Suite 877','Thomasfurt','Nebraska'),
(86111,12148,'Walters, Wagner and Alvarado','2024-02-17','71209 Nathan Isle','North Heatherton','New Hampshire'),
(86185,85704,'Torres Group','2024-02-16','46886 Richmond Valleys','East Ericview','Georgia'),
(86441,34615,'Fernandez, Ruiz and Barnes','2024-01-30','63901 Baker Wells','Kennethborough','South Dakota'),
(86514,66889,'Randall Inc','2024-03-02','6536 Dakota Knolls','Cunninghamville','Mississippi'),
(87213,21651,'Schroeder Group','2024-01-24','08897 Christopher Station','North Rachelhaven','Alabama'),
(87287,85099,'Gonzalez-Strong','2024-02-07','2065 Kyle Lane','Kimview','North Dakota'),
(87493,77663,'Williams, Smith and Lynch','2024-01-29','91772 Silva Lodge Apt. 440','Gutierrezmouth','Alabama'),
(87531,77619,'Moreno-Dyer','2024-01-28','9586 Michael Drives','Port Joseland','California'),
(87583,50442,'Morrison, Miller and Williams','2024-01-29','15264 Robert Mall','West Cody','New Jersey'),
(87758,85798,'Thomas, Porter and Sandoval','2024-01-16','7534 Foster Points Apt. 223','Bauerton','New Jersey'),
(87764,66229,'Ward, Smith and Brock','2024-02-13','15878 Davis Underpass Suite 127','Joannaland','Utah'),
(88027,79305,'Hunter-Hicks','2024-02-01','7046 Mary Stravenue Suite 581','North Dwayne','South Dakota'),
(88226,2954,'Fitzgerald, Howard and Bailey','2024-01-30','36762 Williams Port','Port Wendyville','Arkansas'),
(88402,69812,'Espinoza, Price and Shields','2024-02-15','61992 Nelson Falls','East Courtney','Minnesota'),
(88483,16449,'Arias-Rivas','2024-01-28','15554 Diaz Spur Apt. 550','South Howard','Oklahoma'),
(88725,77663,'Acevedo LLC','2024-01-26','804 Watson Cliff','Gonzalezton','North Carolina'),
(89068,32621,'Fernandez LLC','2024-01-29','0761 Billy Manors Suite 910','Taylorville','Louisiana'),
(89553,33900,'Jenkins-Webster','2024-01-28','178 Ramsey Bridge','Port Rachelshire','South Carolina'),
(89692,82451,'Riley-Bradshaw','2024-01-25','46781 Keith Motorway','Tranmouth','Wisconsin'),
(90218,5740,'Williams-Case','2024-01-17','823 Rhonda Forest','South Elizabeth','New York'),
(90744,19957,'Conner-Franklin','2024-02-12','77609 Paul Wells','Valdezton','Hawaii'),
(90849,47389,'Medina-Rich','2024-02-10','923 Ramirez Ways Apt. 406','Liuport','Illinois'),
(91211,91758,'Ashley-Boyle','2024-01-30','987 Stephanie Falls Suite 551','Thomasmouth','North Dakota'),
(91284,61067,'Wise LLC','2024-02-02','154 Austin Hill','New Joseborough','Georgia'),
(91459,99984,'Trevino, Williams and Olson','2024-01-31','759 Veronica Street','Perkinsstad','New Mexico'),
(91522,74975,'Tapia, Cruz and Sherman','2024-01-21','3094 Todd Drive','Perezhaven','Missouri'),
(91895,79927,'Spence-Sims','2024-01-30','500 James Mountain','Schmidtborough','Kentucky'),
(92631,50259,'Russell, Bray and Hanson','2024-02-06','63573 Ingram Parks','East Samuel','Nevada'),
(92640,55874,'Bowman PLC','2024-01-25','5376 Sara Rapids','New Lisa','Ohio'),
(92699,15566,'Kelly-Zavala','2024-01-16','36654 Lisa Mall','Adrianfurt','Nevada'),
(92839,39625,'Paul, Ramirez and Weaver','2024-02-25','884 Jose Vista Suite 824','North Leah','Louisiana'),
(93044,71694,'Jones-Hayes','2024-02-06','36832 Pierce Flat','Lake Kathy','Michigan'),
(93075,95589,'Mitchell-Mills','2024-01-18','287 Zachary Hills Suite 133','Rodriguezland','Ohio'),
(93090,33923,'Edwards-Ray','2024-02-02','4516 French Row','Brandonmouth','Delaware'),
(93339,35909,'Hernandez, Harrison and Reese','2024-01-30','019 Mendoza Ports','North Joy','Missouri'),
(93386,39222,'Thompson-Jackson','2024-01-24','2156 Turner Skyway','Victorialand','South Dakota'),
(93416,46071,'Gordon, Daugherty and May','2024-01-24','06920 Johnston Manors Apt. 684','South Markbury','New York'),
(93498,27763,'Wong-Collins','2024-02-10','0484 Gabriel Mews','Cookberg','New Hampshire'),
(93583,79927,'Torres Group','2024-01-18','418 Alicia Hills','North Jennifer','Mississippi'),
(93630,34982,'Drake and Sons','2024-02-17','95515 Samuel Wall','South Joshua','Alaska'),
(93776,81232,'Williams-Kirby','2024-02-01','804 Odonnell Course','Colemanbury','Tennessee'),
(93806,30260,'Grimes, Clark and Gray','2024-02-19','80347 Kristina Meadows Suite 344','Allisonfurt','Louisiana'),
(94131,51535,'Gutierrez, Cole and Jones','2024-01-21','4303 Scott Green','Lake Karenton','South Dakota'),
(94209,99498,'Bautista-Smith','2024-02-09','7656 Ashley Isle','Alisonport','Iowa'),
(94252,85712,'Allen-Williams','2024-02-08','865 Jared Estate','North Lisahaven','Alabama'),
(94696,55888,'Coleman-Dunn','2024-02-06','0836 Mary Coves Suite 501','North Jillland','Maine'),
(94921,99144,'Frazier, Murray and Olsen','2024-02-16','3238 Michael Ramp Suite 004','New David','Florida'),
(94976,24396,'Wang and Sons','2024-02-10','908 Williams Harbors','North Wanda','New York'),
(95021,55874,'Mcgee and Sons','2024-01-18','1195 Ramirez Fords Apt. 541','Port Kathrynside','Rhode Island'),
(95060,35909,'Torres LLC','2024-02-17','7862 John Stravenue','North Ian','Illinois'),
(95142,546,'Snyder, Perry and Downs','2024-01-25','632 Hartman Light','Rodriguezshire','Washington'),
(95293,83353,'Edwards LLC','2024-02-03','7230 David Trail Apt. 402','Merrittmouth','South Dakota'),
(95319,71411,'Freeman-Smith','2024-02-15','266 Scott Wells','Brownborough','Colorado'),
(95689,70926,'Knight, Jackson and Maxwell','2024-01-28','469 Jacobs Prairie Suite 546','Kellerborough','North Dakota'),
(96191,12612,'Tran, Clarke and Nguyen','2024-01-20','4431 Alexander Point Apt. 587','New Erica','Nebraska'),
(96429,16449,'Smith-Smith','2024-02-09','3516 Cantu River','Perezshire','Colorado'),
(96563,28486,'Haney Group','2024-01-14','7907 Shawn Ports Apt. 130','Walterside','Nevada'),
(96632,71694,'Burnett PLC','2024-01-25','3994 Smith Knoll Apt. 897','Grayhaven','Tennessee'),
(96818,35408,'Ortiz-Robinson','2024-01-30','598 Keller Lane','Caseychester','California'),
(96822,84285,'Ewing, Fernandez and Werner','2024-01-29','50353 Vincent Falls Apt. 333','Briannachester','Minnesota'),
(96979,55747,'Ortiz, Jackson and Mcdowell','2024-02-13','4614 Andrew Avenue Suite 872','Greenbury','Pennsylvania'),
(96994,10822,'Shelton, Larson and Jackson','2024-01-31','9694 Cassandra Lakes','Herrerafort','West Virginia'),
(97238,28952,'Sanchez, Smith and Cochran','2024-02-02','88535 Church Spurs','Port Megan','South Carolina'),
(97863,4126,'Cobb, Torres and Robbins','2024-02-16','417 Spence Lock','Brownton','New York'),
(98063,19904,'Howard-White','2024-01-24','30226 James Cove','West Kellyside','Alabama'),
(98123,54761,'Aguilar, Morales and Holland','2024-01-28','79294 Matthew Valley','South Nicholas','New Mexico'),
(98315,98100,'Fernandez, Palmer and Middleton','2024-01-30','92937 Cabrera Gardens','East Sharonton','West Virginia'),
(99168,10695,'Hood-Ferrell','2024-02-17','0781 Gilbert Glen','South Maria','New York'),
(99203,62564,'Cox, Collins and Baldwin','2024-02-10','40578 Hall Dale','New Vanessa','Washington'),
(99471,24396,'Fritz, Griffin and Miller','2024-01-24','2147 Jacqueline Row','Lake Mitchellfurt','New York');
/*!40000 ALTER TABLE `franchise` ENABLE KEYS */;
UNLOCK TABLES;

--
-- Table structure for table `ingredient`
--

DROP TABLE IF EXISTS `ingredient`;
/*!40101 SET @saved_cs_client     = @@character_set_client */;
/*!40101 SET character_set_client = utf8 */;
CREATE TABLE `ingredient` (
  `franchiseID` int(11) DEFAULT NULL,
  `ingredientID` int(11) NOT NULL,
  `supplier` int(11) DEFAULT NULL,
  `ingredientName` varchar(50) DEFAULT NULL,
  `stock` int(11) DEFAULT NULL,
  PRIMARY KEY (`ingredientID`),
  KEY `supplier` (`supplier`),
  KEY `franchiseID` (`franchiseID`),
  CONSTRAINT `ingredient_ibfk_1` FOREIGN KEY (`supplier`) REFERENCES `supplier` (`supplierID`),
  CONSTRAINT `ingredient_ibfk_2` FOREIGN KEY (`franchiseID`) REFERENCES `franchise` (`franchiseID`)
) ENGINE=InnoDB DEFAULT CHARSET=latin1 COLLATE=latin1_swedish_ci;
/*!40101 SET character_set_client = @saved_cs_client */;

--
-- Dumping data for table `ingredient`
--

LOCK TABLES `ingredient` WRITE;
/*!40000 ALTER TABLE `ingredient` DISABLE KEYS */;
INSERT INTO `ingredient` VALUES
(49434,420,38036,'Pumpkin',371),
(19013,448,26741,'Cabbage',649),
(59902,466,81538,'Pinto Beans',517),
(63927,489,26741,'Yoghurt',434),
(88226,499,32532,'Turmeric',812),
(26351,527,40374,'Brussels Sprouts',643),
(88483,543,54663,'Sardines',268),
(82259,638,88175,'Goji Berry',828),
(81768,732,94232,'Fennel Seeds',778),
(2755,1123,68272,'Chives',761),
(5171,1361,12524,'Chickory',916),
(110,1374,32532,'Iceberg lettuce',597),
(35819,1710,47029,'Clams',836),
(86514,1724,32281,'Soy Sauce',23),
(95060,1795,67605,'Galangal',696),
(49823,2051,61650,'Soy Milk',183),
(29741,2170,67605,'Sprouts',824),
(10916,2315,64680,'Harissa',316),
(9583,2452,90694,'Kiwi Fruit',993),
(34502,2521,32532,'Cos lettuce',310),
(34636,2912,59546,'Greenwheat Freekeh',822),
(60208,2976,67175,'Mackerel',637),
(42180,3060,6133,'Nori',60),
(23424,3061,3372,'Pasta',220),
(94921,3121,55364,'Walnut',530),
(86185,3491,68362,'SwedeSweet Chilli Sauce',403),
(76547,3629,76448,'Cranberry',581),
(9920,3652,8663,'Feta',476),
(56885,3722,36911,'Saffron',95),
(69139,3782,64925,'Elderberry',955),
(62067,4019,37528,'Blue Swimmer Crab',786),
(77724,4032,97290,'Pecan Nut',977),
(76398,4045,87395,'Bocconcini',843),
(69139,4133,5575,'Shark',136),
(82093,4145,63776,'Gula MelakaHaloumiHam',399),
(65637,4263,56572,'Peppercorns',483),
(58866,4337,6526,'Tom Yum',743),
(82259,4516,34243,'Strawberries',276),
(16706,4537,57867,'Dashi',996),
(91895,4582,44773,'Tomatoes',987),
(81652,4629,61491,'Shark',587),
(87531,4716,66273,'Eggplant',138),
(71633,4743,76801,'Camomile',522),
(50755,4759,99987,'Chives',239),
(1698,4783,87596,'File Powder',788),
(5312,4882,83328,'Rhubarb',817),
(85970,4889,4130,'Pineapple',511),
(14155,4890,73469,'Spring Onions',567),
(85380,4912,166,'Fish Stock',618),
(70441,4946,7133,'Cumquat',534),
(39814,5006,96184,'Soy Milk',350),
(31717,5026,67793,'Chives',375),
(41942,5057,76448,'Crabs',860),
(8228,5361,38036,'Monkfish',196),
(40630,5467,43022,'Celery Seed',643),
(819,5474,78628,'SpeltBread',88),
(3920,5637,52600,'Kiwi Fruit',56),
(24776,5669,63776,'Macadamia Nut',656),
(24763,5791,52600,'Cumquat',303),
(48636,5840,62996,'Bush Tomato',621),
(8457,6057,50537,'Mace',391),
(63062,6118,56820,'Omega Spread',413),
(28702,6498,57013,'Chinese Cabbage',101),
(38830,6514,86759,'Pecorino',929),
(97238,6575,16181,'Zucchini',656),
(1165,6613,7133,'Rosemary',157),
(23424,6655,87872,'Prunes',881),
(25743,6804,18861,'Tea',556),
(81768,6824,33948,'Agave Syrup',4),
(9294,6850,34474,'Molasses',448),
(56573,6878,41858,'Soy Beans',379),
(96818,6924,4130,'Passionfruit',735),
(27990,6926,81538,'Gruyere',547),
(36717,7121,51383,'Parsnip',463),
(96632,7140,91257,'Oyster Mushrooms',140),
(54784,7178,85489,'Green Tea',74),
(60804,7229,116,'Cos lettuce',345),
(44159,7256,42010,'Cumin',190),
(87583,7407,72231,'Bran',489),
(85380,7408,59364,'Curry Leaves',547),
(95319,7416,42010,'Kudzu',550),
(53442,7499,96992,'Dragonfruit',748),
(38646,7543,53638,'Rockmelon',265),
(76113,7704,32532,'Grapes',841),
(36526,7707,61491,'Loquats',919),
(31403,7879,15484,'Pork',748),
(74755,7986,61233,'Beef',307),
(98123,8127,17066,'Mahlab',255),
(404,8130,76448,'Red cabbage',968),
(63218,8143,85892,'Polenta',660),
(72277,8353,84693,'Lamb',879),
(8475,8388,15430,'Crabs',914),
(85035,8437,30053,'Aniseed',128),
(66176,8546,38798,'Mangosteens',482),
(63256,8561,19784,'Garlic',600),
(78110,8630,56768,'Asian Greens',484),
(23355,8703,13145,'Muesli',553),
(34525,8861,67605,'Agar',656),
(22268,8870,23698,'Mustard',134),
(54912,8983,15705,'Squid',37),
(95689,9064,93051,'Malt vinegar',256),
(71689,9192,3241,'Star Fruit',495),
(18491,9271,27296,'Butter',330),
(75639,9377,68804,'Grapefruit',44),
(16886,9392,29387,'Ricemilk',767),
(59280,9447,41947,'RyeBread',108),
(37280,9509,53638,'Cantaloupe',908),
(59280,9681,40574,'Flaxseed Oil',846),
(4239,9722,35733,'Jelly',526),
(57296,9794,43784,'Strawberries',918),
(20959,9905,34680,'SpeltBread',927),
(15359,9917,51149,'Chinese Cabbage',513),
(95021,9976,3766,'Cardamom',459),
(59210,10117,5575,'Octopus',195),
(3004,10121,87548,'Hot smoked salmon',275),
(46706,10197,41902,'Lamb',429),
(58930,10219,20222,'Kale',705),
(88402,10260,8412,'Gula MelakaHaloumiHam',208),
(51608,10290,31011,'Pandanus leaves',687),
(42048,10363,80387,'Coconut water',206),
(50610,10377,20032,'Squash',172),
(20937,10382,33921,'Sunflower Oil',823),
(20354,10584,22299,'Cheddar',144),
(94976,10673,87720,'Cacao',179),
(86441,10796,69451,'Parsnip',759),
(67985,10849,3789,'Olives',822),
(80967,10956,72312,'Snapper',339),
(57946,11285,84693,'Mackerel',854),
(3586,11307,41662,'Sour Dough Bread',766),
(63062,11495,16074,'Kiwiberries',910),
(62572,11514,28341,'Green Chicken Curry',675),
(94696,11521,39094,'English Spinach',103),
(61820,11566,36040,'Fennel',388),
(61425,11738,95463,'Bamboo Shoots',519),
(76648,11793,69737,'Lime Leaves',162),
(42013,11890,72312,'dried Chinese Broccoli',965),
(46186,11900,84,'Flounder',19),
(23634,11933,60644,'Mustard',979),
(87213,11934,37887,'Plums',137),
(88027,12169,6801,'Cornmeal',386),
(54912,12196,96907,'Dark Chocolate',141),
(41242,12336,2250,'Camembert',392),
(96822,12413,22783,'Sesame Seeds',468),
(74856,12605,1858,'Corella Pear',613),
(99471,12618,57867,'Agave Syrup',751),
(49614,12670,48994,'ThymeTofu',867),
(34636,12712,31535,'Red cabbage',362),
(16480,12988,10083,'Apples',744),
(20942,13005,6703,'Mandarins',751),
(10284,13006,97914,'Sesame Oil',752),
(67985,13266,3766,'Parmesan cheese',166),
(82320,13329,94719,'Mustard',316),
(14332,13332,41902,'Goat Cheese',862),
(20010,13439,31535,'Buckwheat Flour',372),
(9215,13522,21241,'Poppy Seed',476),
(49823,13563,87428,'Mango',87),
(95293,13694,65627,'Tom Yum',884),
(96979,13723,83577,'Brown Rice',189),
(72937,13773,91282,'Parsley',831),
(67777,13886,20908,'Canola Oil',258),
(96191,13964,84693,'Dashi',822),
(93416,14074,87385,'Broccolini',155),
(74413,14099,26741,'Pork',260),
(18425,14124,64356,'Rye',780),
(42013,14245,7133,'Alfalfa',315),
(78110,14343,5575,'Greenwheat Freekeh',241),
(66685,14432,86160,'Grapes',659),
(88027,14462,1167,'Chives',449),
(63440,14549,4130,'Brown Flour',899),
(94209,14613,87841,'Fromage Blanc',831),
(62572,14799,64905,'Pear',172),
(19636,14893,12608,'Parsley',764),
(49434,15488,20445,'Sardines',474),
(28702,15585,62901,'SwordfishTabasco',671),
(1483,15758,83328,'Cornmeal',798),
(66176,16072,43784,'Purple carrot',239),
(65637,16182,21167,'Bocconcini',900),
(84076,16207,21167,'Pecorino',651),
(23893,16273,83019,'Slivered Almonds',72),
(27849,16301,40379,'Cornmeal',786),
(82093,16341,59641,'Trout',276),
(53467,16371,40574,'Quark Quinc',247),
(68892,16461,50690,'Tuna',949),
(66176,16467,57867,'Wholewheat flour',553),
(49903,16511,47647,'Apple Juice Concentrate',831),
(23022,16679,39094,'Lettuce',542),
(74413,16763,166,'Tapioca Flour',215),
(57685,16765,72312,'Mastic',540),
(10284,16781,55690,'Monkfish',655),
(8472,16810,97906,'Cornmeal',308),
(1483,16843,474,'Sultanas',477),
(1698,16844,39049,'Fenugreek',951),
(25296,16924,812,'Polenta',579),
(44584,17164,43149,'Tahini',873),
(9215,17231,68564,'Red Wine Vinegar',913),
(48927,17260,16074,'Molasses',632),
(8228,17328,95949,'Dashi',479),
(26425,17459,9437,'Honeydew melon',731),
(58188,17478,38798,'Swiss Chard',610),
(38830,17507,54136,'Turkey',180),
(62067,17816,86797,'Scallops',667),
(18491,17823,94258,'Purple carrot',853),
(61820,17870,83818,'Mountain Bread',673),
(39814,17903,226,'Dandelion',545),
(95319,17955,64925,'Butter',793),
(93075,17957,73143,'Sunflower Oil',623),
(18425,17963,64680,'Szechuan Pepperberry',945),
(31886,17978,93981,'Spinach',537),
(26351,18075,80194,'Figs',149),
(82259,18092,74140,'Parmesan cheese',331),
(54912,18196,64905,'Grape Seed Oil',875),
(18128,18367,53758,'Rhubarb',906),
(67350,18383,52600,'Cocoa powder',745),
(84129,18525,3677,'Nectarines',127),
(3078,18587,60724,'Cocoa powder',343),
(36717,18875,57013,'Wheatgrass juice',542),
(35819,18969,3241,'Ajowan Seed',639),
(95021,19111,86678,'Plums',687),
(5312,19207,99620,'Oyster Mushrooms',311),
(16706,19305,19956,'Tarragon',241),
(64734,19363,57366,'Safflower Oil',375),
(1698,19495,57403,'Bay Leaves',455),
(32170,19593,80805,'Flounder',715),
(31717,19721,812,'Lemon',590),
(23634,19932,69347,'Wasabi',664),
(65712,20008,70453,'Semolina',86),
(87287,20119,46739,'Celery Seed',304),
(2476,20236,98955,'RedWine',8),
(21715,20246,16575,'Oyster Mushrooms',193),
(10916,20457,1858,'Rye',103),
(7816,20467,3241,'Asian Greens',646),
(88027,20546,35144,'Swiss Chard',390),
(69856,20601,20032,'Cayenne',431),
(74759,20753,35042,'Horseradish',48),
(49434,20931,33921,'Cucumber',864),
(45022,21012,35733,'Butternut lettuce',417),
(9294,21154,61156,'Grape Seed Oil',765),
(7662,21169,11564,'Rice paper',987),
(20354,21228,59641,'Olives',71),
(24763,21317,92224,'Tuna',757),
(92631,21370,4874,'Mahi mahi',839),
(25743,21554,7979,'Parsnip',740),
(93776,21814,56768,'Apples',883),
(32038,21856,44781,'Gruyere',963),
(17182,22016,3766,'Kiwiberries',923),
(18586,22132,43322,'Celery',659),
(98123,22133,94574,'Fish Sauce',485),
(57296,22276,65129,'Flaxseed Oil',599),
(404,22342,43283,'Iceberg lettuce',934),
(94252,22432,17066,'Peas',393),
(53467,22470,7133,'Coriander Seed',324),
(58188,22493,50397,'Grape Seed Oil',615),
(11325,22624,12129,'Mangosteens',613),
(2476,22653,3023,'Persimmon',248),
(24495,22681,84693,'Quark Quinc',760),
(99168,22718,13145,'Lavender Flowers',964),
(62735,22734,474,'Mackerel',999),
(60804,22751,57366,'Nuts',530),
(72277,22779,38526,'Bread',616),
(95142,22810,31613,'Haricot Beans',119),
(19206,22963,57867,'Baking Powder',882),
(57762,23012,30241,'Guava',587),
(85035,23044,40286,'Tamarillo',288),
(94976,23050,65129,'Nuts',317),
(94209,23110,50397,'Mackerel',916),
(35392,23131,68272,'Achacha',811),
(12061,23133,17763,'Shark',142),
(9202,23333,172,'Walnut',127),
(77724,23441,65768,'Rice paper',574),
(85970,23756,61491,'Apples',774),
(56731,23794,97914,'Avocado Oil',565),
(52423,23877,9515,'Kumera',141),
(14332,23881,23855,'Bean Sprouts',85),
(51386,24078,41236,'Wheatgrass juice',16),
(87531,24079,39049,'Starfruit',710),
(49095,24118,88175,'Coconut Oil',105),
(46284,24231,33616,'Bacon',582),
(68495,24247,61927,'BulghurBurghul',345),
(71343,24281,85550,'Almonds',191),
(43558,24405,48994,'Cucumber',882),
(48551,24424,87385,'Butternut lettuce',511),
(63927,24501,76914,'Tangelo',166),
(1483,24522,1872,'Black Eyed Beans',580),
(70528,24572,33948,'Amchur',273),
(56731,24651,57251,'Red Wine Vinegar',217),
(87213,24697,68272,'Vanilla Beans',319),
(23709,24699,15691,'Coriander Seed',138),
(69644,24709,63776,'Peas',518),
(9215,24714,15430,'Baking Powder',608),
(74856,24807,73115,'Sesame Seeds',314),
(48751,25197,72231,'Brie',641),
(26341,25225,87428,'Porcini mushrooms',175),
(50610,25368,57403,'Cabbage',723),
(50945,25393,7574,'Horseradish',456),
(63584,25651,43637,'Oranges',275),
(79872,25787,35604,'Passionfruit',203),
(16480,25789,30053,'Maple Syrup',252),
(74856,25814,22358,'Tarragon',555),
(78444,25840,71628,'Beetroot',643),
(77036,25917,23112,'Silverbeet',922),
(27832,26128,15691,'William Pear',731),
(91895,26216,55347,'Wheat',262),
(43896,26398,4874,'Soy Sauce',202),
(94209,26536,59339,'Mustard Seed',582),
(9149,26637,47647,'Pineapple',887),
(34636,26669,41858,'Licorice',126),
(39814,26701,31613,'FreshChillies',361),
(38830,26888,56820,'Currants',496),
(71689,26901,98955,'Kokam',822),
(90218,26928,69347,'Wattleseed',483),
(47709,26939,16009,'Butternut lettuce',353),
(35392,26980,58788,'Agar',759),
(62572,26996,22278,'Malt vinegar',767),
(17838,26997,99163,'Mussels',673),
(50984,27060,17066,'Yellow Papaw',510),
(88402,27096,80784,'GemGinger',535),
(75975,27146,62901,'Beetroot',268),
(74182,27222,89906,'Chinese Cabbage',627),
(66412,27266,38498,'Spearmint',309),
(7712,27514,15998,'Buckwheat Noodles',359),
(62067,27593,42010,'Milk',720),
(99471,27810,87841,'Hijiki',489),
(36049,27899,5907,'Peas',441),
(71633,28242,19956,'Coconut Oil',0),
(4285,28326,43149,'Hokkien Noodles',842),
(94696,28348,47549,'Corn Syrup',791),
(46284,28390,63788,'Tapioca Flour',18),
(72277,28537,15120,'Fenugreek',946),
(83037,28677,69347,'Mackerel',951),
(1483,28816,99987,'CarobCarrot',80),
(85380,28834,88057,'Dark Chocolate',954),
(8643,28840,21623,'Nori',606),
(95689,28918,15541,'Kale',625),
(31403,28943,83328,'Soy',717),
(51608,28984,98955,'Radish',501),
(82093,29077,40379,'Brown Mushrooms',465),
(32038,29095,43784,'Coconut water',933),
(50266,29129,33907,'Beef',356),
(39063,29286,4969,'Cherries',607),
(77724,29290,54813,'Hot smoked salmon',346),
(97238,29373,39786,'Salmon',750),
(14332,29390,56768,'Parsnip',833),
(99168,29426,27296,'Anchovies',155),
(82093,29502,71628,'Bean Sprouts',53),
(85380,29640,6582,'Vanilla Beans',363),
(31075,29747,19680,'Asparagus',416),
(46737,29942,3372,'Raspberry',851),
(26341,29987,3766,'Kudzu',836),
(68788,30023,45303,'Safflower Oil',136),
(82259,30085,22477,'Melon',7),
(83784,30151,75958,'Fenugreek',600),
(96994,30269,11797,'Tapioca',237),
(18128,30342,41236,'Cheddar',333),
(46186,30499,13145,'Grapefruit',804),
(24763,30846,82187,'Shiitake Mushrooms',574),
(98315,30873,24027,'Milk',484),
(48751,30892,15789,'Hummus',509),
(44584,30920,27296,'Fingerlime',160),
(66685,31073,84693,'Chickpea',155),
(9202,31124,35937,'Guava',399),
(2476,31206,69,'Vegetable Stock',254),
(67777,31268,6108,'Sugar',881),
(71717,31285,64356,'Lobster',223),
(55590,31329,40379,'Bay Leaves',192),
(20256,31414,49079,'Cloves',571),
(13745,31683,3409,'Lemon',391),
(54243,31777,58473,'Ricemilk',199),
(47109,31875,43149,'Tinned',229),
(25100,32078,17763,'Nectarines',813),
(67389,32256,36705,'Anchovies',22),
(63937,32298,8843,'Mangosteens',653),
(62735,32413,3241,'Zucchini',345),
(56885,32467,226,'Sake',437),
(2894,32502,43913,'Pistachio Nut',806),
(62392,32606,3409,'Porcini mushrooms',797),
(63218,32716,59339,'White wine vinegar',576),
(63218,32747,94258,'Artichoke',565),
(23634,32884,96353,'Chicken Stock',859),
(86514,32948,69737,'Coconut water',41),
(98123,33120,49079,'Water',792),
(93806,33138,15789,'Peas',21),
(93630,33367,47687,'Mackerel',419),
(55345,33411,33907,'Monkfish',7),
(8228,33656,61491,'Buckwheat Noodles',983),
(21715,33834,58551,'Chilli Pepper',968),
(41660,33879,96992,'Pear',921),
(82093,34186,86759,'Coriander Leaves',199),
(30527,34763,33406,'Yeast',481),
(57052,35070,1621,'Bonito Flakes',98),
(32170,35101,89906,'Juniper Berries',124),
(7437,35186,97914,'Hijiki',484),
(77316,35385,54076,'Bran',292),
(47109,35413,48224,'Blood oranges',347),
(50984,35484,78628,'Okra',955),
(49740,35587,48475,'Red Lentils',323),
(54333,35635,39049,'Garam Masala',563),
(83622,35789,30053,'Sesame Seeds',273),
(40388,35869,83078,'Licorice',73),
(97238,35956,45303,'Broccoli',519),
(39659,35976,61650,'Hot smoked salmon',665),
(62735,35987,36705,'Squash',136),
(8956,36238,38961,'Duck',823),
(74755,36248,9775,'Farmed Prawns',242),
(16710,36488,83328,'Pear Juice',842),
(83784,36635,10083,'Dates',378),
(81768,36702,69818,'Onion',725),
(62524,36844,1858,'Mussels',930),
(57762,36846,29387,'Chives',969),
(82773,36926,57208,'Brussels Sprouts',898),
(17519,37024,34680,'Cream',903),
(38830,37238,41858,'Mackerel',652),
(20759,37245,30072,'Asian Noodles',210),
(2117,37512,68846,'Garam Masala',522),
(88402,37632,13705,'Flounder',906),
(87764,37731,70561,'Beans',263),
(39814,37762,97465,'Brown Mushrooms',331),
(69856,37792,15484,'Green Tea noodles',947),
(85465,37964,50397,'Edamame',990),
(95021,38030,85489,'PepitasPepper',381),
(84129,38109,16575,'Spearmint',748),
(72757,38117,59339,'Cantaloupe',439),
(39570,38137,3789,'Cornichons',693),
(55345,38274,61233,'Tuna',809),
(54333,38410,7574,'SwedeSweet Chilli Sauce',0),
(57211,38552,20445,'Tomatoes',520),
(46550,38590,57366,'Sunflower Oil',676),
(25734,38637,25451,'Bread',625),
(51513,38812,61650,'Brown Rice',660),
(63256,39006,22783,'Buttermilk',546),
(82773,39036,91485,'Corn Oil',473),
(63218,39081,95949,'Vegetable Oil',809),
(36049,39139,85550,'Cloves',166),
(9202,39170,3016,'Lemon',670),
(75975,39195,26741,'Mullet',434),
(50945,39333,67017,'Vegetable Oil',158),
(95021,39347,60148,'Kudzu',725),
(34502,39455,16908,'Kale',451),
(36545,39552,12448,'Chives',617),
(3920,39620,88105,'Barramundi',432),
(76398,39720,94775,'Sardines',766),
(70528,39914,99823,'Onion',547),
(62656,39972,73298,'Flaxseed',799),
(76648,40019,47506,'Bread',859),
(88027,40057,90869,'FreshChillies',289),
(23510,40085,54136,'Semolina',349),
(39659,40190,60904,'Parsley',838),
(39064,40230,33921,'Saffron',313),
(29533,40265,88175,'Kale',691),
(49614,40271,73143,'Tapioca',686),
(75639,40391,38961,'Sweet Potato',743),
(59838,40535,61199,'Carrot',902),
(96191,40556,13752,'Melon',779),
(17330,40649,87548,'Mulberries',57),
(39814,40741,47647,'Edam',815),
(29837,41229,24621,'Honeydew melon',409),
(72937,41522,23975,'Bay Leaves',82),
(63062,41615,53438,'Nutmeg',400),
(99168,41760,2053,'Chickpea',41),
(18425,41974,70561,'Brown Flour',329),
(30154,42002,75958,'Shark',716),
(36545,42045,59339,'Vegetable Stock',853),
(70104,42244,61491,'Starfruit',545),
(87531,42263,45960,'Fenugreek',343),
(27990,42282,13705,'Butter',310),
(84129,42394,36040,'Camomile',177),
(50266,42413,70147,'Flaxseed Oil',117),
(51728,42639,66273,'Olives',62),
(59253,42689,166,'Beans',841),
(49903,42701,16908,'Pomegranate',937),
(25629,42716,85489,'Sea Salt',595),
(38480,42765,86678,'Mustard',667),
(82544,42813,88175,'Morwong',986),
(54243,42868,98108,'Yeast',616),
(15359,42911,22783,'Tarragon',129),
(39570,43053,9670,'Octopus',593),
(67350,43169,22543,'Edam',698),
(22902,43215,59546,'Rye',638),
(34585,43218,67793,'UnbleachedFlour',775),
(19636,43238,25979,'Carrot',167),
(33555,43304,40574,'Fennel',938),
(25296,43395,7979,'Sun dried tomatoes',881),
(7662,43623,90694,'Onion',307),
(81678,43672,56820,'Quinoa',435),
(43813,43726,87428,'Wholegrain Bread',511),
(13751,43792,3016,'Beef Stock',168),
(38830,43845,97069,'Sprouts',716),
(2755,43852,50397,'Blue Eye Trevalla',252),
(76683,43971,86797,'Corn Syrup',918),
(23893,43975,25119,'Peas',61),
(42753,43987,3372,'Aniseed',374),
(20937,44030,15484,'Kangaroo',313),
(9215,44071,73115,'Garlic',963),
(96429,44126,60148,'Peas',198),
(59838,44183,83078,'Papaya',875),
(94696,44327,68826,'Almonds',34),
(25629,44435,59546,'Apple Cider Vinegar',609),
(44159,44545,76448,'Butter',518),
(8103,44555,78628,'Wholegrain Bread',343),
(30598,44559,87395,'Strawberries',228),
(42493,44590,38415,'Soy',484),
(62067,44669,40374,'Chives',557),
(36267,44728,99251,'Asparagus',65),
(27832,44779,40344,'Apple Juice Concentrate',799),
(58866,45258,15705,'Vinegar',214),
(57762,45388,21623,'Greenwheat Freekeh',877),
(90218,45503,35937,'Lotus Root',532),
(95293,45721,36705,'SwordfishTabasco',338),
(79111,45860,96992,'Bonza',586),
(10284,45924,73115,'Olives',650),
(2730,45929,98955,'Brown Flour',469),
(84931,46122,45960,'Chickpea',809),
(64057,46257,15541,'Soy Milk',659),
(80100,46354,64925,'Spelt',268),
(95060,46389,97158,'Lemon',381),
(41326,46418,48475,'Corella Pear',333),
(76398,46636,95949,'Cantaloupe',247),
(77036,46651,30053,'Watercress',120),
(2190,46727,84693,'Pumpkin',412),
(55255,46772,1621,'Cos lettuce',328),
(43858,46789,99163,'Vegetable spaghetti',16),
(28001,46794,59546,'Sprouts',562),
(57762,46865,86797,'Bran',683),
(82773,46876,81538,'Barramundi',471),
(69390,46901,71812,'Nectarines',756),
(82259,46918,51383,'Elderberry',458),
(20010,46961,49079,'Avocado Spread',826),
(91284,47106,64680,'FreshChillies',188),
(43858,47155,28341,'Extra Virgin Olive Oil',143),
(10284,47158,23112,'Cous Cous',48),
(78316,47210,88740,'Garam Masala',872),
(29533,47273,13752,'Mace',635),
(20354,47376,748,'Oyster Mushrooms',485),
(46737,47415,6801,'Amchur',136),
(88027,47568,47506,'William Pear',572),
(88027,47790,10931,'Sprouts',708),
(56573,47879,812,'Peppers',413),
(72757,47891,69347,'Cumquat',702),
(46107,47894,40374,'Pecan Nut',25),
(30598,47900,43784,'Bush Tomato',866),
(7816,48070,12608,'Wholemeal',781),
(92839,48359,71008,'Soy Sauce',457),
(55979,48429,2053,'Parmesan cheese',829),
(52180,48456,85550,'Guava',406),
(63428,48503,13024,'Garam Masala',602),
(52423,48618,31417,'Star Anise',789),
(72757,48624,71628,'Coriander Leaves',332),
(35392,48710,56768,'Flounder',711),
(91522,48725,60724,'Swiss Chard',644),
(35746,48752,94719,'Cheddar',443),
(57652,48794,74300,'Ajowan Seed',938),
(46284,49020,68410,'Peanuts',244),
(81407,49064,43283,'Camellia Tea Oil',487),
(23412,49302,22783,'Yellowtail Kingfish',920),
(41242,49380,60942,'Asian Greens',270),
(20283,49438,3789,'Capsicum',796),
(81407,49625,3506,'Chestnut',527),
(64488,49858,99994,'Dandelion',591),
(36717,50050,71628,'Oats',998),
(77316,50249,67330,'Spinach',141),
(56731,50269,54136,'Tapioca',76),
(58188,50328,56684,'Mace',57),
(37487,50542,7133,'Walnut',553),
(29837,50561,87548,'Sausages',120),
(31316,50716,32371,'White wine vinegar',854),
(59902,50740,93107,'Fenugreek',381),
(49434,50894,12129,'SoyFlour',273),
(94921,50914,69451,'Arborio rice',493),
(97863,51088,19784,'Soy',572),
(15925,51103,13145,'Squash',11),
(96979,51114,56768,'Kohlrabi',320),
(81658,51122,47549,'Potatoes',656),
(63412,51233,5575,'Edam',447),
(20354,51304,21623,'Basil Basmati rice',281),
(74856,51440,58788,'Cherries',924),
(99203,51583,88986,'Clams',19),
(46107,51633,67175,'Watercress',61),
(39814,51925,33948,'Lamb',605),
(10284,52064,51149,'Rice Syrup',30),
(20759,52344,60942,'Fish Sauce',693),
(94252,52541,35068,'Turnips',931),
(71633,52862,3023,'Miso',767),
(74755,53131,15484,'SwedeSweet Chilli Sauce',9),
(75080,53201,67923,'Tamari',39),
(9202,53220,64680,'Tomatoes',131),
(46737,53300,87496,'Cornichons',366),
(18425,53377,9302,'Baking Powder',549),
(95293,53396,60942,'Vegetable spaghetti',846),
(87764,53409,226,'Berries',506),
(12850,53632,67605,'Alfalfa',165),
(70441,53636,15541,'Mandarins',646),
(65637,53824,12448,'Broccolini',200),
(44464,53921,31613,'Buckwheat',253),
(81045,54029,1167,'Kohlrabi',177),
(96994,54080,87496,'Asafoetida',412),
(4285,54247,68362,'Fennel',294),
(524,54290,43913,'Omega Spread',100),
(43182,54428,42374,'Coconut water',436),
(524,54448,58788,'Tahini',654),
(46580,54519,33894,'Freekeh',963),
(21780,54545,5852,'Soy Beans',669),
(51989,54574,97914,'Persimmon',139),
(45615,54599,65129,'Milk',768),
(93416,54945,71815,'Wholegrain Bread',634),
(46706,54973,86759,'Grapefruit',691),
(10284,55189,35733,'Cornichons',295),
(88402,55373,97478,'WhiteFlour',120),
(31403,55376,63178,'Asian Noodles',908),
(55979,55410,68846,'Melon',354),
(91459,55450,62901,'Buckwheat',781),
(87758,55491,3241,'Purple carrot',406),
(2894,55642,60904,'Snowpea sprouts',101),
(31539,55752,80573,'Okra',110),
(56731,55773,19956,'Mastic',947),
(88226,55793,46739,'Edam',988),
(58930,56001,19114,'Cantaloupe',298),
(95319,56021,71628,'Edamame',686),
(42180,56085,68410,'Celery Seed',494),
(22902,56309,53758,'Vegetable spaghetti',892),
(23412,56330,36040,'Spring Onions',191),
(1371,56405,69347,'Mango',177),
(42013,56666,3016,'Cranberry',419),
(81678,56718,12129,'Tea Oil',782),
(59838,56994,65768,'Hummus',983),
(48751,57003,87720,'Dashi',52),
(80967,57277,87596,'Honeydew melon',522),
(86111,57370,94258,'Apple juice',890),
(16706,57654,16575,'Turnips',905),
(82093,57890,9437,'Basil Basmati rice',491),
(72741,57910,44781,'CarobCarrot',854),
(62572,58239,72627,'Cantaloupe',522),
(20283,58311,41236,'Coriander Leaves',558),
(2559,58327,58788,'Kidney Beans',161),
(72937,58412,3023,'Barley',195),
(95319,58500,748,'MilkChocolate',72),
(67350,58732,21262,'Pineapple',40),
(96429,58773,36911,'Sour Dough Bread',482),
(42013,58806,89829,'Cocoa powder',792),
(152,58893,88740,'Cucumber',242),
(18425,58894,15541,'Pork',920),
(51990,58905,87385,'Brown Rice',832),
(97238,58911,75958,'Canola Oil',175),
(31934,58923,24210,'Dried Apricots',182),
(14155,58991,35144,'Saffron',30),
(56573,59106,42374,'Curry Leaves',788),
(32073,59197,57867,'Parsley',640),
(32894,59220,5575,'Wheatgrass juice',808),
(18491,59229,21354,'Tempeh',99),
(78110,59291,87596,'Flaxseed Oil',379),
(9202,59398,91257,'Butternut pumpkin',158),
(34525,59409,3372,'Aubergine',147),
(32170,59473,5907,'Cacao',199),
(91284,59490,3677,'Butter',651),
(10839,59549,75958,'Pecan Nut',545),
(46737,59562,69,'Leeks',854),
(56885,59645,61927,'Fish Stock',560),
(90218,59685,87720,'Choy Sum',691),
(7712,59686,13705,'Rosemary',798),
(46580,59827,65899,'Amaranth',715),
(46580,59871,81538,'Kudzu',745),
(88402,60040,43149,'Candle Nut',704),
(31539,60136,57706,'Bocconcini',728),
(57652,60185,84152,'Brown Flour',265),
(79738,60426,44773,'Fruit',188),
(54784,60452,53758,'Shark',641),
(54333,60567,67175,'Tomatoes',609),
(94976,60568,72627,'Curry Powder',660),
(51990,60575,30053,'Spearmint',254),
(8643,60657,38415,'Clams',417),
(34525,60706,21354,'Mung Beans',75),
(82773,60707,98108,'Poppy Seed',201),
(36656,60832,54880,'Jewfish',896),
(1698,60840,33261,'Camellia Tea Oil',666),
(75639,60863,53438,'Omega Spread',487),
(36076,60864,54813,'Whiting Wild Rice',601),
(81768,60866,59315,'Pumpkin Seed',204),
(41326,61182,54663,'Garlic',145),
(70441,61223,43637,'Chickory',198),
(73240,61343,22873,'Parrotfish',559),
(93776,61349,31535,'Shark',687),
(85380,61580,37887,'Avocado',279),
(63062,61625,63788,'Coconut Oil',383),
(8643,61895,93981,'Bonito Flakes',590),
(6587,61936,6582,'Goat Cheese',514),
(20942,62011,53638,'Butter',326),
(49434,62085,37667,'Squash',880),
(10916,62208,11797,'Kiwi Fruit',479),
(54784,62253,83577,'Hummus',618),
(34502,62298,40344,'Okra',595),
(36202,62322,54521,'Cocoa powder',970),
(95021,62665,15998,'Harissa',150),
(34707,62700,56704,'Cauliflower',163),
(29533,62710,96992,'Lime Leaves',878),
(31316,62798,15484,'Curry Powder',973),
(7662,62807,89906,'Lavender Flowers',635),
(68892,62860,3241,'Sour Dough Bread',283),
(38834,63019,87428,'Hijiki',883),
(5312,63103,71812,'Yoghurt',363),
(50755,63170,38415,'Celery Seed',689),
(44159,63361,42643,'Red Pepper',451),
(65712,63396,7133,'Peaches',376),
(73963,63540,2357,'Agar',722),
(68495,63603,5575,'Buckwheat Noodles',803),
(38129,63723,57208,'Oats',472),
(29533,64021,69792,'Spelt',52),
(55345,64038,61927,'Curry Leaves',741),
(39814,64153,27987,'Cacao',128),
(38342,64185,36040,'Spring Onions',582),
(69878,64236,6526,'Camomile',638),
(26341,64237,40268,'Peas',781),
(45133,64294,44781,'Goji Berry',508),
(24481,64305,62331,'Arborio rice',814),
(77283,64456,12129,'Maple Syrup',33),
(11660,64530,43784,'Mozzarella',412),
(1289,64710,64905,'Blood oranges',322),
(80923,64711,83078,'Quinoa',594),
(9294,64904,60942,'Pecorino',333),
(60804,64910,12129,'UnbleachedFlour',161),
(12390,65028,64905,'Kenchur',9),
(63406,65236,6526,'Apple Juice Concentrate',753),
(36202,65248,60148,'RedWine',507),
(75080,65371,3409,'Pumpkin Seed',131),
(61425,65379,3789,'Cherries',207),
(30154,65389,62827,'Arugula',146),
(64488,65393,44294,'Mustard',906),
(83784,65420,39786,'Fish Stock',409),
(63412,65427,59315,'Mulberries',773),
(47709,65480,78258,'Chestnut',721),
(15941,65672,60942,'Brown Rice',491),
(49823,65677,88740,'Tea',668),
(53442,66007,26741,'Paprik',448),
(94131,66051,42010,'Water',726),
(6531,66109,5575,'CarobCarrot',174),
(54333,66129,68846,'Nectarines',292),
(33676,66356,69428,'Bacon',447),
(52180,66434,65627,'Butternut pumpkin',128),
(67389,66583,57366,'Fish Stock',689),
(42753,66790,11243,'Parmesan cheese',732),
(68345,67085,38415,'Beans',77),
(56731,67093,8455,'Corn Oil',928),
(82259,67185,97406,'Bran',722),
(2755,67214,83818,'Chickpea',428),
(61820,67229,27028,'Safflower Oil',228),
(79738,67230,99823,'Sesame seed',726),
(84592,67256,812,'Camellia Tea Oil',614),
(51386,67527,75658,'Red Lentils',330),
(62656,67544,61650,'Starfruit',881),
(60208,67618,58788,'Redfish',384),
(27832,67720,63776,'FlourOat',423),
(83622,67781,66084,'White Wine',133),
(58188,67831,91485,'Plums',260),
(46550,67871,19815,'Sour Dough Bread',378),
(54333,68013,29387,'Olives',181),
(54912,68119,5907,'Blood oranges',50),
(69139,68136,9775,'Wasabi',753),
(42075,68149,55364,'Baking Soda',649),
(48636,68250,71812,'Aniseed',395),
(80578,68505,52600,'Avocado Oil',960),
(35746,68558,30222,'Chickory',971),
(72277,68590,87395,'Buckwheat Noodles',78),
(16480,68606,75658,'Amaranth',983),
(37546,68851,52926,'Radicchio',472),
(53995,68923,92025,'Kohlrabi',862),
(25100,69007,3016,'Blackberries',832),
(110,69199,91282,'Camellia Tea Oil',212),
(85035,69201,80387,'Jelly',567),
(50755,69439,3120,'Wholegrain Bread',506),
(96994,69440,33616,'Grape Seed Oil',139),
(66718,69447,68362,'Guava',263),
(27849,69493,76801,'Beetroot',790),
(96979,69539,6133,'Eggs',753),
(47709,69554,30072,'Corn Syrup',514),
(63937,69555,73469,'Lemon',275),
(19243,69624,15120,'Turmeric',386),
(35518,69738,32900,'Oyster Mushrooms',165),
(31325,70014,50397,'Beans',678),
(57864,70065,42374,'Slivered Almonds',984),
(45133,70140,54813,'Dates',572),
(31539,70164,71008,'Molasses',923),
(47689,70183,93107,'Aniseed',747),
(77724,70219,38526,'Kombu',72),
(18586,70366,41902,'Custard Apples',962),
(41242,70393,15541,'Cabbage',701),
(32170,70485,19956,'Onion',562),
(29533,70571,70453,'Cous Cous',357),
(62118,70674,80573,'Hiramasa Kingfish',699),
(96563,70717,66273,'Papaya',47),
(8103,70928,53438,'Sausages',299),
(39570,70992,15430,'Mint',431),
(51989,71308,22278,'Oregano',221),
(18491,71608,13752,'Mullet',481),
(11325,71672,49509,'Parmesan cheese',496),
(36717,71769,35733,'Squid',11),
(91211,71892,22299,'Loquats',17),
(62735,71944,90694,'Snowpeas',198),
(31325,72122,32532,'French eschallots',573),
(26847,72127,30241,'Cocoa powder',713),
(59253,72415,57867,'Cinnamon',426),
(37115,72429,47647,'Chives',906),
(55255,72464,62996,'Bean Shoots',797),
(94131,72562,78628,'Pumpkin',19),
(86514,73055,83328,'FlourPotato',188),
(34502,73075,57013,'Blue Swimmer Crab',301),
(3373,73272,37667,'Corella Pear',468),
(56812,73367,84693,'Arrowroot',531),
(11408,73377,56334,'Achacha',92),
(16886,73548,15484,'Broccolini',235),
(98315,73787,1167,'Sunflower Oil',793),
(52180,74099,56572,'Cornmeal',169),
(95689,74144,54521,'Common Cultivated Mushrooms',379),
(72386,74439,62827,'Fenugreek',0),
(96563,74530,3506,'Cos lettuce',664),
(72386,74917,94574,'BulghurBurghul',390),
(72741,75015,38798,'Bonza',203),
(38646,75098,83019,'Cloves',753),
(84592,75414,15789,'Nutmeg',608),
(89068,75456,74777,'Vegetable Stock',1),
(21991,75540,43913,'Peppercorns',349),
(74759,75561,16575,'Crabs',560),
(78316,75610,7133,'Tahini',331),
(1698,75795,86759,'Turmeric',200),
(2117,76027,54880,'Olive Oil',855),
(27990,76079,38036,'Cocoa powder',662),
(33555,76129,30241,'Shark',304),
(26341,76216,80387,'Strawberries',496),
(18425,76313,80194,'Oranges',539),
(30088,76343,4969,'Grapefruit',306),
(78110,76404,60942,'Radish',926),
(55345,76463,58551,'Chilli Pepper',657),
(34707,76468,34565,'Coconut Oil',660),
(63567,76491,19784,'Lentils',315),
(45615,77095,93051,'Peas',527),
(21715,77109,40989,'Lime Leaves',816),
(75080,77362,1872,'Amaranth',628),
(36267,77408,84152,'Tea',558),
(25996,77598,8455,'Beans',582),
(7816,77623,54813,'Garlic',656),
(31325,77714,12524,'Apples',316),
(30577,77810,73298,'Butternut pumpkin',445),
(23893,77811,42157,'Nutmeg',253),
(19243,77831,474,'Chicken Stock',507),
(69644,77957,1858,'Besan',954),
(7662,78016,15484,'Blue Eye Trevalla',964),
(74755,78043,35068,'Hot smoked salmon',373),
(15941,78062,31417,'Butternut pumpkin',126),
(93806,78080,44773,'Sausages',79),
(4501,78212,66803,'Cardamom',72),
(7712,78275,89906,'Common Cultivated Mushrooms',391),
(4285,78342,62901,'RyeBread',425),
(75975,78366,72231,'Cranberry',613),
(46737,78385,91282,'Lime Leaves',952),
(76547,78440,33406,'Chickory',293),
(33555,78477,39786,'Barley',659),
(96429,78582,33921,'Oyster Sauce',624),
(46706,78869,61233,'Jicama',922),
(60208,78953,14423,'Galangal',444),
(62524,79009,38036,'Rice Noodles',285),
(77283,79344,21262,'Tapioca',561),
(99203,79364,15541,'Elderberry',316),
(38646,79385,99620,'Apples',873),
(82354,79541,57929,'Brown Rice',702),
(51608,79640,87395,'Malt vinegar',459),
(35819,79681,72627,'Green Chicken Curry',400),
(3920,79745,67605,'Barley',414),
(68495,79787,54521,'Kangaroo',84),
(66412,79815,47626,'Avocado Oil',604),
(27832,79867,80784,'Chinese Cabbage',9),
(22902,79880,36040,'Yogurt',226),
(25296,80301,82187,'Mulberries',925),
(39814,80369,35674,'Cashews',926),
(48751,80476,41591,'Bonito Flakes',738),
(68788,80553,40286,'Parmesan cheese',874),
(26341,80561,15430,'Kecap Manis',526),
(22902,80606,24027,'Mint',468),
(26351,80741,63788,'Dill',723),
(67389,80743,71008,'Curry Powder',10),
(37280,80788,474,'Carrot',487),
(97238,80817,78628,'Persimmon',868),
(59253,80832,45960,'Agar',891),
(9150,80870,61141,'Lobster',613),
(3004,80960,87385,'Caraway Seed',317),
(4239,81127,67330,'Mullet',854),
(87531,81167,35604,'Grapes',775),
(78316,81223,56704,'Mahlab',782),
(93498,81224,45303,'Lotus Root',871),
(74281,81254,87596,'Cranberry',782),
(70374,81428,57609,'Chinese Five Spice',74),
(57762,81455,87385,'Parrotfish',724),
(20010,81517,3409,'Chicken',329),
(63062,81620,59339,'Green Chicken Curry',334),
(12390,81942,16009,'Carrot',422),
(36076,82291,50537,'Chickory',974),
(1165,82404,47506,'Safflower Oil',31),
(88483,82605,93107,'Corn Oil',90),
(36267,82809,57403,'Endive',207),
(61425,82834,73143,'Kombu',951),
(34502,83054,86678,'Wakame',839),
(74281,83106,31417,'RyeBread',243),
(78110,83226,49079,'Octopus',262),
(63584,83256,31097,'Jasmine rice',673),
(23022,83419,20491,'Coriander Seed',399),
(45022,83646,92197,'Custard Apples',82),
(41326,83696,56704,'Baking Powder',824),
(18491,83749,43150,'WhiteBread',378),
(9149,83761,85550,'Soy Milk',611),
(30577,83780,27296,'Turmeric',262),
(46107,83877,49509,'Hijiki',799),
(31403,83906,39094,'Marjoram',881),
(8228,83951,84693,'Dragonfruit',495),
(29533,83972,73469,'Malt vinegar',308),
(23424,84029,56090,'Jicama',940),
(33676,84111,60904,'Bread',198),
(27990,84287,54663,'Bran',839),
(20283,84310,97069,'Scallops',760),
(78110,84347,21354,'Mustard',596),
(47709,84367,87496,'Celery',933),
(46706,84384,88986,'Incaberries',248),
(26425,84464,71628,'Sea Salt',339),
(20283,84486,22873,'Trout',683),
(97238,84519,30241,'Tuna',54),
(43558,84664,35937,'Mandarins',786),
(81678,84675,34474,'Omega Spread',982),
(96563,84724,40394,'Berries',591),
(27569,84751,59641,'Watercress',201),
(29837,85037,8843,'Liver',790),
(94696,85089,54663,'BulghurBurghul',19),
(82544,85279,43322,'Green beans',447),
(46706,85347,38071,'Cos lettuce',398),
(8241,85505,35042,'Brown rice vinegar',783),
(31075,85598,30222,'Cornmeal',911),
(9149,85630,93051,'Rose Water',736),
(30527,85813,41258,'Broccoli',251),
(71689,86094,58788,'Peas',559),
(78110,86098,67330,'Bok Choy',96),
(21715,86163,51220,'Buckwheat Flour',142),
(77036,86223,86759,'Cumquat',90),
(44159,86258,80194,'SoyFlour',635),
(57685,86506,65899,'Chicken Stock',236),
(55979,86517,40394,'Curry Leaves',323),
(2730,86524,80784,'Peppers',158),
(8457,86636,32900,'Smoked Trout',241),
(4285,86642,76448,'Coconut water',542),
(83754,86857,65899,'FreshChillies',310),
(65712,86877,70147,'Cinnamon',90),
(74281,86889,84693,'Asafoetida',494),
(57946,87076,511,'Vegetable spaghetti',951),
(2730,87181,99163,'SpeltBread',438),
(83622,87229,76801,'Eggs',969),
(36049,87286,56768,'Mastic',936),
(66412,87470,11564,'Quinoa',868),
(77724,87527,31097,'Custard Apples',803),
(36049,87611,92197,'Tahini',248),
(60208,87683,54813,'Rose Water',403),
(99168,87714,1872,'Cashews',145),
(76113,87725,55713,'Vanilla Beans',652),
(39659,87742,61141,'Red Pepper',33),
(63937,88112,3372,'Kiwiberries',729),
(11408,88162,62901,'Dates',331),
(31325,88412,31613,'Cumquat',894),
(59253,88527,70453,'Apple juice',17),
(82320,88612,98108,'Figs',822),
(31316,88614,19784,'Lotus Root',564),
(57946,88640,32371,'Green Tea noodles',615),
(9215,88704,33342,'Cumquat',756),
(71717,88769,36705,'Parrotfish',255),
(20010,88843,32281,'Black Eyed Beans',368),
(26736,88859,10083,'Fish Sauce',595),
(53467,88860,35144,'BulghurBurghul',978),
(8475,88928,7574,'Walnut',688),
(12850,89091,42157,'Tea',606),
(28900,89134,166,'Buttermilk',102),
(32894,89155,70147,'Blueberries',629),
(30598,89173,9437,'Figs',785),
(45022,89195,39049,'Nori',726),
(58961,89271,61199,'Garlic',623),
(54912,89277,80194,'Trout',682),
(35746,89581,13705,'Jelly',137),
(51608,89642,53758,'Cabbage',265),
(39659,89685,38798,'Red Pepper',235),
(93630,89703,50781,'Candle Nut',199),
(18491,89879,86759,'English Spinach',137),
(22268,90026,58551,'Custard ApplesDaikon',424),
(59210,90125,16009,'Chia seeds',461),
(22902,90262,34474,'Fish Stock',340),
(87213,90279,33948,'Butternut lettuce',128),
(34532,90338,33948,'Celery Seed',875),
(49740,90442,85550,'Malt vinegar',119),
(34502,90483,56572,'Fromage Blanc',879),
(57296,90516,58473,'Camellia Tea Oil',926),
(5171,90549,12448,'Chestnut',108),
(25100,90560,56334,'Omega Spread',516),
(2190,90826,73115,'Chives',863),
(51701,90827,21241,'Hot smoked salmon',32),
(74759,90944,64680,'Kumera',937),
(74413,90985,22873,'Margarine',604),
(62018,91016,84823,'Sage',573),
(39659,91175,69347,'Asafoetida',881),
(63937,91192,41236,'Brown Rice',851),
(88725,91272,76448,'Soba',427),
(46580,91380,44294,'Tarragon',746),
(95689,91474,93107,'Annatto seed',114),
(46550,91504,32281,'Capsicum',189),
(10839,91589,20032,'Beef Stock',649),
(62067,91664,60798,'Mustard Seed',887),
(72484,91780,39786,'Turkey',749),
(89553,91925,38415,'Rosemary',566),
(34636,92044,47029,'Dates',748),
(81684,92056,65129,'Sage',929),
(4501,92179,51383,'Kombu',233),
(32038,92524,52926,'Lemon',448),
(63218,92851,56704,'Dragonfruit',243),
(31316,92892,6108,'Vanilla Beans',670),
(61820,92936,94719,'Wheat',115),
(92640,92987,5575,'Nashi Pear',654),
(98315,93052,6701,'Barberry',738),
(20759,93120,56572,'Fenugreek',835),
(76870,93172,21114,'Bok Choy',453),
(96994,93193,78628,'Nuts',527),
(57052,93198,57208,'Mussels',236),
(41242,93406,73469,'Feijoa',44),
(61425,93457,57929,'Goat Milk',732),
(46107,93474,88093,'Garlic',100),
(74281,93551,20908,'Red Pepper',961),
(14155,93794,43637,'Okra',584),
(31325,93867,72312,'Yeast',588),
(15925,93880,37887,'Rice paper',399),
(32073,94021,47647,'Sweet Potato',669),
(94252,94152,11243,'Macadamia oil',282),
(17330,94422,36016,'Capers',360),
(87287,94441,22477,'Pear',640),
(61820,94579,67330,'MilkChocolate',825),
(4239,94615,21354,'Sugar',731),
(92839,94632,21262,'Mackerel',138),
(51989,94687,57208,'Adzuki Beans',530),
(72937,94765,44773,'Kumera',62),
(57288,94778,64680,'Kale',742),
(20759,94779,80805,'Fingerlime',579),
(51701,94954,97158,'Red Lentils',469),
(96994,95069,56684,'Barramundi',141),
(7712,95169,75958,'Cashews',464),
(35746,95241,37528,'Chives',219),
(43858,95302,87496,'Elderberry',994),
(32518,95327,51052,'Trout',739),
(74413,95411,6801,'Celery',742),
(57864,95618,96907,'Brown Mushrooms',613),
(69390,95673,54880,'FlourPotato',612),
(49740,95713,32281,'Marigold',327),
(36202,95725,86160,'Bay Leaves',79),
(41942,95815,9515,'Fruit',980),
(99471,95820,97914,'Enoki Mushrooms',636),
(25629,95822,72312,'Peas',204),
(77316,95853,80387,'Corella Pear',85),
(72386,95969,80573,'Avocado Oil',819),
(5312,96077,72231,'Dragonfruit',720),
(27832,96079,62331,'Honeydew melon',557),
(94696,96085,91282,'Curry Powder',763),
(84129,96109,57403,'Oysters',587),
(42048,96149,6108,'Annatto seed',801),
(96979,96269,38798,'Rice paper',875),
(45022,96270,39786,'Soba',731),
(78444,96409,93107,'Kombu',378),
(79111,96509,49894,'Jerusalem Artichoke',468),
(3078,96607,226,'Wheatgrass juice',391),
(54243,96661,63178,'Mint',712),
(32170,96680,19784,'Mangosteens',538),
(16886,96754,36016,'Cos lettuce',539),
(7743,96788,91631,'Jerusalem Artichoke',865),
(81407,96803,46739,'Cloves',368),
(34502,96901,13673,'Blood oranges',285),
(28900,97097,84152,'Mustard',450),
(81684,97099,80387,'Pineapple',267),
(83924,97138,1167,'Apple Juice Concentrate',723),
(524,97269,44294,'Oats',439),
(81045,97418,98108,'Tapioca Flour',125),
(23893,97471,45303,'Brown Mushrooms',221),
(43896,97735,35068,'Tamari',512),
(57211,97822,15691,'Garam Masala',441),
(32518,97870,54880,'Goat Cheese',266),
(4285,97938,13705,'Lettuce',513),
(82320,98059,97914,'Curry Powder',6),
(94976,98203,92025,'Apple Cider Vinegar',735),
(34636,98230,90694,'Flounder',664),
(89068,98343,20570,'Brown Flour',577),
(56573,98572,812,'Lavender Flowers',557),
(20942,98616,12267,'Peppercorns',376),
(39570,98674,85550,'Barley',574),
(62018,98688,98108,'Blueberries',640),
(48551,98694,87385,'Ricemilk',435),
(43182,98858,56344,'Licorice',522),
(23022,98920,38037,'Sage',550),
(48927,99042,38961,'Oyster Mushrooms',749),
(38646,99079,41236,'PepitasPepper',407),
(36717,99201,80194,'Bocconcini',687),
(12390,99236,94258,'Soy Milk',550),
(32894,99318,80194,'Szechuan Pepperberry',264),
(38129,99355,88986,'Apple Cider Vinegar',558),
(81407,99359,88057,'Camembert',343),
(71633,99363,41236,'Radicchio',925),
(68495,99622,748,'Porcini mushrooms',525),
(96632,99651,7979,'Gruyere',441),
(79111,99943,26741,'CarobCarrot',46);
/*!40000 ALTER TABLE `ingredient` ENABLE KEYS */;
UNLOCK TABLES;

--
-- Table structure for table `member`
--

DROP TABLE IF EXISTS `member`;
/*!40101 SET @saved_cs_client     = @@character_set_client */;
/*!40101 SET character_set_client = utf8 */;
CREATE TABLE `member` (
  `memberID` int(11) NOT NULL,
  `franchise` int(11) DEFAULT NULL,
  `firstname` varchar(255) DEFAULT NULL,
  `surname` varchar(255) DEFAULT NULL,
  `joinDate` date DEFAULT NULL,
  `memberClass` enum('silver','gold','platinum') DEFAULT NULL,
  PRIMARY KEY (`memberID`),
  KEY `franchise` (`franchise`),
  CONSTRAINT `member_ibfk_1` FOREIGN KEY (`franchise`) REFERENCES `franchise` (`franchiseID`)
) ENGINE=InnoDB DEFAULT CHARSET=latin1 COLLATE=latin1_swedish_ci;
/*!40101 SET character_set_client = @saved_cs_client */;

--
-- Dumping data for table `member`
--

LOCK TABLES `member` WRITE;
/*!40000 ALTER TABLE `member` DISABLE KEYS */;
INSERT INTO `member` VALUES
(275,35890,'Elizabeth','Mckenzie','2024-02-06','platinum'),
(400,72757,'Jeremiah','Vargas','2024-02-09','silver'),
(406,94921,'Jeffery','Miller','2024-01-20','platinum'),
(786,79738,'Karen','Tucker','2024-01-21','silver'),
(1062,82259,'Thomas','Barrett','2024-02-03','silver'),
(1098,9215,'William','Smith','2024-02-16','gold'),
(1155,12061,'Tracy','Holder','2024-01-27','silver'),
(1177,54243,'Laura','Lawrence','2024-01-22','platinum'),
(1493,33676,'Lindsay','Hunt','2024-02-09','silver'),
(1591,1371,'Tonya','Lopez','2024-02-04','platinum'),
(1631,37280,'Johnny','Adams','2024-02-02','gold'),
(1852,59280,'Kimberly','Barnes','2024-01-10','platinum'),
(1882,16480,'Joshua','Washington','2024-02-15','gold'),
(1934,82259,'Mary','Goodwin','2024-02-07','silver'),
(1993,17519,'Caitlin','Stout','2024-01-29','silver'),
(2087,40388,'Susan','Ford','2024-01-27','platinum'),
(2384,77283,'Scott','Johnson','2024-01-24','platinum'),
(2402,92640,'Eileen','Lam','2024-02-01','gold'),
(2631,49560,'Danielle','Alexander','2024-02-05','gold'),
(2719,14155,'Barbara','Holland','2024-01-24','gold'),
(2758,49560,'Alan','Holt','2024-01-31','silver'),
(3033,30154,'Scott','Patterson','2024-01-31','silver'),
(3042,42075,'Jenna','Warner','2024-02-01','gold'),
(3046,95021,'Patricia','Stevens','2024-01-20','gold'),
(3161,14332,'Dawn','Simmons','2024-02-03','silver'),
(3203,52180,'Dakota','Gonzalez','2024-02-04','silver'),
(3284,72277,'Rebecca','Pena','2024-02-16','silver'),
(3300,95060,'Todd','Manning','2024-02-03','silver'),
(3464,29837,'Eddie','Clark','2024-01-25','gold'),
(3477,23412,'Cynthia','Miller','2024-02-03','silver'),
(3495,25743,'William','Berry','2024-02-06','silver'),
(3944,97863,'Rachel','Park','2024-01-14','gold'),
(4095,69856,'Lindsay','Phillips','2024-02-04','silver'),
(4141,84076,'Bradley','Harper','2024-02-22','gold'),
(4272,72277,'Devin','Hamilton','2024-02-02','platinum'),
(4621,85970,'Ronald','Mckinney','2024-02-13','platinum'),
(4642,9294,'Michael','Smith','2024-01-23','gold'),
(4707,11660,'Anna','Beck','2024-02-02','platinum'),
(4801,92839,'David','Le','2024-01-17','silver'),
(4815,84592,'Kenneth','Perez','2024-02-18','platinum'),
(4893,23634,'Alexis','Jones','2024-01-23','silver'),
(4897,23424,'Kelly','Parrish','2024-02-13','platinum'),
(5080,21189,'Tracey','Warren','2024-02-08','platinum'),
(5299,23412,'Alex','White','2024-02-16','silver'),
(5418,25629,'David','Best','2024-02-14','gold'),
(5429,43182,'Debra','Shea','2024-01-30','silver'),
(5443,57652,'Mary','Dodson','2024-02-12','gold'),
(5859,69390,'Ryan','Powers','2024-02-03','platinum'),
(5874,54243,'Leslie','Dean','2024-02-05','silver'),
(5934,35746,'Jennifer','Aguilar','2024-02-21','gold'),
(5994,14155,'Larry','Elliott','2024-01-24','platinum'),
(6015,3373,'Brenda','Jackson','2024-02-12','gold'),
(6119,55454,'Sara','Taylor','2024-01-30','platinum'),
(6283,41242,'Scott','Jensen','2024-02-11','silver'),
(6289,4501,'Jennifer','Butler','2024-02-11','platinum'),
(6317,152,'Debra','Rose','2024-01-26','platinum'),
(6452,64734,'Gregory','Carpenter','2024-01-25','platinum'),
(6525,57652,'Kimberly','Reyes','2024-02-20','gold'),
(6567,23022,'Kimberly','Hanson','2024-02-06','platinum'),
(6663,98063,'Melissa','Smith','2024-01-13','silver'),
(6796,93583,'Jonathan','Thompson','2024-02-06','platinum'),
(6929,69856,'Erica','Cox','2024-02-10','silver'),
(6935,89692,'Michael','Eaton','2024-02-05','silver'),
(7000,5312,'William','Greer','2024-01-25','platinum'),
(7171,37115,'William','Gray','2024-02-10','platinum'),
(7176,8228,'Aimee','Daniels','2024-02-22','gold'),
(7198,59210,'Melissa','Meyer','2024-01-18','platinum'),
(7406,51608,'Tommy','Walker','2024-01-11','platinum'),
(7532,69878,'Robert','Reyes','2024-02-08','silver'),
(7584,62392,'Gabriela','Shah','2024-02-06','silver'),
(7873,61425,'Robert','Bridges','2024-02-03','platinum'),
(7960,8457,'Rebecca','Burnett','2024-01-22','platinum'),
(8330,2117,'James','Case','2024-02-12','gold'),
(8365,73276,'Lawrence','Hodges','2024-02-01','silver'),
(8448,31075,'Lisa','Little','2024-02-04','gold'),
(8484,28404,'Caleb','Fischer','2024-02-14','gold'),
(8615,25539,'Andrew','Livingston','2024-02-28','platinum'),
(8664,62656,'John','Giles','2024-02-08','platinum'),
(8707,6587,'Cheryl','Martin','2024-02-09','platinum'),
(8753,84849,'Kevin','Bishop','2024-02-11','gold'),
(8927,77283,'Kelly','Lucas','2024-02-15','silver'),
(8931,25296,'Desiree','Bauer','2024-02-13','gold'),
(9032,62524,'Austin','Robbins','2024-02-05','silver'),
(9190,1289,'Samantha','Spence','2024-02-05','silver'),
(9253,54784,'Tyrone','Howe','2024-02-07','silver'),
(9332,1221,'David','Cabrera','2024-02-07','silver'),
(9341,66412,'Tanya','Crawford','2024-02-02','platinum'),
(9383,90744,'Mariah','Collins','2024-02-05','silver'),
(9396,50266,'Erin','Neal','2024-01-31','silver'),
(9649,51608,'Dana','Jackson','2024-01-21','silver'),
(9703,63584,'Kelly','Gonzales','2024-02-05','platinum'),
(9893,3586,'David','Moody','2024-01-20','platinum'),
(9896,6531,'Grace','Bush','2024-02-27','silver'),
(9966,31750,'David','Mitchell','2024-01-26','silver'),
(9973,15359,'Cindy','Ibarra','2024-01-20','silver'),
(10026,60804,'Steven','Kent','2024-02-27','gold'),
(10065,9150,'Shannon','Wilkinson','2024-02-15','silver'),
(10148,8475,'Linda','Maxwell','2024-02-06','platinum'),
(10365,88725,'Angela','Mendoza','2024-02-06','gold'),
(10369,38830,'Lisa','Evans','2024-02-01','silver'),
(10487,5312,'Tina','Nichols','2024-02-11','gold'),
(10535,76648,'Lisa','Clark','2024-01-16','gold'),
(10607,20937,'Angela','Miller','2024-01-28','platinum'),
(10649,8228,'Mark','Oconnell','2024-01-31','silver'),
(10690,58930,'Margaret','Green','2024-01-25','platinum'),
(10786,92839,'Maria','Jones','2024-02-12','gold'),
(10910,38342,'Cynthia','Hall','2024-02-08','silver'),
(10951,42753,'Felicia','Solomon','2024-02-04','silver'),
(10959,72937,'Jennifer','Hanson','2024-02-17','gold'),
(11038,96979,'Lucas','Mendoza','2024-02-26','silver'),
(11333,93776,'Christopher','Elliott','2024-02-08','silver'),
(11487,25996,'Mark','Sellers','2024-02-15','gold'),
(11519,53465,'Dana','Thomas','2024-02-09','platinum'),
(11658,36717,'Michael','Johnson','2024-01-29','silver'),
(11733,93630,'Christopher','Williams','2024-02-08','platinum'),
(11854,33676,'David','Stanton','2024-02-07','platinum'),
(11912,96632,'Linda','Woods','2024-02-03','platinum'),
(12121,20256,'Jill','Edwards','2024-02-02','silver'),
(12739,74281,'Amanda','Washington','2024-02-04','silver'),
(12765,7712,'Christy','Gutierrez','2024-02-09','gold'),
(12783,36202,'Heidi','Robinson','2024-02-01','gold'),
(12855,54333,'Robyn','Whitaker','2024-01-27','gold'),
(12976,67777,'Melissa','Zimmerman','2024-01-29','platinum'),
(13156,3373,'Kimberly','Greer','2024-02-17','silver'),
(13305,8643,'Julia','Ramirez','2024-01-15','platinum'),
(13389,45133,'Mary','Smith','2024-02-19','silver'),
(13637,88725,'Stephanie','Ibarra','2024-01-30','platinum'),
(13894,76398,'Kathryn','Hernandez','2024-01-26','silver'),
(13994,55255,'Angelica','Hunt','2024-02-13','gold'),
(14191,8228,'Emily','Brown','2024-01-29','silver'),
(14273,62118,'Reginald','David','2024-01-20','platinum'),
(14433,57762,'Jeffrey','Mendez','2024-02-03','platinum'),
(14595,62735,'Todd','Nguyen','2024-01-15','silver'),
(14739,84076,'Evan','Rodriguez','2024-02-12','platinum'),
(14759,33555,'Christina','Hutchinson','2024-01-30','platinum'),
(15058,96563,'Joshua','Haynes','2024-02-22','platinum'),
(15092,27569,'Kimberly','Miller','2024-02-17','platinum'),
(15113,47234,'Amy','Sullivan','2024-02-06','gold'),
(15121,90849,'Kristen','Osborn','2024-02-05','silver'),
(15554,94921,'Noah','Simmons','2024-01-16','platinum'),
(15597,55454,'Nicholas','Brooks','2024-02-16','silver'),
(15688,41660,'Kelli','Peterson','2024-02-11','gold'),
(15712,83754,'Paige','Pitts','2024-01-23','gold'),
(15761,77036,'Richard','Shannon','2024-02-11','gold'),
(15782,7662,'Mark','Chang','2024-02-15','silver'),
(15822,9202,'Robert','Cardenas','2024-01-15','gold'),
(15871,72484,'Richard','Townsend','2024-02-05','platinum'),
(16062,33555,'Frank','Soto','2024-01-24','platinum'),
(16100,96429,'Kimberly','Ortiz','2024-01-27','gold'),
(16101,38951,'Russell','Nelson','2024-02-21','silver'),
(16111,82354,'Emily','Marsh','2024-02-01','platinum'),
(16197,83037,'Joann','Bruce','2024-02-08','silver'),
(16240,62572,'Colleen','Ross','2024-01-25','platinum'),
(16379,72757,'Jamie','Smith','2024-01-21','platinum'),
(16464,44159,'Adrian','Wyatt','2024-02-19','silver'),
(16523,43659,'George','Henry','2024-02-06','silver'),
(16617,23893,'Sarah','Wong','2024-01-30','silver'),
(16795,63440,'Robert','Porter','2024-01-29','platinum'),
(16807,57946,'Kristopher','Armstrong','2024-02-21','platinum'),
(16860,72484,'Kenneth','Haynes','2024-02-13','platinum'),
(16887,37280,'Richard','Perry','2024-02-12','silver'),
(16916,2755,'Stacey','Sheppard','2024-01-22','gold'),
(17185,70104,'Paul','Romero','2024-01-29','silver'),
(17265,17330,'Adam','Lee','2024-02-05','platinum'),
(17402,33555,'Mario','Banks','2024-01-28','silver'),
(17460,31750,'Angela','Murphy','2024-02-12','silver'),
(17475,9294,'Brittany','Vargas','2024-02-11','gold'),
(17495,75639,'Angela','Moore','2024-02-09','silver'),
(17505,39064,'Tracy','Thomas','2024-02-01','gold'),
(17585,36656,'Thomas','Trujillo','2024-01-28','platinum'),
(17640,95021,'Christopher','Mathis','2024-02-18','gold'),
(17676,82093,'Thomas','Jones','2024-02-03','platinum'),
(17778,85465,'Brad','Simpson','2024-02-07','gold'),
(17875,24776,'Tyler','Mills','2024-01-27','platinum'),
(17920,86441,'Curtis','Kerr','2024-01-10','silver'),
(17950,99168,'Alyssa','Luna','2024-02-16','gold'),
(18021,12061,'Brian','Brown','2024-02-10','gold'),
(18029,96632,'Stephanie','Brooks','2024-01-30','gold'),
(18050,37280,'Elizabeth','Chavez','2024-02-14','gold'),
(18213,90744,'Eric','Williams','2024-01-27','gold'),
(18341,20010,'Christian','Moore','2024-01-19','silver'),
(18361,78444,'Eric','Walker','2024-01-22','gold'),
(18410,72757,'Kristine','Koch','2024-02-10','silver'),
(18620,2190,'Gary','Wood','2024-02-05','gold'),
(18686,67350,'Regina','Watkins','2024-02-02','platinum'),
(18757,65712,'Jessica','Vazquez','2024-01-22','platinum'),
(18799,39659,'Anthony','Contreras','2024-01-16','silver'),
(18845,63406,'James','King','2024-01-31','gold'),
(18979,53467,'Megan','Johnson','2024-01-18','platinum'),
(19210,91895,'Amber','Landry','2024-02-05','silver'),
(19264,77036,'Crystal','Lewis','2024-01-22','gold'),
(19375,81684,'Lori','Barnett','2024-02-20','silver'),
(19440,97238,'Laura','Brown','2024-02-09','silver'),
(19467,59210,'Nicholas','Johnson','2024-02-28','gold'),
(19522,97238,'James','Clark','2024-02-19','platinum'),
(19595,75639,'Mark','Brock','2024-01-19','silver'),
(19625,55590,'Tyrone','Thompson','2024-02-10','gold'),
(19723,20354,'Victoria','Sloan','2024-01-10','platinum'),
(19774,81652,'Sherry','Roman','2024-02-06','silver'),
(20037,96979,'Alejandro','Martinez','2024-02-12','gold'),
(20101,81652,'Margaret','Moore','2024-02-04','platinum'),
(20298,50266,'Amber','Sherman','2024-01-30','gold'),
(20535,68495,'Jeffrey','Ibarra','2024-01-30','platinum'),
(20567,87213,'Heather','Smith','2024-02-06','platinum'),
(20606,77316,'Connie','Landry','2024-02-13','gold'),
(20619,50984,'Jordan','Miller','2024-02-07','gold'),
(20646,75639,'Joseph','Bowman','2024-01-26','gold'),
(20866,13745,'Amanda','Fields','2024-02-04','gold'),
(20889,38129,'Toni','Banks','2024-02-16','platinum'),
(21023,84592,'David','Mitchell','2024-02-01','silver'),
(21095,92631,'Heather','Ramos','2024-02-13','silver'),
(21175,26341,'Matthew','Meyer','2024-01-23','gold'),
(21190,35392,'Raymond','Johnson','2024-01-26','silver'),
(21197,99471,'Laura','Williamson','2024-01-26','silver'),
(21278,21185,'Jacqueline','White','2024-02-08','gold'),
(21293,93416,'Jennifer','Robinson','2024-01-19','silver'),
(21337,23412,'James','Gomez','2024-01-24','gold'),
(21343,58961,'Stephanie','Duncan','2024-02-06','platinum'),
(21605,87764,'Robert','White','2024-02-11','platinum'),
(22159,87531,'Kelly','Smith','2024-02-18','silver'),
(22176,47689,'Rebecca','Johnson','2024-01-30','silver'),
(22209,87531,'Thomas','Figueroa','2024-02-05','silver'),
(22267,95319,'Andres','Espinoza','2024-01-30','platinum'),
(22305,85380,'Craig','Contreras','2024-02-04','silver'),
(22388,21715,'Scott','Delgado','2024-02-02','silver'),
(22430,75080,'Amanda','English','2024-01-31','gold'),
(22447,20010,'Chad','Rivers','2024-02-08','gold'),
(22515,34532,'Rachel','Sharp','2024-02-24','platinum'),
(22754,25657,'Vanessa','Lee','2024-02-13','gold'),
(22776,51728,'Sandy','Schultz','2024-02-17','platinum'),
(22877,8472,'Katherine','Mccoy','2024-02-10','platinum'),
(22936,93339,'Brianna','Schmidt','2024-01-18','gold'),
(23045,38129,'Emily','Dennis','2024-02-19','gold'),
(23376,41242,'Ashley','Salazar','2024-02-18','platinum'),
(23391,74856,'Joshua','Myers','2024-01-14','platinum'),
(23393,93386,'Samantha','Harris','2024-02-04','silver'),
(23404,66176,'Scott','Stokes','2024-02-20','silver'),
(23660,80923,'Kari','Sanchez','2024-01-13','silver'),
(23831,71343,'Susan','Bishop','2024-02-09','silver'),
(24006,58040,'Thomas','Williams','2024-02-14','platinum'),
(24022,72757,'Christina','Hughes','2024-01-25','gold'),
(24030,67985,'Shannon','Valencia','2024-02-09','gold'),
(24037,8475,'Tammy','Jones','2024-01-31','platinum'),
(24084,42493,'Martin','Petersen','2024-02-07','silver'),
(24094,89692,'Donald','Douglas','2024-02-04','platinum'),
(24108,8475,'Edward','Jensen','2024-01-30','platinum'),
(24109,80923,'Ruth','Grant','2024-01-18','silver'),
(24150,25539,'Kimberly','Martinez','2024-02-11','silver'),
(24205,4501,'Elizabeth','Price','2024-02-08','silver'),
(24395,21780,'Marcus','Ewing','2024-02-06','silver'),
(24459,8472,'Hannah','Anderson','2024-01-26','gold'),
(24465,46737,'Jacob','Adams','2024-01-24','platinum'),
(24606,71717,'Meghan','Larsen','2024-02-18','gold'),
(24643,15359,'Jeremy','Browning','2024-01-24','platinum'),
(24736,14155,'Kimberly','Whitehead','2024-01-28','gold'),
(24852,1165,'Tracy','Stephens','2024-02-01','gold'),
(24859,35819,'Paul','Christian','2024-02-23','platinum'),
(25088,13745,'Daniel','Gray','2024-02-06','gold'),
(25205,19636,'Lawrence','Lopez','2024-02-02','platinum'),
(25370,42013,'Laura','Meadows','2024-02-06','platinum'),
(25588,69856,'Patrick','Goodman','2024-01-27','platinum'),
(25634,75080,'Natasha','Hampton','2024-02-06','platinum'),
(25709,36076,'Anna','Lynch','2024-02-02','gold'),
(25718,65712,'Jeffrey','Powell','2024-02-02','platinum'),
(25903,71717,'Matthew','Schultz','2024-02-04','gold'),
(25960,28001,'Jay','Smith','2024-01-19','silver'),
(26376,31325,'Carol','Robertson','2024-02-10','platinum'),
(26461,96191,'Jeffrey','Williams','2024-01-30','silver'),
(26663,37487,'Scott','Carrillo','2024-01-17','silver'),
(26664,71717,'John','Alvarado','2024-02-05','platinum'),
(27103,62118,'Diana','Bell','2024-01-17','silver'),
(27152,13745,'Heidi','Taylor','2024-02-12','gold'),
(27221,63218,'Dylan','Mueller','2024-02-08','silver'),
(27394,20256,'Carol','Meyers','2024-02-03','gold'),
(27396,20937,'Christopher','Johnson','2024-01-27','platinum'),
(27575,92699,'Ashley','Smith','2024-02-15','gold'),
(27585,67350,'Dominique','Pearson','2024-02-01','gold'),
(27589,82544,'Michael','Smith','2024-02-15','platinum'),
(27693,54784,'Philip','Stone','2024-01-20','platinum'),
(27791,62656,'Jonathan','Ramirez','2024-01-15','gold'),
(27884,55345,'Daniel','Lowe','2024-02-02','gold'),
(28022,90218,'Marc','Rowe','2024-01-25','platinum'),
(28120,73276,'Annette','Fisher','2024-02-01','gold'),
(28169,99168,'Gregory','Adams','2024-02-22','silver'),
(28416,81684,'Ashley','Hill','2024-02-11','platinum'),
(28771,86441,'Cory','Shaw','2024-02-25','silver'),
(28818,44584,'Angela','Williams','2024-01-30','gold'),
(28912,94252,'Alexander','Greer','2024-01-27','silver'),
(29073,22902,'Phyllis','Tanner','2024-02-10','gold'),
(29335,80100,'Beverly','Williams','2024-01-30','silver'),
(29370,50755,'Brian','Martin','2024-02-15','gold'),
(29744,45897,'Andrew','Peck','2024-02-19','platinum'),
(29839,46186,'Heather','Conrad','2024-02-25','platinum'),
(30001,67350,'Brandon','Walsh','2024-01-31','gold'),
(30013,49614,'Craig','Wilson','2024-02-08','platinum'),
(30100,74281,'Mackenzie','Martinez','2024-01-13','gold'),
(30224,20010,'Julie','Reed','2024-01-23','gold'),
(30286,69644,'Chloe','Klein','2024-01-26','platinum'),
(30299,94252,'Christina','Spence','2024-02-11','gold'),
(30323,1221,'George','Black','2024-01-10','silver'),
(30327,46706,'Patrick','Willis','2024-02-27','silver'),
(30330,49434,'Peter','Williams','2024-01-31','silver'),
(30486,3920,'Vicki','Snyder','2024-02-05','silver'),
(30585,97863,'Sherry','Espinoza','2024-02-05','silver'),
(30629,35890,'Shelby','Sheppard','2024-01-18','silver'),
(30722,37546,'Suzanne','Kirk','2024-02-03','platinum'),
(30743,59838,'Nicholas','Dudley','2024-01-28','gold'),
(30778,22268,'Thomas','Evans','2024-01-17','silver'),
(30817,28702,'Ashley','Jackson','2024-01-29','silver'),
(31019,8643,'William','Reed','2024-01-27','gold'),
(31169,44159,'Stephen','Eaton','2024-02-06','gold'),
(31319,66685,'Matthew','Fischer','2024-02-16','platinum'),
(31410,55979,'Brett','Salazar','2024-02-03','silver'),
(31465,95319,'Carla','Roth','2024-02-12','silver'),
(31557,63256,'Patrick','Mullins','2024-01-11','gold'),
(31726,76547,'Chelsea','Meyers','2024-02-28','platinum'),
(31765,41326,'Frank','Scott','2024-01-16','gold'),
(31775,64734,'Brooke','Ramsey','2024-02-19','silver'),
(31834,33555,'Stephen','Hernandez','2024-01-19','silver'),
(31836,1221,'Susan','Johnson','2024-01-31','platinum'),
(31854,73476,'Aaron','Rodriguez','2024-02-29','platinum'),
(32241,17423,'John','Griffith','2024-01-26','silver'),
(32316,56955,'Craig','Anderson','2024-02-18','platinum'),
(32423,58866,'Jeremy','Snyder','2024-02-23','silver'),
(32756,27705,'Gabrielle','Griffin','2024-02-05','platinum'),
(32803,63062,'Cynthia','Turner','2024-01-28','gold'),
(32995,86514,'Eric','Weeks','2024-02-08','platinum'),
(33086,819,'Steven','Martin','2024-02-03','silver'),
(33121,51989,'Tami','Hutchinson','2024-01-28','platinum'),
(33195,35072,'Barry','Pitts','2024-01-30','silver'),
(33239,63440,'Stephanie','Perry','2024-02-13','platinum'),
(33391,35518,'Kellie','Randall','2024-02-04','gold'),
(33459,71343,'Sarah','Farrell','2024-01-24','gold'),
(33630,70104,'Patrick','Martinez','2024-02-02','platinum'),
(33652,13751,'Ricardo','Keith','2024-02-06','silver'),
(33740,68495,'Anthony','Maddox','2024-01-15','gold'),
(33757,62735,'Sydney','Sheppard','2024-01-31','silver'),
(33772,72277,'Alexa','Jones','2024-01-28','silver'),
(33889,30154,'Kevin','Rivera','2024-01-28','gold'),
(33988,74759,'Julie','King','2024-02-03','platinum'),
(34073,71470,'Mark','Watts','2024-02-07','silver'),
(34103,30527,'Paul','Lopez','2024-01-24','platinum'),
(34154,17838,'James','Green','2024-02-14','silver'),
(34201,3004,'Arthur','Lee','2024-01-19','gold'),
(34220,98315,'Rachel','Jordan','2024-01-19','gold'),
(34590,49740,'Edwin','Turner','2024-02-13','platinum'),
(34648,45897,'Jennifer','Nelson','2024-01-12','silver'),
(34665,55454,'Stephanie','Phillips','2024-01-20','silver'),
(34733,21334,'Robert','Hardin','2024-02-14','platinum'),
(34750,36076,'Jennifer','Shelton','2024-02-14','gold'),
(34814,3078,'Kristen','Salinas','2024-01-19','platinum'),
(34847,81652,'Allison','Hale','2024-01-23','platinum'),
(34886,45022,'Chad','Hall','2024-02-04','gold'),
(34931,30598,'Daniel','Meadows','2024-01-27','gold'),
(35004,94209,'Sharon','Johnson','2024-02-07','silver'),
(35246,28404,'Jake','Thomas','2024-02-14','gold'),
(35390,44464,'Michael','Espinoza','2024-01-30','silver'),
(35394,98123,'John','Davis','2024-01-20','platinum'),
(35532,63567,'Timothy','Davis','2024-01-14','gold'),
(35632,49560,'Andrew','Chung','2024-02-07','silver'),
(35699,32038,'Sheri','Gilbert','2024-02-23','gold'),
(35715,32038,'Tim','Thompson','2024-01-23','gold'),
(35844,3078,'James','Cooper','2024-02-28','silver'),
(35855,43996,'Cynthia','Griffin','2024-02-04','silver'),
(36031,82773,'Brenda','Harper','2024-02-07','silver'),
(36035,77316,'Michael','Ortega','2024-02-01','platinum'),
(36103,79111,'Tabitha','Cochran','2024-01-13','gold'),
(36296,30527,'Robert','Young','2024-01-21','platinum'),
(36317,63412,'Melissa','Mercer','2024-02-15','gold'),
(36342,2190,'Melissa','Camacho','2024-02-09','silver'),
(36345,93498,'Joseph','Anderson','2024-01-31','silver'),
(36505,10284,'Justin','Clark','2024-01-26','gold'),
(36508,51989,'Toni','Roberts','2024-01-30','platinum'),
(36573,35819,'Michael','Hatfield','2024-02-11','platinum'),
(36585,95689,'Gerald','Smith','2024-01-26','gold'),
(36602,72757,'Michael','Moran','2024-02-10','platinum'),
(36767,25296,'Michael','Cain','2024-02-10','gold'),
(36821,27990,'Dustin','Powers','2024-02-09','platinum'),
(36852,47234,'Carolyn','Brooks','2024-02-04','gold'),
(36989,71717,'Tina','Clayton','2024-02-03','gold'),
(37054,91211,'Misty','Robinson','2024-02-14','platinum'),
(37175,27832,'Christopher','Boone','2024-02-25','silver'),
(37244,85465,'Lisa','Johnson','2024-02-10','platinum'),
(37687,61820,'Richard','Murillo','2024-01-19','gold'),
(37711,83784,'Caleb','Snyder','2024-02-05','silver'),
(37800,26351,'Christopher','Green','2024-02-05','platinum'),
(37856,26351,'Zachary','Page','2024-02-02','platinum'),
(38021,37115,'Cathy','Acosta','2024-02-09','silver'),
(38022,22902,'Brittany','Trevino','2024-02-13','gold'),
(38135,46186,'Amanda','Roberts','2024-02-04','gold'),
(38149,55454,'Joseph','Ayers','2024-02-11','silver'),
(38247,13745,'Caroline','Gamble','2024-02-02','gold'),
(38307,45133,'Wendy','Jackson','2024-01-25','gold'),
(38616,50945,'Rebecca','Avila','2024-01-20','platinum'),
(38721,57052,'Michael','Austin','2024-02-05','platinum'),
(39062,18491,'Brandon','Rivera','2024-01-31','platinum'),
(39286,41942,'Joanna','Williams','2024-02-05','gold'),
(39515,15359,'Mary','Andersen','2024-02-03','gold'),
(39650,41942,'Martin','Burton','2024-02-04','silver'),
(39758,63256,'Jesse','Turner','2024-01-20','silver'),
(39776,74671,'Olivia','Graham','2024-02-16','gold'),
(39790,79738,'Tamara','Barnes','2024-02-21','silver'),
(39813,20959,'Jeffrey','Torres','2024-02-10','silver'),
(39867,69390,'Jose','Gross','2024-01-17','platinum'),
(39954,94976,'Donna','Mueller','2024-02-05','platinum'),
(40127,56955,'Bradley','Cantrell','2024-02-09','silver'),
(40132,70528,'Jo','Mccarthy','2024-01-25','gold'),
(40142,98123,'Brandy','Wang','2024-02-02','platinum'),
(40183,61820,'Christian','Ward','2024-02-02','gold'),
(40204,50755,'Stephanie','Meyer','2024-02-07','silver'),
(40486,20937,'Paul','Bradley','2024-02-11','platinum'),
(40671,24776,'Mary','Jones','2024-02-14','silver'),
(40819,11408,'Joseph','Holmes','2024-02-03','silver'),
(40919,1698,'Danielle','Nunez','2024-03-02','gold'),
(40921,26736,'Dave','Johnson','2024-02-10','gold'),
(40926,93044,'Jessica','Dickerson','2024-02-12','gold'),
(41075,7437,'Bethany','Jones','2024-01-22','platinum'),
(41273,51728,'Glenn','Mcdonald','2024-03-01','platinum'),
(41287,83037,'Jason','Norton','2024-01-18','silver'),
(41409,63584,'Wesley','Hurley','2024-02-06','silver'),
(41771,38951,'Stephanie','Allen','2024-01-18','platinum'),
(41979,48927,'Dustin','Shepherd','2024-01-16','gold'),
(42077,53442,'Mario','Bowen','2024-02-02','silver'),
(42097,34532,'Jane','Reyes','2024-02-18','silver'),
(42145,23634,'Brian','Mccarthy','2024-02-20','gold'),
(42460,23355,'Dana','Hunt','2024-01-31','silver'),
(42787,8475,'Mary','Montgomery','2024-01-14','silver'),
(42928,63256,'Rhonda','Lopez','2024-02-13','platinum'),
(43058,46706,'Thomas','Ingram','2024-01-28','platinum'),
(43101,42753,'Morgan','Gonzales','2024-02-16','silver'),
(43179,82544,'Tiffany','Goodman','2024-02-15','silver'),
(43203,84129,'Walter','Jones','2024-02-02','platinum'),
(43450,66176,'Kimberly','Cooper','2024-02-12','silver'),
(43616,94976,'Douglas','Lopez','2024-02-10','gold'),
(43640,65712,'Kayla','White','2024-01-26','gold'),
(43650,1165,'Nicole','Barker','2024-02-11','platinum'),
(43685,63412,'Gina','Rios','2024-02-23','platinum'),
(43725,30598,'Valerie','Adams','2024-02-22','platinum'),
(43733,33555,'Adam','Miles','2024-02-09','platinum'),
(43981,45615,'Roy','Robinson','2024-02-06','silver'),
(44109,43813,'Nicholas','Mendez','2024-02-19','gold'),
(44239,32518,'Wendy','Jackson','2024-02-10','silver'),
(44276,27832,'Linda','Mcdaniel','2024-02-17','silver'),
(44351,86514,'Shannon','Webb','2024-01-22','silver'),
(44642,48636,'Amanda','Navarro','2024-02-15','gold'),
(44661,57864,'Gail','Acevedo','2024-01-15','gold'),
(44663,93416,'Hannah','Evans','2024-01-25','silver'),
(44698,93630,'Cody','Reyes','2024-02-01','silver'),
(44730,95689,'John','Santos','2024-02-06','gold'),
(44770,25629,'Margaret','Castro','2024-02-07','gold'),
(44993,36717,'Maria','Douglas','2024-02-08','platinum'),
(45141,55255,'Julia','Johnson','2024-02-14','gold'),
(45207,27569,'Courtney','Jackson','2024-01-18','platinum'),
(45219,87531,'Jason','Harris','2024-02-04','silver'),
(45265,71633,'Justin','Gregory','2024-02-18','silver'),
(45453,9149,'Marcus','Nelson','2024-02-09','gold'),
(45481,71633,'Erika','Peterson','2024-02-02','platinum'),
(45678,63937,'Tina','White','2024-02-18','silver'),
(45689,25296,'Nicole','Allen','2024-01-13','gold'),
(45732,82544,'Cameron','Dalton','2024-02-15','platinum'),
(45791,37487,'Ashley','Randolph','2024-01-27','platinum'),
(45915,95021,'Karen','Nolan','2024-02-14','gold'),
(45930,83037,'James','Rodriguez','2024-02-21','platinum'),
(45999,32038,'Jennifer','Freeman','2024-02-06','silver'),
(46412,97238,'Beverly','Duran','2024-02-28','gold'),
(46425,93630,'Kevin','Strickland','2024-01-31','gold'),
(46466,93498,'Patrick','Fields','2024-02-06','silver'),
(46537,79738,'Terry','Whitehead','2024-02-09','platinum'),
(46555,11408,'Jennifer','Hicks','2024-02-29','platinum'),
(46638,78316,'Nicholas','Gibson','2024-02-15','silver'),
(46813,2559,'Erin','Rogers','2024-01-23','gold'),
(46846,56053,'Casey','Hicks','2024-01-27','platinum'),
(46964,6587,'Lisa','Roberts','2024-02-18','gold'),
(47041,16710,'Alexis','Delgado','2024-01-28','platinum'),
(47045,50755,'Beth','Hampton','2024-02-20','gold'),
(47068,93630,'Wesley','Vaughn','2024-02-09','gold'),
(47070,34532,'Eugene','Johnson','2024-01-28','platinum'),
(47217,82093,'Julia','Smith','2024-01-27','gold'),
(47249,25734,'Cindy','Holden','2024-02-08','platinum'),
(47292,45897,'Michael','Smith','2024-01-19','gold'),
(47650,70104,'Elijah','Ferguson','2024-02-06','gold'),
(47719,12850,'Diana','Diaz','2024-01-28','gold'),
(47777,43996,'Eric','Castro','2024-02-21','platinum'),
(47906,8472,'Jennifer','Miller','2024-01-26','gold'),
(47992,84592,'Benjamin','Mcmillan','2024-02-25','gold'),
(48124,12390,'Tiffany','Swanson','2024-01-31','platinum'),
(48387,86514,'Haley','Patton','2024-01-28','silver'),
(48521,524,'Emma','Terry','2024-02-01','platinum'),
(48543,49740,'Joel','Buck','2024-02-02','platinum'),
(48582,86514,'James','Sheppard','2024-02-16','platinum'),
(48587,25743,'Evelyn','Smith','2024-02-09','gold'),
(48697,89692,'Keith','Smith','2024-01-23','platinum'),
(48733,49614,'Jacqueline','Elliott','2024-02-03','platinum'),
(48803,57685,'Sean','Simmons','2024-02-07','silver'),
(48950,5171,'Alexander','Hayden','2024-02-09','platinum'),
(48957,65637,'Amanda','Johnson','2024-02-02','gold'),
(49029,1165,'Cheryl','Holt','2024-01-28','silver'),
(49529,9215,'Jacob','Campbell','2024-02-04','silver'),
(49595,64488,'Kathy','Gregory','2024-02-13','platinum'),
(49751,62572,'Randall','Warner','2024-02-14','silver'),
(49955,38129,'Julia','Mosley','2024-02-02','silver'),
(50011,62572,'Andrew','White','2024-02-05','gold'),
(50028,54333,'Adam','Gilbert','2024-02-09','platinum'),
(50072,16706,'Jason','Meyer','2024-01-21','gold'),
(50329,73476,'Heather','Summers','2024-02-27','gold'),
(50362,21185,'Brian','Turner','2024-02-23','silver'),
(50570,98063,'Jose','Hayes','2024-01-29','silver'),
(50656,1165,'Monica','Holmes','2024-02-18','gold'),
(51040,16710,'Jonathan','Munoz','2024-02-20','silver'),
(51117,9294,'Jennifer','Elliott','2024-01-19','platinum'),
(51225,34502,'Maria','Ruiz','2024-02-01','platinum'),
(51243,46737,'John','Lambert','2024-01-17','gold'),
(51271,56812,'Mike','Roberts','2024-02-01','silver'),
(51309,35392,'Renee','Dunlap','2024-01-19','silver'),
(51429,5171,'Jennifer','Pierce','2024-02-07','silver'),
(51562,36076,'Charles','Baker','2024-02-05','platinum'),
(51727,93044,'Michael','Johnson','2024-02-17','silver'),
(51767,97863,'Cindy','Davenport','2024-01-22','platinum'),
(51831,74759,'Anthony','Bennett','2024-02-29','silver'),
(51875,40630,'Natalie','Rogers','2024-01-30','silver'),
(51915,89068,'Dave','Wright','2024-02-13','gold'),
(52019,68345,'Jeffrey','Kelley','2024-02-10','platinum'),
(52055,43858,'Jimmy','Schroeder','2024-02-02','gold'),
(52057,42075,'Adam','Spears','2024-01-29','gold'),
(52070,8956,'Calvin','Chan','2024-01-29','silver'),
(52316,62392,'Christina','Rodriguez','2024-02-07','gold'),
(52405,9149,'Frederick','Duncan','2024-02-02','gold'),
(52673,17423,'Patrick','Rodriguez','2024-01-20','platinum'),
(52849,34502,'Gavin','Ballard','2024-02-02','platinum'),
(52994,20959,'Michael','Webb','2024-03-02','silver'),
(53011,55345,'Kyle','Watson','2024-01-08','platinum'),
(53041,93416,'Jodi','Simmons','2024-02-13','gold'),
(53079,41326,'Willie','Clark','2024-02-23','platinum'),
(53289,57946,'Lisa','Rivera','2024-02-04','platinum'),
(53314,51513,'Carl','Patel','2024-02-13','gold'),
(53343,83784,'Tammie','Matthews','2024-02-02','platinum'),
(53451,8472,'Steven','Johnson','2024-02-16','gold'),
(53491,31565,'Rebecca','Hill','2024-02-10','gold'),
(53642,22268,'Kirsten','Bowman','2024-02-12','platinum'),
(53643,2894,'Daniel','Wu','2024-01-26','gold'),
(53799,38830,'Robert','Williams','2024-02-02','silver'),
(54005,49095,'Christina','Wood','2024-02-04','platinum'),
(54130,46580,'Derek','Cook','2024-02-22','platinum'),
(54134,76547,'Justin','Robinson','2024-01-30','gold'),
(54250,87583,'Elizabeth','Potts','2024-01-16','silver'),
(54273,11660,'Rebecca','Jackson','2024-02-14','silver'),
(54277,58188,'Daniel','Young','2024-02-10','silver'),
(54339,78110,'Gregory','Wang','2024-02-03','silver'),
(54450,73476,'Joshua','Monroe','2024-01-31','silver'),
(54509,92640,'Gene','Swanson','2024-01-31','platinum'),
(54537,21185,'Nicholas','Martinez','2024-02-08','silver'),
(54816,25996,'Jack','Roberts','2024-02-04','platinum'),
(54838,110,'Timothy','Charles','2024-01-13','silver'),
(55027,19013,'Sara','Lee','2024-02-01','platinum'),
(55127,88402,'Bradley','Pearson','2024-02-04','platinum'),
(55141,10916,'Donald','Powers','2024-02-28','gold'),
(55387,55590,'Andrew','Johnston','2024-02-09','platinum'),
(55564,50984,'Margaret','Powell','2024-02-18','silver'),
(55881,46186,'Dawn','Crosby','2024-02-09','silver'),
(56018,56812,'Katherine','Sullivan','2024-02-18','platinum'),
(56044,88402,'Bryce','Ross','2024-02-21','platinum'),
(56089,96979,'Kyle','Burns','2024-02-13','platinum'),
(56099,79111,'Victoria','Frank','2024-01-28','silver'),
(56172,86111,'Sean','Cox','2024-02-26','silver'),
(56187,57211,'Christopher','White','2024-02-10','silver'),
(56282,31325,'James','King','2024-02-12','platinum'),
(56357,67985,'Erik','Reyes','2024-02-03','gold'),
(56775,88725,'Paul','Bond','2024-02-09','silver'),
(56796,61263,'Stephen','Chaney','2024-01-27','platinum'),
(56813,38480,'Carla','Parker','2024-02-06','silver'),
(57031,94252,'Lisa','Baker','2024-02-11','platinum'),
(57067,34502,'Debra','Perez','2024-01-20','gold'),
(57179,56885,'Shawn','Cooper','2024-02-21','gold'),
(57262,69390,'Sara','Sanders','2024-02-11','silver'),
(57493,10284,'Sharon','Simon','2024-03-01','silver'),
(57526,17327,'Cynthia','Delgado','2024-02-12','silver'),
(57558,93386,'Evan','Gordon','2024-02-21','gold'),
(57616,98123,'Charles','Knight','2024-02-10','gold'),
(57750,21780,'Taylor','Lane','2024-01-31','platinum'),
(57765,59838,'Amanda','Luna','2024-01-17','platinum'),
(57997,20759,'Angela','Horton','2024-02-05','gold'),
(58002,24481,'Danielle','Alvarez','2024-01-30','gold'),
(58127,43813,'Michael','Davis','2024-02-06','gold'),
(58411,19243,'John','Levine','2024-02-18','gold'),
(58502,20256,'Bridget','King','2024-02-02','gold'),
(58518,95689,'Kenneth','Rogers','2024-02-19','platinum'),
(58554,27569,'Tricia','Roth','2024-02-10','gold'),
(58622,58040,'Dawn','Collier','2024-01-27','platinum'),
(58628,90744,'Jennifer','Curry','2024-01-11','silver'),
(58675,78444,'Austin','Fitzgerald','2024-01-24','platinum'),
(58872,67350,'Scott','Russell','2024-02-14','silver'),
(58956,51386,'Tracie','Jackson','2024-02-18','gold'),
(59094,53995,'Alexis','Griffin','2024-02-23','silver'),
(59138,53467,'Margaret','Ortiz','2024-02-16','silver'),
(59164,98315,'Pamela','Scott','2024-02-07','gold'),
(59374,27705,'Anthony','Pearson','2024-02-27','silver'),
(59459,67389,'Tony','Villanueva','2024-01-24','gold'),
(59730,30527,'Bryan','Cooper','2024-02-14','silver'),
(60278,26736,'Kelly','Wells','2024-01-26','silver'),
(60304,21185,'Elizabeth','Ross','2024-02-18','gold'),
(60336,70441,'Jose','Henderson','2024-02-05','silver'),
(60516,59902,'John','Hatfield','2024-02-09','silver'),
(60536,81678,'Teresa','Barber','2024-01-25','platinum'),
(60602,99203,'Juan','Smith','2024-02-05','gold'),
(60627,39814,'Ryan','Leblanc','2024-02-02','silver'),
(60787,62067,'Johnny','Larson','2024-01-29','silver'),
(60842,35819,'Sherri','Moore','2024-02-06','gold'),
(61029,48751,'Kristi','Miller','2024-01-23','gold'),
(61070,39063,'Jessica','Jones','2024-01-30','platinum'),
(61355,56053,'Amanda','Johnson','2024-02-07','platinum'),
(61385,66412,'Rhonda','Holder','2024-02-20','platinum'),
(61410,36656,'John','Herrera','2024-02-17','silver'),
(61479,99168,'Vincent','Everett','2024-01-30','gold'),
(61492,41242,'Christina','Burke','2024-02-05','silver'),
(61518,24776,'Nicole','Wagner','2024-02-06','platinum'),
(61606,54243,'Amanda','Hernandez','2024-01-30','silver'),
(61753,63406,'Jared','Stewart','2024-02-18','platinum'),
(61917,85035,'Jennifer','Lopez','2024-01-28','silver'),
(62133,96563,'John','Atkins','2024-01-30','silver'),
(62164,1289,'Diane','Fischer','2024-01-26','gold'),
(62165,38129,'Matthew','Medina','2024-01-29','silver'),
(62173,46186,'Todd','Torres','2024-01-13','gold'),
(62283,29837,'Jonathan','Hernandez','2024-01-31','gold'),
(62336,93776,'Kim','Spencer','2024-02-09','gold'),
(62619,12390,'Brendan','Holland','2024-02-04','platinum'),
(62645,8228,'Pamela','Wise','2024-01-20','platinum'),
(62703,53467,'Steven','Anderson','2024-02-18','gold'),
(62768,66718,'Rhonda','James','2024-02-14','gold'),
(62859,48636,'Alicia','Kim','2024-02-03','platinum'),
(62886,95319,'Stacie','Oliver','2024-01-11','gold'),
(62944,18586,'Danielle','Collins','2024-01-25','gold'),
(62961,17423,'Tracey','Henry','2024-02-07','silver'),
(63135,74759,'Mark','Wade','2024-02-19','platinum'),
(63274,30527,'Jimmy','Hill','2024-02-02','platinum'),
(63463,96429,'Dakota','Wade','2024-01-30','silver'),
(63508,9149,'Mario','Collins','2024-02-07','silver'),
(63590,30154,'Cheryl','Doyle','2024-02-20','gold'),
(63786,55255,'Erica','Rogers','2024-02-13','gold'),
(63965,59838,'Brittany','Smith','2024-01-27','gold'),
(64094,73476,'Corey','Malone','2024-01-26','gold'),
(64300,49823,'Mark','Walker','2024-01-20','platinum'),
(64347,16886,'Heather','Dougherty','2024-02-16','platinum'),
(64420,8103,'Julie','Mason','2024-01-29','silver'),
(64447,86111,'Erica','Holmes','2024-01-30','platinum'),
(64489,31403,'Jessica','Lee','2024-02-18','silver'),
(64508,32170,'Vanessa','Fleming','2024-02-05','gold'),
(64749,38830,'Kristen','Villarreal','2024-02-12','platinum'),
(64947,91895,'Ruben','Meyer','2024-01-21','platinum'),
(65008,54533,'Joseph','Carpenter','2024-02-06','silver'),
(65034,54243,'Mark','Walker','2024-02-22','gold'),
(65461,55345,'Summer','Walker','2024-03-01','platinum'),
(65628,39064,'Jeremy','Coleman','2024-01-30','platinum'),
(65674,25296,'Kristi','Young','2024-01-19','gold'),
(65843,4285,'John','Reeves','2024-01-19','silver'),
(65900,93776,'Rickey','Jenkins','2024-02-07','silver'),
(65970,23893,'Tiffany','Martinez','2024-02-11','platinum'),
(65996,11408,'Jennifer','Russell','2024-01-14','gold'),
(66067,819,'Rebecca','Williams','2024-01-26','platinum'),
(66142,32894,'Vickie','Hill','2024-02-07','platinum'),
(66213,91284,'William','Horton','2024-02-29','platinum'),
(66242,6531,'Nancy','Robinson','2024-02-02','silver'),
(66323,62018,'Roy','Carr','2024-02-22','silver'),
(66342,15925,'Kimberly','Kennedy','2024-02-16','gold'),
(66408,93339,'Nancy','Sims','2024-02-05','platinum'),
(66517,152,'Yvonne','Harris','2024-01-21','silver'),
(66546,8956,'Shawn','Rivera','2024-02-08','silver'),
(66609,72484,'Thomas','Miller','2024-02-01','platinum'),
(66674,28001,'Tonya','Miller','2024-02-08','silver'),
(66765,76648,'Matthew','Owens','2024-02-21','platinum'),
(66846,31075,'Timothy','Diaz','2024-01-12','silver'),
(66882,48751,'Gregory','Martinez','2024-02-14','platinum'),
(66996,62524,'Bonnie','Hodge','2024-01-17','gold'),
(67037,30154,'Jonathan','Munoz','2024-02-06','silver'),
(67129,53467,'Stephanie','Casey','2024-02-26','gold'),
(67181,26847,'Edward','Johnson','2024-02-02','silver'),
(67211,71343,'Christopher','Lopez','2024-02-21','silver'),
(67438,73476,'Ariel','Anderson','2024-02-09','gold'),
(67704,29837,'Tiffany','Love','2024-02-05','gold'),
(67934,66412,'Michael','Peterson','2024-02-12','silver'),
(68014,34636,'Anthony','Garcia','2024-01-27','silver'),
(68036,46737,'David','Ramos','2024-02-08','gold'),
(68055,3586,'Beverly','Castillo','2024-01-21','silver'),
(68130,74755,'Thomas','White','2024-01-26','gold'),
(68210,23355,'Eric','Reed','2024-02-03','gold'),
(68530,67985,'Brad','Wells','2024-01-26','silver'),
(68970,1371,'Dana','Francis','2024-02-20','silver'),
(69060,76113,'Shaun','Smith','2024-02-13','silver'),
(69202,87764,'Sheila','Anderson','2024-01-16','silver'),
(69204,9202,'Valerie','Harrison','2024-02-14','gold'),
(69215,41942,'Marilyn','Williams','2024-01-27','gold'),
(69322,33555,'Jane','Martinez','2024-01-24','gold'),
(69411,16886,'William','Schultz','2024-01-31','gold'),
(69577,63428,'John','Lane','2024-01-24','platinum'),
(69642,85970,'Terri','Lawrence','2024-02-23','platinum'),
(69677,59253,'Rachel','Parker','2024-01-25','platinum'),
(69819,30088,'Richard','Potts','2024-02-13','silver'),
(69866,43659,'Colleen','Christian','2024-03-01','silver'),
(69937,72386,'Christina','Zimmerman','2024-01-23','silver'),
(70113,31075,'Claire','Webster','2024-01-31','silver'),
(70131,9150,'Justin','Fry','2024-01-29','platinum'),
(70135,87213,'Edward','Griffin','2024-02-13','platinum'),
(70187,56885,'Javier','Peters','2024-01-27','silver'),
(70346,7816,'Mackenzie','Petersen','2024-02-08','silver'),
(70534,63927,'Erika','Robinson','2024-01-31','silver'),
(70557,39273,'Kelly','Phillips','2024-02-29','platinum'),
(70559,63256,'Melissa','Ayala','2024-02-02','gold'),
(70691,57762,'Matthew','Ballard','2024-02-13','gold'),
(70708,47689,'Brandon','Floyd','2024-02-19','platinum'),
(70745,21189,'Christopher','Walton','2024-02-27','platinum'),
(70901,59902,'Heather','Cannon','2024-02-08','platinum'),
(70924,25296,'Molly','Mcneil','2024-02-04','silver'),
(70971,51989,'Jennifer','Hale','2024-01-13','gold'),
(71012,87758,'Angela','Payne','2024-01-29','silver'),
(71328,57969,'Laura','Perry','2024-02-10','gold'),
(71414,96632,'Robert','Ramirez','2024-02-03','gold'),
(71458,20759,'Tracy','Gonzales','2024-02-15','silver'),
(71459,49740,'Brandon','Taylor','2024-02-04','silver'),
(71773,81407,'Deborah','Wood','2024-02-08','silver'),
(71862,69390,'Charles','Salazar','2024-02-07','platinum'),
(71940,17838,'Lauren','Levine','2024-02-04','silver'),
(71996,23412,'Kenneth','Hernandez','2024-02-15','silver'),
(72119,8643,'Allen','Todd','2024-01-09','gold'),
(72168,9920,'Kenneth','Parker','2024-02-12','gold'),
(72188,9583,'Melinda','Morris','2024-01-30','silver'),
(72220,66412,'Julia','West','2024-02-11','silver'),
(72306,21334,'Katelyn','Johnson','2024-01-16','platinum'),
(72345,7662,'Jessica','Kelley','2024-02-07','silver'),
(72488,95142,'Nicole','Miller','2024-01-27','silver'),
(72605,58866,'April','Moore','2024-01-23','silver'),
(72700,10839,'Deborah','West','2024-02-17','silver'),
(72939,78316,'Caitlin','Collins','2024-02-04','gold'),
(73002,81768,'Debbie','Payne','2024-02-06','silver'),
(73268,24776,'Danny','Alexander','2024-02-04','silver'),
(73356,63062,'Jeffery','Long','2024-01-22','silver'),
(73512,95142,'Amanda','Torres','2024-02-05','silver'),
(73771,8472,'Dawn','Golden','2024-02-07','platinum'),
(73864,42048,'Jessica','Johnson','2024-02-03','gold'),
(73865,72937,'Jade','Baird','2024-02-08','silver'),
(73870,74759,'Daniel','Jordan','2024-01-31','platinum'),
(73966,9583,'Gary','Medina','2024-01-24','gold'),
(73978,57288,'Jeff','Martinez','2024-01-30','platinum'),
(74055,17519,'Edgar','Lewis','2024-02-17','platinum'),
(74091,56053,'Katherine','Rodriguez','2024-01-31','gold'),
(74173,15941,'Ashley','Hale','2024-02-07','gold'),
(74364,58188,'Joann','Morales','2024-02-07','silver'),
(74567,28900,'Joseph','Martinez','2024-02-11','silver'),
(74807,47689,'Tyler','Ruiz','2024-02-05','platinum'),
(74889,19013,'William','Lynch','2024-02-25','silver'),
(74930,44464,'Gabriel','Wiley','2024-02-18','gold'),
(74958,92839,'Jonathan','Espinoza','2024-02-29','platinum'),
(75031,83037,'James','Myers','2024-02-24','gold'),
(75107,2190,'Willie','Wilson','2024-01-25','platinum'),
(75123,17423,'Tonya','Atkinson','2024-02-15','platinum'),
(75140,59612,'James','Wu','2024-02-25','platinum'),
(75237,20256,'Michael','Anderson','2024-01-28','gold'),
(75351,14332,'Elizabeth','Thomas','2024-02-20','platinum'),
(75360,9150,'Evan','Griffin','2024-02-16','platinum'),
(75400,71633,'Janet','Thomas','2024-02-09','platinum'),
(75459,90849,'Julie','Hayes','2024-02-07','silver'),
(75625,152,'Warren','Hughes','2024-02-09','silver'),
(75630,37280,'Jessica','Cabrera','2024-02-05','silver'),
(75723,54533,'Grace','Perkins','2024-01-30','gold'),
(75733,12061,'Cynthia','Rhodes','2024-03-04','silver'),
(75742,27849,'Kristina','Pineda','2024-02-21','silver'),
(75964,8103,'Denise','Williams','2024-01-25','platinum'),
(76009,76398,'Johnathan','Yoder','2024-01-16','gold'),
(76026,20759,'Victor','Huynh','2024-02-14','gold'),
(76047,36526,'Jacqueline','Decker','2024-01-30','gold'),
(76066,6860,'Melissa','Warner','2024-02-19','gold'),
(76110,60804,'Hailey','Smith','2024-02-05','gold'),
(76349,36545,'Sandra','Harmon','2024-02-05','platinum'),
(76382,62572,'Debbie','Wagner','2024-02-04','gold'),
(76452,95021,'Andrew','Little','2024-01-16','platinum'),
(76578,99168,'Vernon','Marquez','2024-02-13','platinum'),
(76723,99168,'Elizabeth','Fowler','2024-01-12','gold'),
(76739,1165,'Sabrina','Garcia','2024-01-24','platinum'),
(76773,8472,'Daniel','Mckenzie','2024-02-15','silver'),
(76904,17519,'Lucas','Deleon','2024-01-29','silver'),
(77372,70374,'Tamara','Lamb','2024-01-16','platinum'),
(77622,25996,'Stacy','Mckee','2024-02-29','platinum'),
(77729,31403,'Sara','Ward','2024-02-05','gold'),
(77735,19243,'Kimberly','West','2024-02-09','platinum'),
(77744,11660,'Miranda','Mills','2024-01-31','gold'),
(78037,94209,'Timothy','Williams','2024-01-28','platinum'),
(78128,31403,'Michele','Knight','2024-02-10','silver'),
(78325,62293,'Crystal','Mack','2024-01-29','gold'),
(78681,80578,'James','Lewis','2024-02-02','gold'),
(78906,41326,'Bradley','Norton','2024-01-22','gold'),
(78984,98315,'Angela','Fuentes','2024-02-04','gold'),
(79127,65998,'Leslie','Woodward','2024-02-24','gold'),
(79404,32894,'Alicia','Ho','2024-02-24','silver'),
(79463,39273,'Erik','Lee','2024-01-09','silver'),
(79528,53442,'James','Martinez','2024-02-04','silver'),
(79583,69856,'Sarah','Taylor','2024-02-04','platinum'),
(79597,36545,'Holly','Dudley','2024-02-17','gold'),
(79821,2894,'Mary','Garrett','2024-02-07','silver'),
(79885,110,'Matthew','Lawrence','2024-01-27','platinum'),
(80041,2755,'Cynthia','Green','2024-02-09','silver'),
(80291,63428,'Mary','English','2024-02-01','silver'),
(80330,75975,'Kayla','Duarte','2024-01-23','silver'),
(80458,57052,'Patrick','Carter','2024-01-31','platinum'),
(80483,54784,'Charles','Duncan','2024-01-31','silver'),
(80545,16706,'Eric','Robinson','2024-01-22','silver'),
(80599,82259,'Anthony','Robinson','2024-02-17','silver'),
(80629,95060,'Sean','Smith','2024-02-15','gold'),
(80689,72277,'Susan','Hughes','2024-02-03','platinum'),
(80807,41326,'Diane','Madden','2024-01-27','gold'),
(80895,57946,'Mike','Davidson','2024-02-20','silver'),
(81084,74413,'Alicia','Salazar','2024-02-13','gold'),
(81187,3920,'Diana','Mendoza','2024-01-31','platinum'),
(81189,81407,'Laurie','Willis','2024-02-25','gold'),
(81440,2190,'Samantha','Summers','2024-02-22','gold'),
(81443,23893,'Teresa','Walker','2024-02-13','platinum'),
(81458,95021,'Scott','Keller','2024-02-06','gold'),
(81512,36267,'Erin','Shelton','2024-02-23','silver'),
(81616,96563,'Grant','Levine','2024-02-18','platinum'),
(81893,2190,'Jason','Higgins','2024-01-15','gold'),
(81965,30577,'Katrina','Shaw','2024-01-29','gold'),
(81977,6587,'Dawn','Rivera','2024-01-29','platinum'),
(81994,8103,'Douglas','Berry','2024-02-20','gold'),
(82167,25996,'Matthew','Harris','2024-01-24','silver'),
(82168,23709,'Carolyn','Marshall','2024-02-08','gold'),
(82205,24495,'Laura','Cameron','2024-02-03','platinum'),
(82522,51513,'Antonio','Rios','2024-01-21','platinum'),
(82690,31717,'Matthew','Johnston','2024-02-07','platinum'),
(82726,49740,'Rachel','Reeves','2024-02-14','silver'),
(82738,61263,'Zachary','Harrison','2024-02-19','silver'),
(82839,31886,'Adam','Castillo','2024-02-12','gold'),
(82859,99203,'Lisa','Spears','2024-02-03','silver'),
(82864,51990,'Daniel','Wheeler','2024-01-10','gold'),
(82915,58040,'Amy','Adams','2024-02-01','gold'),
(82993,63937,'Zachary','Valdez','2024-01-31','gold'),
(82998,97238,'Brian','Richmond','2024-01-28','gold'),
(83018,1371,'Jessica','Martin','2024-02-02','platinum'),
(83095,72741,'Kimberly','Graves','2024-02-10','platinum'),
(83133,55185,'Destiny','Ramsey','2024-03-01','platinum'),
(83202,42180,'Christopher','Meyers','2024-01-16','silver'),
(83221,53995,'Jacob','Walter','2024-01-07','silver'),
(83309,78110,'Brandon','Brewer','2024-02-01','silver'),
(83358,87583,'Briana','Goodman','2024-02-10','platinum'),
(83521,36076,'Brandi','Moore','2024-02-02','gold'),
(83541,58866,'Robert','Howe','2024-01-24','gold'),
(83652,23355,'James','Adams','2024-01-28','gold'),
(83729,87583,'Whitney','Little','2024-01-28','silver'),
(83803,80578,'Kyle','Martinez','2024-02-06','gold'),
(83811,84592,'Barry','Wagner','2024-02-03','platinum'),
(83821,44159,'Breanna','Fletcher','2024-01-29','platinum'),
(83892,74182,'Shawn','Ballard','2024-02-17','silver'),
(84088,21780,'Justin','Scott','2024-01-30','silver'),
(84108,51990,'Tracey','Bauer','2024-02-24','silver'),
(84165,43996,'David','Riley','2024-02-23','gold'),
(84230,52180,'Michael','Walters','2024-02-08','gold'),
(84416,57211,'Michael','Salinas','2024-01-29','gold'),
(84535,32170,'Linda','Gonzalez','2024-02-25','silver'),
(84645,71689,'Todd','Williams','2024-01-14','silver'),
(84672,68788,'Robert','Quinn','2024-02-23','gold'),
(84778,6531,'Justin','Morrison','2024-01-28','gold'),
(84985,96979,'Marc','Jordan','2024-02-08','platinum'),
(85206,69644,'Jessica','Brown','2024-02-02','platinum'),
(85265,34448,'Jacob','Maynard','2024-02-21','gold'),
(85873,20283,'Carolyn','Perez','2024-02-14','gold'),
(85905,27705,'Daniel','Bowers','2024-02-27','gold'),
(85972,38646,'Melissa','Weiss','2024-02-02','silver'),
(86077,42180,'Dennis','Lewis','2024-01-23','gold'),
(86230,36656,'Donna','Brooks','2024-01-30','platinum'),
(86522,86441,'Robin','Fisher','2024-01-24','gold'),
(87011,74182,'Carmen','Green','2024-01-20','silver'),
(87084,60804,'Emily','Greene','2024-02-08','platinum'),
(87222,26425,'Linda','Sawyer','2024-02-14','gold'),
(87258,57288,'Cory','Wilkinson','2024-02-04','gold'),
(87418,57211,'Joan','Garcia','2024-02-11','silver'),
(87506,19243,'Peter','Thompson','2024-01-19','silver'),
(87559,404,'Wanda','Perry','2024-02-08','silver'),
(87675,30527,'Ellen','Lutz','2024-02-08','gold'),
(87711,92839,'Jessica','Wilson','2024-01-19','gold'),
(87782,8475,'Jennifer','Gibson','2024-01-27','platinum'),
(87909,56053,'Lisa','Gonzalez','2024-01-29','gold'),
(87969,8472,'Abigail','Fitzgerald','2024-01-21','platinum'),
(88087,49434,'Elizabeth','Carter','2024-02-07','platinum'),
(88098,37115,'Jennifer','Oliver','2024-02-08','silver'),
(88247,74281,'Catherine','Hernandez','2024-01-25','gold'),
(88262,43858,'James','Garcia','2024-01-31','gold'),
(88393,44464,'Vanessa','George','2024-01-18','gold'),
(88404,81678,'Kevin','Murray','2024-02-04','gold'),
(88504,23022,'Christina','Koch','2024-02-14','platinum'),
(88626,57946,'Ariel','Brown','2024-01-21','gold'),
(88652,42075,'Justin','Robinson','2024-02-19','platinum'),
(88723,20942,'Kim','Duffy','2024-02-21','gold'),
(88787,76870,'Emily','Pitts','2024-02-10','silver'),
(88903,77316,'Jennifer','Marshall','2024-02-05','platinum'),
(89002,91522,'Meredith','Keller','2024-02-04','platinum'),
(89038,47109,'Marissa','Curry','2024-02-01','gold'),
(89251,82259,'Aaron','Johnson','2024-02-28','platinum'),
(89405,26736,'Danielle','Brown','2024-01-13','platinum'),
(89423,44464,'Allison','Bennett','2024-02-07','silver'),
(89472,17327,'Tina','Underwood','2024-01-09','gold'),
(89515,23412,'Travis','Preston','2024-02-13','silver'),
(89744,2559,'Jennifer','Krause','2024-02-20','gold'),
(89866,70104,'Michael','Zavala','2024-02-03','gold'),
(89944,42013,'Lisa','Gray','2024-02-15','silver'),
(89959,74413,'Jessica','Lee','2024-02-11','silver'),
(90028,96822,'Angela','Walker','2024-02-08','gold'),
(90030,25296,'Molly','Castro','2024-02-24','platinum'),
(90056,54333,'Brittany','Sosa','2024-01-11','silver'),
(90097,76547,'James','Smith','2024-01-27','platinum'),
(90472,55255,'Jason','Johnson','2024-02-01','gold'),
(90491,39064,'Peter','Anderson','2024-01-31','gold'),
(90551,20959,'Jeremy','Nunez','2024-02-13','platinum'),
(90738,38951,'Michele','Stephenson','2024-01-29','silver'),
(90865,70441,'Alexis','Bishop','2024-02-19','silver'),
(90922,71633,'Alicia','Adams','2024-01-31','silver'),
(91103,10284,'Joshua','Simon','2024-02-08','gold'),
(91109,20937,'Zachary','Mullen','2024-01-27','platinum'),
(91188,63218,'David','Romero','2024-01-30','silver'),
(91336,73240,'Brittany','Davis','2024-01-20','platinum'),
(91484,26736,'William','Nguyen','2024-02-06','silver'),
(91821,34532,'Regina','Kennedy','2024-01-21','gold'),
(91909,17182,'David','Hancock','2024-01-24','silver'),
(92033,39063,'Robert','Daniels','2024-02-10','platinum'),
(92131,82259,'Claudia','Leonard','2024-02-05','platinum'),
(92211,30088,'Roberto','Gonzalez','2024-01-28','gold'),
(92247,46706,'Nicole','Mendez','2024-02-08','silver'),
(92596,30598,'Patrick','Farmer','2024-02-25','platinum'),
(92687,57685,'Elizabeth','Allen','2024-01-21','platinum'),
(92755,11325,'Anna','Martinez','2024-03-01','silver'),
(92812,99471,'Jacqueline','Ruiz','2024-02-08','gold'),
(92963,89692,'Jonathan','Anderson','2024-02-20','platinum'),
(93148,93090,'Troy','Perez','2024-01-27','gold'),
(93201,8472,'Andrew','Duncan','2024-02-02','gold'),
(93254,81684,'Brandon','Andrews','2024-03-03','platinum'),
(93483,1289,'Jonathan','Williams','2024-02-12','gold'),
(93504,91895,'Sarah','Robinson','2024-02-06','silver'),
(93532,20354,'Helen','Waters','2024-02-08','gold'),
(93560,47689,'Anthony','Johnson','2024-02-01','silver'),
(93616,2559,'Christina','Lara','2024-01-26','platinum'),
(93735,40388,'Tammy','Taylor','2024-01-24','gold'),
(93838,96818,'Jaime','Stephens','2024-02-15','silver'),
(93952,54784,'Robin','Cox','2024-02-10','gold'),
(93993,39659,'Bill','Walker','2024-02-09','platinum'),
(94211,74759,'John','Morgan','2024-01-30','gold'),
(94243,97238,'John','Newman','2024-01-25','silver'),
(94264,40630,'Sheena','Hill','2024-01-27','platinum'),
(94651,21189,'Erin','Gentry','2024-02-17','platinum'),
(94704,88483,'Mark','Thompson','2024-01-20','platinum'),
(94744,82544,'Kristine','Velez','2024-02-01','silver'),
(94836,95142,'Brandon','Barr','2024-01-25','silver'),
(94915,84076,'Michelle','Dawson','2024-02-15','silver'),
(95056,25657,'Jeffrey','Rodriguez','2024-02-17','gold'),
(95108,31075,'Chelsea','Oneill','2024-02-06','gold'),
(95190,27832,'Elizabeth','Stephens','2024-02-19','gold'),
(95226,77316,'Anthony','Wright','2024-02-01','platinum'),
(95305,21991,'Matthew','Andersen','2024-02-08','gold'),
(95376,11408,'Kiara','Winters','2024-01-30','silver'),
(95415,54333,'Zachary','Walker','2024-01-23','silver'),
(95608,54439,'Jose','Baker','2024-02-02','gold'),
(95690,26425,'Christopher','Guzman','2024-01-14','gold'),
(95768,82862,'James','Davis','2024-02-06','platinum'),
(95833,18586,'Nicholas','Long','2024-01-13','silver'),
(95836,9150,'Douglas','Graves','2024-02-10','gold'),
(96171,23709,'Annette','Cardenas','2024-02-03','gold'),
(96285,74755,'Scott','Cooper','2024-02-14','platinum'),
(96302,20759,'Jennifer','White','2024-02-05','platinum'),
(96366,61820,'Lauren','Rivera','2024-02-15','silver'),
(96420,94921,'Kurt','Rogers','2024-02-07','platinum'),
(96424,63937,'Ashley','Harrison','2024-02-10','gold'),
(96470,51513,'Jessica','Aguirre','2024-01-20','gold'),
(96667,43996,'Ernest','Peterson','2024-01-28','silver'),
(96715,60804,'Tony','Barnes','2024-02-18','platinum'),
(96800,35072,'Jerry','Tucker','2024-02-26','platinum'),
(96903,38951,'Ronald','Ellis','2024-01-31','gold'),
(97320,58188,'David','Mcdaniel','2024-01-27','silver'),
(97353,12390,'Edwin','Gonzalez','2024-02-08','silver'),
(97444,16706,'John','Gonzalez','2024-02-17','gold'),
(97570,56053,'Christine','Robinson','2024-02-11','platinum'),
(97587,25629,'Tyler','Acosta','2024-02-21','gold'),
(97623,3004,'Jill','Ferguson','2024-02-13','gold'),
(97918,57288,'Joseph','Richardson','2024-01-30','silver'),
(97937,21780,'Reginald','Hall','2024-02-17','platinum'),
(97964,69878,'Steven','Jones','2024-02-28','platinum'),
(97984,93806,'Robert','Martinez','2024-01-15','platinum'),
(98098,94921,'Jason','Lopez','2024-01-21','silver'),
(98300,20354,'Emma','Williams','2024-02-19','platinum'),
(98341,74281,'Matthew','Ellison','2024-02-29','gold'),
(98444,69831,'Angela','Rodriguez','2024-01-17','silver'),
(98520,54439,'Natasha','Nguyen','2024-02-04','platinum'),
(98673,3920,'Darren','King','2024-01-22','silver'),
(98822,1289,'Jennifer','Lee','2024-02-06','gold'),
(98865,96994,'Lisa','White','2024-02-27','gold'),
(98900,21189,'Chris','Gaines','2024-02-25','gold'),
(98946,68495,'Ann','Diaz','2024-01-15','gold'),
(98988,31565,'David','Cox','2024-02-10','silver'),
(99037,75080,'Caitlyn','Stone','2024-01-28','platinum'),
(99179,30088,'Jessica','Daniels','2024-02-14','silver'),
(99281,46737,'Stacey','Woods','2024-02-22','gold'),
(99373,61425,'Sydney','Baird','2024-02-11','gold'),
(99460,87764,'Jennifer','Myers','2024-02-10','gold'),
(99484,74856,'Austin','Willis','2024-02-17','silver'),
(99485,46737,'Anthony','Matthews','2024-01-26','platinum'),
(99664,65637,'Christina','Peck','2024-02-11','silver'),
(99858,82093,'Sean','Roth','2024-01-21','silver');
/*!40000 ALTER TABLE `member` ENABLE KEYS */;
UNLOCK TABLES;

--
-- Table structure for table `owner`
--

DROP TABLE IF EXISTS `owner`;
/*!40101 SET @saved_cs_client     = @@character_set_client */;
/*!40101 SET character_set_client = utf8 */;
CREATE TABLE `owner` (
  `franchiseOwnerID` int(11) NOT NULL,
  `firstname` varchar(255) DEFAULT NULL,
  `surname` varchar(255) DEFAULT NULL,
  `email` varchar(100) DEFAULT NULL,
  `street` varchar(100) DEFAULT NULL,
  `city` varchar(100) DEFAULT NULL,
  `province` varchar(100) DEFAULT NULL,
  `bankaccount` bigint(20) DEFAULT NULL,
  `bank` varchar(50) DEFAULT NULL,
  PRIMARY KEY (`franchiseOwnerID`)
) ENGINE=InnoDB DEFAULT CHARSET=latin1 COLLATE=latin1_swedish_ci;
/*!40101 SET character_set_client = @saved_cs_client */;

--
-- Dumping data for table `owner`
--

LOCK TABLES `owner` WRITE;
/*!40000 ALTER TABLE `owner` DISABLE KEYS */;
INSERT INTO `owner` VALUES
(203,'Kimberly','Bell','tinarichards@example.net','7699 Tracy Valleys','Ferrellchester','Alabama',2363736538,'really'),
(234,'Susan','Brooks','georgesharp@example.org','81155 Michelle Grove Suite 591','Kellyville','Oregon',5102272969,'until'),
(283,'Allison','Ashley','michael93@example.org','14462 Stanley Common Apt. 370','Smithview','Wisconsin',3775778392,'top'),
(546,'Maria','Larson','serranoamanda@example.net','76215 Long Port','North Jane','California',355136573,'easy'),
(1536,'Walter','Andersen','maxwelldanny@example.net','205 Wiggins Camp Apt. 769','East Kevinfort','Alaska',9683750526,'style'),
(1735,'James','Bauer','jchristensen@example.org','0998 Jasmine Tunnel Suite 728','Gloriaberg','Washington',402953024,'organization'),
(2556,'Joshua','Maldonado','taylordavis@example.com','791 Phillips Drives','West Kendra','Montana',297519137,'phone'),
(2756,'Lisa','Hernandez','johnsonian@example.net','0515 Natalie Route Suite 559','Pricetown','Illinois',630827764,'field'),
(2954,'Raymond','Simmons','underwoodcourtney@example.net','48031 Jeff Motorway','Bradleybury','Alaska',3836479310,'crime'),
(3637,'Nancy','Horton','lisafisher@example.org','13934 Stephen Mission Apt. 426','Jonesview','West Virginia',7941275189,'back'),
(3848,'Brian','Blevins','owilliams@example.net','472 Susan Drives','New Stevenfurt','South Dakota',1249120707,'human'),
(4126,'James','Serrano','haleyreyes@example.org','2982 Berry Views Apt. 982','Robertstad','Ohio',1824627685,'argue'),
(4492,'Leah','Smith','joseph43@example.com','5269 Henry Wells','New Matthewport','Colorado',5760372971,'much'),
(5740,'Theresa','Warren','kristagray@example.org','888 Steven Falls Apt. 288','Aguilarview','Maine',1729208472,'indicate'),
(6063,'Michael','Trujillo','perezbrenda@example.net','68053 Shields Islands Suite 931','North Nancy','Louisiana',5795314484,'front'),
(6938,'Cory','Bennett','esilva@example.com','5410 Webster Plains','Annaton','Iowa',1693614105,'sometimes'),
(7039,'William','Dalton','davisjohn@example.net','527 Cummings Crossing Apt. 513','Mendozaview','West Virginia',996592876,'wrong'),
(7237,'Rebecca','Griffin','victorwoodward@example.com','076 Wood Roads','North Danny','Nebraska',4041914197,'unit'),
(7295,'Adriana','Lowery','edwardgonzalez@example.com','6606 Figueroa Lakes Apt. 716','South Jefferyhaven','Mississippi',5049898922,'old'),
(7717,'Andrea','Nelson','murphyamy@example.net','677 Sharon Valley Suite 318','Bradyfort','Nebraska',9236678300,'special'),
(7823,'Autumn','Fischer','aaron62@example.com','83768 Smith Station Apt. 023','Raymondland','Kansas',6454945283,'improve'),
(8562,'Thomas','Hudson','rbullock@example.com','7479 Larson Forest Suite 203','Joyceshire','Delaware',2898434614,'camera'),
(9125,'Lisa','Johnston','rcox@example.com','0203 Murphy Divide','New Moniqueview','Utah',3720537310,'letter'),
(9405,'Holly','Cox','caleb22@example.org','190 Michael Vista','Mirandaton','Minnesota',5713030042,'administration'),
(10354,'Justin','Howard','heather81@example.net','3398 Johnson Estate Apt. 345','East Tina','Oklahoma',9830581491,'community'),
(10695,'Calvin','Harris','tpatton@example.net','197 White Wells Apt. 217','Foxtown','Nevada',1706424983,'education'),
(10708,'Melissa','Montgomery','uchristensen@example.org','5061 Danielle Village Suite 567','West Steven','Virginia',3500056496,'because'),
(10822,'Holly','Owens','keith97@example.org','3295 Pierce River','New Madison','Oregon',7820998971,'build'),
(11452,'Philip','Miller','ryandavis@example.org','81096 Cynthia Place','Matthewstad','South Dakota',1750878888,'everything'),
(11486,'James','Krause','epadilla@example.org','046 Aguirre Ville Apt. 939','Winterstown','Alabama',9424710797,'evening'),
(11500,'Holly','Brady','ghull@example.org','8207 Green Canyon Apt. 243','North Cherylbury','Alaska',1924015853,'let'),
(11687,'Anna','Foley','jenningsbrian@example.com','188 White Landing','Stevenmouth','Arkansas',3869420757,'computer'),
(12069,'Frank','Blackwell','jclark@example.net','22375 Gina Street Suite 716','Watsonmouth','South Dakota',4617897151,'clearly'),
(12148,'Karen','Rocha','phillipmiller@example.org','0903 Ashley Corner','New Maria','Rhode Island',1320094821,'detail'),
(12482,'Cindy','Cole','crawfordfernando@example.com','31894 Steve Ferry','Lake William','Illinois',7803950578,'effort'),
(12612,'Kristy','Vasquez','saravaughn@example.net','51582 Mercado Mission Suite 824','Manningfort','Pennsylvania',1738731006,'just'),
(12854,'Michelle','Jones','katherinereynolds@example.net','1140 Smith Overpass Apt. 274','North Brian','West Virginia',6331286274,'total'),
(13196,'Debbie','Turner','travispenny@example.net','711 Suzanne Stream Apt. 040','Pettytown','Georgia',4509193648,'mean'),
(13242,'Katrina','Briggs','steven66@example.com','873 Price Key Apt. 905','Jacquelinechester','New Mexico',6833584541,'center'),
(13381,'William','Mullins','dianewalton@example.org','737 Gina Dale Apt. 911','New Erikamouth','Colorado',6662602513,'adult'),
(13392,'Bruce','Johnson','martingary@example.net','400 Mark Mountain Apt. 694','North Annborough','Wyoming',8111702219,'significant'),
(14166,'Isaac','Mooney','nelsonmary@example.net','00494 Patterson Terrace','New Charles','Mississippi',703972615,'trade'),
(14534,'Amanda','Pena','rcastaneda@example.com','8708 Patricia Circles','Jessemouth','New Jersey',1061723371,'drop'),
(15028,'Cheryl','Cardenas','james77@example.net','7054 Francisco Spurs Apt. 165','New Scott','Kentucky',4653305626,'fish'),
(15480,'Brittany','Lewis','lowewilliam@example.org','7865 Watts Square Apt. 795','New Daniel','Maryland',7652159582,'open'),
(15505,'Alex','Frazier','mauricechan@example.com','9625 White Row','East Alexis','Idaho',5125595848,'across'),
(15566,'Paul','George','hernandezpaige@example.com','288 Barbara Mountains Apt. 466','Reedborough','Delaware',9274266548,'machine'),
(16449,'Jennifer','Butler','elarsen@example.net','2373 Austin Flat','Port Ericside','California',4086486333,'respond'),
(16452,'Anthony','Lopez','cpatel@example.com','1334 Dennis Stravenue Suite 767','East Brandiview','Indiana',2629925827,'possible'),
(17091,'Alicia','Burch','ellisfrank@example.org','1403 Brittany Crescent','Marcoland','Maryland',3646795268,'person'),
(17152,'Douglas','Gardner','jillhayes@example.org','694 Hood Knolls Suite 273','Richardsonton','North Carolina',3757867424,'story'),
(17217,'Taylor','Contreras','dominique24@example.org','52156 Park Inlet Suite 987','Lake Donna','California',6605129216,'recently'),
(17273,'Brian','Brown','christina48@example.org','6755 Williams Mountains','Jenniferstad','Iowa',3628822778,'development'),
(17392,'Thomas','Burgess','lindseyward@example.org','7477 Gail Ridges Suite 407','Lake Michael','Michigan',7073562444,'economic'),
(17866,'Tracy','Osborne','brianamorris@example.com','6002 Torres Ridges','Holtside','New Hampshire',1211990542,'big'),
(18572,'William','Duran','smithapril@example.net','20776 Bowers Plain Suite 636','Lake Diana','Kentucky',983883709,'purpose'),
(19274,'Christopher','Juarez','guerrerotristan@example.org','1851 Davis Glens Apt. 028','Masonfurt','Kansas',5379822304,'dream'),
(19904,'Michael','Mcclain','xeaton@example.org','95692 Katherine Heights','Villegasstad','Alabama',7062185143,'idea'),
(19929,'David','Taylor','nelsonangela@example.org','355 Wang Forges','Stevenstad','Tennessee',7516578658,'special'),
(19957,'Kyle','Diaz','crossashley@example.com','24588 Alexandra Stream','Lake Jennifer','Utah',9182917689,'magazine'),
(20845,'Denise','Garcia','johnsonmadison@example.com','44634 Gary Lock Suite 243','West Robert','Florida',1678755921,'show'),
(21651,'Marc','Valdez','xavier69@example.net','3295 Andres Ranch','Perezville','Texas',7159880078,'person'),
(22295,'Stacy','Moore','guerrajoseph@example.org','5612 Larry Trace','Kaylabury','Arizona',2400365639,'fund'),
(22415,'Marcus','Simpson','rvaldez@example.org','835 Weaver Vista Apt. 268','Denniston','South Carolina',9429349324,'fear'),
(22485,'Joanna','Flores','gchandler@example.org','03068 Chase Summit Suite 058','Halltown','Washington',9097546535,'issue'),
(23209,'Michelle','Hall','piercelisa@example.net','24791 Ricky Spurs','Port Lauraport','New Jersey',555044945,'officer'),
(23527,'Lisa','Davis','anthony95@example.com','43308 Keith Land Suite 550','Howellberg','New York',2765160564,'wait'),
(24142,'Cameron','Hughes','kathleenmassey@example.org','9117 Mason Hollow','South Christyshire','Florida',4922071195,'buy'),
(24396,'Alexander','Bauer','angelicaprice@example.net','14115 Cynthia Rue','South Jasmineville','Kentucky',2609638254,'it'),
(25483,'Erica','Rogers','rmack@example.net','24408 Hampton Via Apt. 909','Ryanhaven','Idaho',391524267,'on'),
(25605,'Matthew','Castro','iarellano@example.com','8175 Douglas Trace Apt. 363','Jeffreyton','Washington',6823452794,'throughout'),
(25686,'Sarah','Gonzalez','cynthia59@example.com','38785 Catherine Drive Apt. 392','Moyerberg','Connecticut',1043751246,'service'),
(25690,'Robert','Martin','twalls@example.com','1266 Courtney Points Apt. 679','Samanthamouth','North Dakota',3152193313,'against'),
(25835,'Christopher','Nichols','sarahalexander@example.net','9138 Albert Radial Apt. 301','Lake Lauriefort','North Dakota',1704299240,'company'),
(25966,'Teresa','Leonard','gibsonamy@example.org','758 Zachary Lane','Ryanport','Rhode Island',314996774,'past'),
(26474,'Jesse','Schmidt','paul40@example.org','741 Jennifer Club Suite 082','Port Briana','Arkansas',5886079465,'theory'),
(26674,'James','Rodriguez','curtismorris@example.org','758 Eileen Station Suite 434','Port Alexander','Iowa',8331750104,'guess'),
(26814,'Nicole','Garcia','jessica50@example.org','8577 Rios Station','Port Josemouth','Maine',1799681956,'miss'),
(27482,'Robin','Moore','pearsonkaren@example.org','548 Kelli Ferry','West Alexandria','Virginia',2414679021,'later'),
(27763,'Cindy','Anderson','bwashington@example.net','0180 Thompson Fields','North Andreaville','Utah',5263885764,'then'),
(27807,'George','Hooper','perryderrick@example.org','875 Gail Fall Suite 534','Port Eric','Wyoming',1933614900,'method'),
(28486,'Robin','Joyce','madelinejackson@example.org','22155 Petersen Wall Suite 568','Lake Melanie','New York',5740031909,'hold'),
(28952,'Andrew','Hudson','sarafarmer@example.org','883 Suarez Pass','South Andrew','New Mexico',1569416680,'maybe'),
(29524,'Jeremy','Rogers','david06@example.com','4744 Knight Green','Samanthaberg','North Carolina',1068626910,'main'),
(29793,'Christian','Lawrence','mendozadonald@example.net','1110 Hunt Valleys Apt. 202','South Kimburgh','North Dakota',768845190,'husband'),
(30260,'Linda','Sandoval','chambersalexander@example.net','5336 Martinez Groves Apt. 122','Grayville','Washington',3078803769,'degree'),
(30939,'Joy','Gutierrez','andersonwilliam@example.net','5602 Michael Orchard Apt. 367','Cummingschester','Nevada',2112050712,'attorney'),
(31063,'Rebecca','Rodriguez','mark66@example.com','0525 Rios Roads','New Lee','Massachusetts',9680222848,'against'),
(32204,'Craig','Smith','amy82@example.org','8919 Keller Fort Suite 244','Hatfieldbury','Oregon',409024217,'throughout'),
(32287,'Theresa','Tanner','christie83@example.org','681 Clark Estate','Stephaniefurt','South Dakota',929989659,'occur'),
(32324,'Victoria','Garza','leslieleonard@example.org','69960 Hicks Street','Williamsfurt','Idaho',7427376530,'send'),
(32368,'David','Davis','william28@example.org','17052 Hamilton Mission Suite 190','Jamesstad','Arizona',2284757254,'fill'),
(32621,'Christine','Lewis','turnermarcus@example.com','0243 Daniel View','East Jordanbury','Mississippi',8163974008,'apply'),
(33361,'Douglas','Diaz','shannon82@example.org','666 Lisa Drives Suite 964','Brentland','Texas',30962344,'including'),
(33601,'Brett','Ellison','lporter@example.net','6988 Dunn Avenue','Bobbymouth','Washington',7840343964,'direction'),
(33900,'Christina','Mckee','christopherbrown@example.com','4519 Martin Expressway Apt. 183','Kellerside','Washington',8093159367,'white'),
(33902,'Christopher','Anderson','tinaaustin@example.com','47646 Kevin Courts','East Johnview','New Jersey',7664959542,'morning'),
(33923,'Daniel','Nicholson','huntercynthia@example.com','92783 Jared Fall Suite 080','Underwoodfurt','Kentucky',709732618,'for'),
(34082,'Daniel','James','cameroncosta@example.net','52910 Bryan Estate Apt. 267','Jacobton','Connecticut',5451720847,'also'),
(34279,'Lindsey','Stevens','robert99@example.org','013 Travis Cape Apt. 962','North Hannahmouth','New Jersey',8359384025,'maintain'),
(34349,'Joshua','Garcia','ericmiles@example.com','657 Cassidy Crest','North Jason','Georgia',1091755678,'guess'),
(34541,'James','Chavez','thompsonjustin@example.org','549 Amy Locks Apt. 029','New Adam','South Dakota',5188563018,'energy'),
(34612,'Erica','Lewis','taylorangela@example.net','2977 Lewis Branch','Atkinsonmouth','Vermont',2301104869,'positive'),
(34615,'Douglas','Johnson','christopher94@example.org','508 Stephen Branch Suite 023','Port Melissa','Michigan',5232612472,'smile'),
(34982,'Amy','Collins','brojas@example.com','53350 Pratt Stream','South Samuelberg','New Hampshire',5663276949,'issue'),
(35003,'Sierra','Miller','hlewis@example.com','696 Nicole Summit','South Devinshire','New Mexico',4543487770,'time'),
(35408,'Tiffany','Baker','elizabethvaughn@example.com','5707 White Plains','Port Ashley','Alaska',5108742369,'whatever'),
(35574,'Nina','Black','macklori@example.com','112 Martin Expressway','West Kathleen','Washington',3979991595,'fly'),
(35763,'Aaron','Warner','timothy76@example.org','375 Parker Plain','Clarkchester','Virginia',6106297850,'water'),
(35835,'Jesus','Reynolds','smithjonathan@example.com','4116 Adams Ports','Elizabethfurt','Wyoming',3753911512,'explain'),
(35877,'Kathryn','Porter','jacqueline75@example.com','7622 Lisa Trail','Walshside','Vermont',5821002336,'himself'),
(35909,'Zachary','Jones','jenniferrich@example.org','7644 Morse Ways','Lake Larryside','Colorado',3350710566,'off'),
(36292,'Brian','Donovan','cardenascynthia@example.org','3282 Rocha Track Suite 443','Nielsenport','Pennsylvania',4966832345,'wait'),
(36434,'Dawn','Galloway','sparkshannah@example.com','873 Abbott Crossroad','East Michele','Maine',8388599959,'child'),
(36588,'Kimberly','Medina','coryaustin@example.com','36979 Phillips Centers Apt. 009','Port Rodneyberg','Mississippi',491537706,'page'),
(36826,'James','Johnson','alexanderberg@example.net','7980 Gary Trafficway','North Robert','Delaware',9139580883,'throw'),
(37305,'Shelia','Combs','murraystephanie@example.net','014 Robert Shoal Apt. 180','Phillipfurt','Washington',5237388975,'watch'),
(37470,'Jill','James','zcarpenter@example.net','2514 Crosby Path','West Kimberlyport','Idaho',4909703161,'laugh'),
(38353,'Miguel','Tate','cchristensen@example.org','9338 Diane Green','Ramirezport','Washington',5971948567,'local'),
(38605,'Melinda','Rodriguez','plevine@example.org','93695 Alexandria Track Apt. 992','Clintonville','Idaho',1197938033,'occur'),
(38687,'Carla','Dean','jason98@example.org','875 Christina Drive','New Marktown','North Dakota',1936300158,'build'),
(38911,'Katherine','Jordan','natasha90@example.net','1090 Sheila Bridge','Lake Colleen','Alabama',7092583526,'thought'),
(39222,'Jacob','Nelson','margaret49@example.net','40745 Cassandra Mission Apt. 437','West Michelleton','South Carolina',1277321886,'learn'),
(39625,'Jesse','Bradford','hroach@example.org','6058 Jennifer Trail','Nicolehaven','South Dakota',6122538220,'happen'),
(40990,'Sherry','Morales','wbecker@example.com','356 Perez Road Apt. 995','Port Richard','Michigan',2078833653,'recent'),
(41515,'Pamela','Castillo','yvette86@example.net','97118 Garcia Pike Suite 064','New Carolview','Maryland',5838101288,'surface'),
(42095,'Christian','Gonzalez','james73@example.net','861 Paul Lakes Suite 201','Lake Jessica','New Hampshire',930167842,'trip'),
(42307,'Marissa','Gomez','jeansmith@example.com','470 Joseph Common Apt. 525','New Lori','Oklahoma',206048604,'evening'),
(42481,'Stephen','Johnson','epeters@example.org','02135 Rodgers Land Apt. 998','Thompsonmouth','Illinois',1818537881,'movement'),
(42910,'Juan','Johnson','floresmichael@example.com','43948 Amber Streets','East Mark','Connecticut',6616949072,'ago'),
(42942,'Alexandra','Taylor','janet66@example.org','693 Holt Rapids Suite 678','Port Stevenhaven','New Hampshire',5936180223,'wall'),
(44375,'Kimberly','Walsh','lindafloyd@example.net','71340 Thomas Stream','Port Tammy','Florida',3833389183,'him'),
(44483,'Monica','Horn','isaac46@example.com','8842 Watson Estate','South Alicia','Oregon',7344689874,'buy'),
(45787,'James','Johnson','woodanne@example.net','789 Waters Inlet','Howellberg','Washington',7761178891,'we'),
(45816,'Phillip','Patel','austin58@example.org','79004 Burns Streets Suite 551','Port Shawn','Arizona',9344769431,'hot'),
(45935,'Victoria','Medina','hortongregory@example.com','093 Steven Crossing Suite 554','Lake Willieview','Nebraska',6283079150,'different'),
(46071,'Katherine','Owens','nicholassmith@example.net','6741 Elizabeth Dam Apt. 050','Amandaton','Kansas',6356337329,'charge'),
(46943,'Brandi','Hicks','ukennedy@example.com','2690 James Shores','Jacksonmouth','Pennsylvania',3613072862,'at'),
(47389,'Pamela','Lynn','claytonadam@example.net','72308 David Mountain Suite 557','Hutchinsonburgh','Arkansas',225364739,'specific'),
(47511,'Rachel','Ellis','kristinacampbell@example.org','096 Alicia Brooks','West Jillstad','Hawaii',3621013068,'over'),
(48283,'Betty','Howard','zwilliams@example.net','71131 Billy Forges Suite 565','East Jeffery','Maryland',8977153347,'before'),
(48707,'Bianca','Lucas','xturner@example.net','422 Lewis Views','Kirkhaven','Delaware',1117044604,'again'),
(48910,'Traci','Riddle','efinley@example.org','6379 Timothy Lake Suite 532','Galvanborough','Massachusetts',696153544,'recently'),
(49026,'Victoria','Guerrero','andrewpowell@example.org','371 Shannon Lane','Port Terry','Missouri',5211532241,'yet'),
(49759,'Amy','Chavez','lschneider@example.net','764 Adrian Garden','Boydbury','North Carolina',5189593034,'young'),
(50048,'Jennifer','Nolan','tuckerjason@example.org','68460 Amanda Loaf','West Desireeberg','Washington',8781061374,'eye'),
(50259,'Steven','Freeman','bowmananthony@example.net','043 Williams River','South Dylanville','Utah',3466810428,'federal'),
(50442,'Stephen','Fry','patrick67@example.org','315 Watson Island Suite 093','North Edward','California',2349218908,'oil'),
(50865,'Mike','Acosta','colleen45@example.net','6698 Graham Island Apt. 011','New Loriside','South Carolina',7772604024,'manager'),
(51008,'Belinda','Kramer','wilsonjohn@example.com','50512 Michelle Field Apt. 424','Parkview','Alaska',8332046129,'trade'),
(51532,'Lauren','Garcia','christopherobrien@example.net','545 Carlos Prairie','Port Adam','Missouri',7068708314,'speech'),
(51535,'Crystal','Leonard','grantrichard@example.org','172 Carla Avenue Apt. 421','New Julian','Montana',3303359549,'clear'),
(51588,'Crystal','Terry','iadams@example.net','566 Margaret Keys','Scottshire','Nevada',8665883965,'dog'),
(52045,'Robert','French','awatts@example.net','3977 Christopher Villages','East Steven','Mississippi',1032488334,'along'),
(52310,'Michael','Mcdonald','marquezmichelle@example.net','868 Vanessa Falls Suite 595','New Erikfurt','Delaware',4818747027,'second'),
(52499,'Edward','Levine','gary43@example.com','92741 Samuel Pines','Juliaborough','Rhode Island',4440651519,'offer'),
(52526,'Courtney','Wallace','jennifermathis@example.net','7285 Duffy Neck','Smithmouth','Connecticut',4365015666,'heart'),
(52876,'Michelle','Simmons','barneskenneth@example.com','911 Dale Forks Suite 559','New Hunter','Alaska',8420305488,'learn'),
(53651,'Andrea','Stevens','krista01@example.com','85984 Ramirez Grove','New Bailey','Maine',2287481207,'meeting'),
(54216,'Deborah','Morgan','sydney13@example.net','0636 Gonzales Freeway','Ashleyfort','Georgia',5297479983,'might'),
(54371,'Charles','West','burnstina@example.org','09855 Christopher Route Suite 232','West Curtismouth','Utah',6534696082,'response'),
(54761,'Robert','White','hillterri@example.com','925 Cindy Route Suite 457','North Barbaraview','Georgia',2613103121,'before'),
(55747,'Melanie','Novak','ahill@example.org','78864 Wesley Gardens Apt. 588','South Ericatown','Nebraska',5716861761,'student'),
(55874,'Debra','Smith','larrybailey@example.org','934 Brown Islands Suite 363','Jenniferbury','Kansas',4738384003,'organization'),
(55888,'Christina','Perez','kramervickie@example.net','6104 Ball Plaza Apt. 988','West Brandon','California',9253519195,'inside'),
(56202,'Mark','Boyd','danielschmidt@example.com','953 Blake Turnpike Suite 918','New Sandramouth','Connecticut',1766356091,'who'),
(56260,'Jessica','Henderson','aaron53@example.com','143 Smith Cove Apt. 197','New Rogertown','Minnesota',9737228367,'deal'),
(56622,'Charles','Richardson','holmesallison@example.com','53787 Benjamin Crest Suite 333','West Gary','Michigan',871006879,'thank'),
(56650,'Brenda','Vega','nguyennicholas@example.org','492 Clifford Tunnel','Millerside','New Mexico',9679929368,'little'),
(57135,'Monica','Garcia','kristi46@example.net','9082 Joseph Islands Apt. 176','West Ashley','Iowa',5156534454,'improve'),
(57719,'Natasha','Higgins','lawrencezimmerman@example.net','238 Kathleen Fall','East Adrian','Montana',775455716,'debate'),
(58532,'Jacob','Weber','lauren87@example.com','9398 Garrison Wells Apt. 901','East Austin','North Carolina',1770604733,'by'),
(58575,'Erin','Rowe','fjones@example.net','0908 Solomon Prairie','New Holly','North Carolina',4544175731,'upon'),
(58584,'Angela','Griffin','janet47@example.net','9605 Marshall Mission Apt. 939','North Tammy','South Carolina',8910641587,'address'),
(58655,'Brittany','Wright','connie92@example.com','6032 Davis Mission','Hectorville','Texas',9884184279,'three'),
(58699,'Donald','Hernandez','rachelwebster@example.net','720 Shane Mill Apt. 772','Nelsonshire','Alabama',3160463620,'now'),
(58819,'Ashley','Dean','fkelley@example.com','497 Jason Mountain Suite 943','Chanville','Nebraska',9820885839,'ahead'),
(58877,'Christopher','Lutz','bmorris@example.com','3782 Williamson Stream','Lake Nicole','North Dakota',3779396168,'while'),
(59359,'Andrew','Smith','hblackwell@example.org','194 Harmon Port','Port Brian','Oklahoma',612084530,'and'),
(59990,'Edward','Wyatt','justinromero@example.net','7064 Price Vista','Coxland','Hawaii',5281042750,'treat'),
(60073,'Brian','Hamilton','alanatkins@example.org','4303 Melanie Wells','Williamland','Massachusetts',1593840680,'bad'),
(60233,'Michael','Rodriguez','alilacey@example.com','96424 Allen Dale Apt. 496','West Robertchester','Michigan',8858144693,'serious'),
(61037,'Jonathan','Koch','palexander@example.org','012 Cynthia Fork Suite 290','Davidview','New Hampshire',1811858676,'civil'),
(61067,'Lisa','Scott','michael63@example.com','5288 Daniel Summit Apt. 025','Simpsonton','New York',3075610221,'bill'),
(61316,'Louis','Hill','nicholas02@example.org','1008 Harris Corners','New Stephanieton','Arkansas',358742571,'wear'),
(61356,'Lee','Rogers','balldaniel@example.com','9236 White Plains','South Michael','Louisiana',5763806090,'successful'),
(61377,'Joshua','Farley','hfletcher@example.net','3264 Michael Tunnel','Kellyborough','Delaware',3200792746,'teacher'),
(61809,'Julia','Nelson','rileymurphy@example.com','67383 Hall Station','Lake Mindyton','Georgia',8526062420,'spring'),
(61939,'Michael','Hicks','alvarezdaniel@example.org','9456 Stephen Divide','Markport','North Carolina',7281397959,'phone'),
(62314,'Michael','Jones','patricia86@example.com','49086 Tammy Forge Suite 791','North Jennifermouth','Alaska',7908248635,'his'),
(62564,'Shannon','Velazquez','jillcordova@example.org','37289 Robert Mountains Apt. 631','New Josephborough','Oklahoma',5108750230,'wife'),
(62634,'Dominic','Jackson','jonesdaniel@example.net','623 Myers Pass Apt. 347','South Danielle','South Dakota',8279509005,'ten'),
(63311,'Morgan','Ramirez','robertsimpson@example.com','3211 Morales Islands','Contreraston','Hawaii',4950680653,'reality'),
(63333,'Joseph','Bender','chapmanchase@example.org','455 Preston Ports','South David','Colorado',1995336013,'appear'),
(63840,'Clarence','Cabrera','glendagreene@example.net','0112 Lamb Forest Suite 128','Turnerstad','Delaware',1977957985,'avoid'),
(63891,'Robert','Edwards','gweeks@example.net','227 William Creek Apt. 737','South Rebeccaville','Alabama',1535154073,'guy'),
(64894,'Kirsten','Torres','osbornericky@example.com','99926 James Pike Suite 843','Jamesmouth','Vermont',4458480527,'allow'),
(65263,'Rachel','Campos','matthew52@example.com','0302 Toni View Suite 355','Heidiland','Oklahoma',7444607388,'fill'),
(65617,'Jessica','Bryan','mharding@example.com','0023 Katie Fork','East Nicoleland','Nebraska',9713748391,'season'),
(65992,'Diane','Leonard','beverlycook@example.com','465 Lance Spur','Robertsland','Massachusetts',5729370061,'determine'),
(66009,'Nichole','Fisher','markwilliams@example.org','61807 Liu Trail','Davidsonberg','Ohio',3108864953,'middle'),
(66121,'Timothy','Taylor','watsonlisa@example.org','118 Schneider Plaza','New Cassandraside','Alabama',6913533634,'candidate'),
(66225,'Christian','Davis','tayloreric@example.com','9041 William Street Suite 764','North Christina','Iowa',3421022511,'ball'),
(66229,'Natasha','Patton','njackson@example.org','91465 Rice Wells Apt. 392','West Jesseview','Delaware',5780001400,'speech'),
(66564,'Heather','Reese','kdavis@example.org','450 Carlos Lodge','Michaelfort','Alabama',4443871250,'protect'),
(66889,'Jonathan','Gonzalez','leslie93@example.net','663 John Gateway','Scottfurt','Missouri',6433542421,'race'),
(67357,'Robin','Dillon','aboyd@example.net','537 Roth Court Apt. 766','Port Elizabethport','Missouri',8947394737,'number'),
(68655,'Megan','Riddle','brian00@example.org','634 Michael Burgs Apt. 882','Port Lindsey','Alaska',7567093713,'help'),
(68752,'Brett','Little','arthur63@example.net','29928 Megan Greens','Christophermouth','Virginia',4056961701,'serious'),
(68791,'Alexis','Francis','doyleabigail@example.com','30295 Sparks Stravenue Apt. 392','Karenstad','Florida',9894673631,'just'),
(69812,'Mark','Morgan','dustinbrown@example.com','5223 Adams Islands','Kimberlyburgh','South Carolina',1745207705,'college'),
(70464,'Lynn','Russo','corey52@example.org','2033 Daniel Turnpike','North Caroline','Nevada',4153708186,'on'),
(70692,'Crystal','Collins','aprilmeyer@example.net','487 Nicholas Divide Apt. 968','Zacharyborough','Maryland',3074920190,'own'),
(70739,'Frederick','Weaver','jake57@example.com','4214 Kyle Stream Suite 649','Ambermouth','West Virginia',8698530436,'weight'),
(70914,'Jonathan','Kelley','iallen@example.net','07107 Wolfe Neck Suite 393','Buchananmouth','Arizona',215911356,'second'),
(70926,'John','Medina','carrolldonna@example.com','17015 Young Key','Piercestad','Idaho',7517714599,'before'),
(71411,'Barbara','Fisher','websterbrett@example.com','10042 April Shores Suite 754','Port Sherry','Idaho',8835144722,'process'),
(71481,'Deborah','Martin','robyn12@example.com','175 Willis Track Apt. 639','Fisherchester','Oregon',8102465510,'sport'),
(71500,'Jacob','Contreras','angeladavis@example.com','9341 Donald Islands','North Davidbury','Kentucky',5716708466,'success'),
(71686,'Kayla','Silva','ehicks@example.net','795 Jacobs Isle Suite 305','Lake Juan','Kansas',1570233453,'walk'),
(71691,'Crystal','Cook','taylorfrank@example.com','6281 Tommy Mountains Suite 656','Ashleychester','New Hampshire',89759684,'them'),
(71694,'Joshua','Krueger','mhowell@example.com','178 Theresa Common Apt. 337','Port Sherri','Missouri',9062554520,'tax'),
(72070,'David','Torres','kwalker@example.net','62134 Julia Turnpike','Kathleenborough','South Dakota',4726268713,'serve'),
(73612,'Benjamin','Lee','morenosteven@example.com','1271 Jennifer River Apt. 985','Braunmouth','Illinois',9621469094,'life'),
(73700,'Priscilla','Harrison','wanda24@example.org','3223 Duane Haven','Wilsonfurt','Colorado',4311208634,'activity'),
(74074,'Hailey','Mcgee','lisa28@example.org','4811 Tran Flats','East Emily','Utah',9002560342,'important'),
(74185,'Tiffany','Gibson','isanchez@example.com','7647 Julie Villages','West Johnnyborough','Tennessee',1996401006,'value'),
(74611,'Matthew','Jones','kevinmcdaniel@example.org','3142 Holly Overpass','West Jonathan','Louisiana',6815841318,'value'),
(74698,'Catherine','Warren','john59@example.com','538 Pamela Alley','Petermouth','Maine',481922971,'budget'),
(74749,'Paul','Anderson','brent17@example.org','562 Pacheco Village','Daviesberg','Georgia',9776569925,'life'),
(74752,'Amanda','Hodges','christopher95@example.com','386 Kevin Dale Apt. 338','Jonathanton','Iowa',7270052461,'under'),
(74764,'Jesse','Parks','katherine90@example.com','69964 Foster Greens Apt. 070','Jasminemouth','Georgia',1116940193,'toward'),
(74975,'Janet','Burns','andersonandrew@example.net','1897 Stephanie Shores','Adkinsview','New Mexico',1351182781,'they'),
(75079,'Elizabeth','Lane','rburke@example.org','342 Victor Village','Floresfort','Arizona',594996097,'manager'),
(75109,'Hannah','Waller','smithmary@example.net','5193 Levine Path','East Carol','Tennessee',2575845736,'ability'),
(75236,'Renee','Pitts','leonardlee@example.com','0266 Dominguez Cape Suite 603','West Caleb','Idaho',108946252,'option'),
(75245,'Kevin','Adams','shawnhall@example.org','164 Hodges Crossroad','Katherineburgh','North Dakota',9665689946,'benefit'),
(76214,'Valerie','Smith','clarkdavid@example.org','767 Perry Ferry','New Kellyland','Mississippi',6347748973,'view'),
(76322,'Juan','Hart','sandra61@example.com','101 Victor Mountains Suite 273','Moonville','Alabama',5150847923,'walk'),
(76561,'Elizabeth','Chen','pwright@example.net','314 George Valley Apt. 759','Turnerbury','Georgia',2209750899,'record'),
(76624,'Jennifer','Decker','chasealexis@example.net','5724 Johnny Curve Suite 001','Kelleychester','Delaware',7615459126,'imagine'),
(76841,'Christine','Collins','william02@example.net','319 William Station Suite 841','Steinside','Louisiana',822699194,'business'),
(77178,'Felicia','Robbins','amelton@example.org','211 Walker Fields Suite 078','New Mark','Nevada',5898431613,'show'),
(77619,'David','Vazquez','adunn@example.org','41443 Ortega Rue','Rodriguezville','New Hampshire',9127778021,'what'),
(77663,'Cassidy','Robles','kkeller@example.com','029 Young Gateway','Sanchezstad','Iowa',7164030444,'nature'),
(77941,'Zachary','Wall','myersjennifer@example.org','51610 Hogan Green','West Lauriefurt','Hawaii',4297797811,'interest'),
(78694,'John','Ibarra','gwendolyngomez@example.net','4944 Carrie Ports Apt. 057','Richardborough','Washington',6374414867,'tree'),
(78748,'John','Bowen','smoore@example.com','307 Barbara Oval','Hallview','New Mexico',1241551402,'laugh'),
(79189,'Kristie','Harris','rpope@example.net','247 Schroeder Road','Christinemouth','Virginia',3019060649,'why'),
(79305,'Paul','Leon','garciaalbert@example.com','4197 Michael Underpass Apt. 462','South Lisa','North Dakota',2326819293,'up'),
(79682,'Anna','Chase','norrisfrancisco@example.com','364 King Heights Apt. 534','Parksstad','Alaska',5522293440,'rock'),
(79927,'Amy','Robinson','millerzachary@example.net','3646 Henry Station Apt. 762','Schmidtville','Colorado',4183123150,'sell'),
(80172,'Valerie','Barrera','vbauer@example.com','557 Alexander Common','Heatherburgh','Wisconsin',8430374350,'chance'),
(80713,'Janice','Johnson','josephjanet@example.org','78739 Herrera Ford Suite 328','Matthewsborough','Rhode Island',9159777733,'administration'),
(80969,'Lisa','Nelson','michaelcarlson@example.net','596 Harris Valley Apt. 390','North Shannonfurt','Oregon',9230673062,'avoid'),
(81232,'Timothy','Wallace','emitchell@example.org','28866 Hall Forks Apt. 720','Smithland','Alaska',218411805,'camera'),
(82451,'Amanda','Collins','stephaniegarcia@example.net','143 Chelsea Overpass','Byrdburgh','Alaska',5021882751,'even'),
(82534,'Tammy','Williams','jbrown@example.net','61683 Maria Vista Apt. 812','North Rachel','Washington',3449066339,'name'),
(82729,'Daniel','Martinez','shicks@example.com','8843 Zachary Keys Apt. 502','Duncantown','Washington',3248023497,'budget'),
(82817,'Andrew','Terry','carpenterscott@example.com','0029 Carter Locks','New Christina','Ohio',8732340639,'shake'),
(83353,'Kristy','Daniels','yumichelle@example.net','469 Brown Plain Suite 038','Smithview','Utah',4428438490,'threat'),
(83446,'Wendy','Brooks','jerry51@example.net','15564 Brittany Valley','Davidfort','Kansas',5611831188,'product'),
(83610,'Shane','Larson','heidihale@example.net','21909 Black Shoals Suite 764','Lake Scottburgh','West Virginia',8851379236,'culture'),
(84285,'Brent','Ruiz','brian68@example.net','72328 Melissa Islands Apt. 788','Brownberg','New Mexico',2868861394,'now'),
(84328,'Raymond','Hudson','lisa69@example.net','3949 Acosta Neck Suite 410','Simpsonbury','Kansas',5626366258,'central'),
(84754,'Brandon','Steele','anneevans@example.net','30931 Bailey Estate Suite 964','Jeremyport','New York',1728297814,'eye'),
(85099,'Richard','Smith','thomas93@example.com','76530 Ian Hill','Rodriguezland','New Mexico',2586713460,'behavior'),
(85704,'Jennifer','Miller','courtneycain@example.net','621 Mia Rest Suite 209','Beverlyside','Oklahoma',7298105246,'hair'),
(85712,'Rebecca','Patton','brogers@example.net','3974 Nancy Terrace','Lindsayland','Georgia',4278056016,'tend'),
(85798,'Marissa','Stephenson','linda55@example.net','70369 Sanchez Branch','Velasquezshire','Kansas',8857751346,'would'),
(86810,'Alexander','French','warrenashley@example.net','630 Bauer Estates Apt. 811','Kyleland','Mississippi',4392008452,'want'),
(87262,'Matthew','Young','akeller@example.net','21412 Billy Circles Apt. 348','Port Annport','Illinois',3947270607,'information'),
(88031,'Mary','Matthews','curtiselizabeth@example.com','04357 Katie Forge Apt. 321','New Cheryl','Pennsylvania',9618209012,'pretty'),
(88694,'Jose','Anderson','jamesrivera@example.net','87771 Natalie Throughway Apt. 445','Reidchester','Alaska',3140190331,'avoid'),
(89303,'Samantha','Jensen','robertsandrew@example.net','52275 Ashley Mountain','New Daniel','Vermont',4042290941,'yard'),
(89613,'Diana','Jimenez','christine25@example.net','8390 Mendez Port Apt. 470','New Morgan','Georgia',1136563100,'note'),
(89896,'Melissa','Williams','sanchezmichael@example.org','215 Kimberly Park Apt. 189','South Jessica','Nevada',3013012070,'method'),
(89916,'Patricia','Thompson','robert01@example.org','24832 Young Drive Apt. 966','North Juanside','Florida',8503152756,'science'),
(90042,'Richard','Barr','pkelly@example.net','379 David Island','Jenniferside','Utah',8038822235,'leader'),
(90184,'William','Glenn','sanchezmichelle@example.org','89649 Wilson Green','West Paul','Indiana',6229335903,'strong'),
(90749,'Brian','Smith','william10@example.org','52806 Miller Pass Suite 737','South Jamesmouth','Oklahoma',8654445376,'nation'),
(91028,'Bobby','Wilcox','rodriguezanthony@example.com','585 Joseph Isle','South Josephland','Washington',7786572650,'establish'),
(91164,'Timothy','Taylor','whiterobert@example.net','79835 Jennifer Flats Suite 238','West Chelsey','Arkansas',2467970650,'sister'),
(91171,'James','Reeves','zshaw@example.org','3637 Denise Plains','New Kimberly','Massachusetts',9949267565,'media'),
(91758,'Tammy','Brown','armstrongthomas@example.net','209 Spencer Oval','North Edwardberg','Rhode Island',1331753996,'natural'),
(91832,'Erik','Williams','allisongeorge@example.com','444 Peter Curve','Rosston','New Jersey',3548347748,'bed'),
(92055,'Eric','Jones','shawnsosa@example.net','52933 Wang Mountain Apt. 719','Petersonland','California',2619341318,'market'),
(92251,'Kimberly','Wade','reynoldssarah@example.com','4972 Carrie Radial Apt. 597','Hortonfort','New York',5691820325,'huge'),
(92292,'John','Harrell','bakermichael@example.net','0634 Snyder Well','Schmidtview','Oklahoma',45207779,'such'),
(93276,'Casey','Strong','cruzjames@example.org','185 Anna Estate Apt. 368','East Morgantown','Georgia',5781708360,'worker'),
(93944,'Sonya','Deleon','njackson@example.org','267 Victoria Road Apt. 020','Floresland','Illinois',5646549261,'help'),
(94773,'Brian','Bryant','rreilly@example.org','5929 Roman Mountain','Port Andrea','Washington',2426453592,'commercial'),
(94897,'Hailey','Petersen','hberger@example.org','986 Stone Village Apt. 573','Prestonbury','Louisiana',2788798567,'unit'),
(95589,'Brooke','Moreno','mccartyjoseph@example.net','45568 Patel Camp Suite 215','New Steven','New Hampshire',4435440250,'newspaper'),
(95998,'Dennis','Willis','susanspencer@example.org','8613 Michael Circle Apt. 894','East Lori','Arizona',8438447849,'entire'),
(96141,'Arthur','Dunn','matthewrodgers@example.net','452 Karen Plaza','West Phyllis','North Dakota',5232945728,'close'),
(96326,'Taylor','Zhang','baxtertyler@example.org','963 Catherine Ridges Apt. 952','New Christopherborough','Ohio',704573735,'community'),
(97477,'John','Rice','sandrathompson@example.net','521 Jacob Manors Suite 852','Andersonfurt','New Mexico',2878406260,'hold'),
(97553,'Linda','Krause','jackson08@example.org','755 Fletcher Hollow Suite 773','New Veronica','Indiana',9136700969,'hotel'),
(98100,'Megan','Chen','xwallace@example.org','703 Emily Manors Apt. 977','South Danielleshire','Wyoming',7503603669,'almost'),
(98117,'Andrea','Lozano','hayesdustin@example.org','9868 Christine Course','Maddenberg','Florida',7720285056,'present'),
(98131,'Amanda','Espinoza','moorejack@example.com','99795 Schmidt Terrace','Amyville','Georgia',4647402504,'set'),
(98555,'Jessica','Bennett','hunterica@example.org','680 Mcdowell Greens Suite 364','East Nicolehaven','New Mexico',9721504265,'world'),
(98658,'Kenneth','Wright','kimzimmerman@example.org','98163 Roach Junctions','East Daniel','New York',4802538863,'activity'),
(98954,'Craig','Williams','cynthiabarber@example.org','3006 Joseph Oval Suite 171','Johnland','Wyoming',9731130042,'mission'),
(99144,'James','Jackson','vflynn@example.com','013 Kimberly Parkway','West Angelamouth','Rhode Island',1629939245,'city'),
(99165,'Maria','Thompson','jjones@example.org','803 Sarah Crossroad','East Evanfurt','Oklahoma',7847896551,'defense'),
(99498,'Richard','Stevenson','dmaynard@example.org','43177 Melissa River Apt. 709','Frazierland','Maryland',7113911520,'when'),
(99769,'Amanda','Jones','ryan60@example.net','30626 Crosby Ford','South Vanessabury','Nebraska',4847612283,'month'),
(99984,'Amy','Gonzalez','charles70@example.net','608 Booth Union','West Kylefort','Utah',9510148094,'success');
/*!40000 ALTER TABLE `owner` ENABLE KEYS */;
UNLOCK TABLES;

--
-- Table structure for table `ownerphonenumber`
--

DROP TABLE IF EXISTS `ownerphonenumber`;
/*!40101 SET @saved_cs_client     = @@character_set_client */;
/*!40101 SET character_set_client = utf8 */;
CREATE TABLE `ownerphonenumber` (
  `phoneOwner` int(11) NOT NULL,
  `phoneNumber` varchar(12) NOT NULL,
  PRIMARY KEY (`phoneOwner`,`phoneNumber`),
  CONSTRAINT `ownerphonenumber_ibfk_1` FOREIGN KEY (`phoneOwner`) REFERENCES `owner` (`franchiseOwnerID`)
) ENGINE=InnoDB DEFAULT CHARSET=latin1 COLLATE=latin1_swedish_ci;
/*!40101 SET character_set_client = @saved_cs_client */;

--
-- Dumping data for table `ownerphonenumber`
--

LOCK TABLES `ownerphonenumber` WRITE;
/*!40000 ALTER TABLE `ownerphonenumber` DISABLE KEYS */;
INSERT INTO `ownerphonenumber` VALUES
(234,'901-922-5487'),
(546,'642-475-6450'),
(1735,'784-371-8880'),
(2756,'351-789-2938'),
(2954,'555-554-9709'),
(3848,'701-204-0886'),
(7039,'923-802-5671'),
(9405,'895-451-5076'),
(10354,'811-830-4585'),
(10695,'200-445-0068'),
(10708,'301-862-2202'),
(11452,'500-820-0911'),
(11452,'902-376-4816'),
(11687,'549-865-8129'),
(12069,'645-493-4198'),
(12482,'974-701-7092'),
(13242,'590-926-8492'),
(13381,'799-480-3941'),
(13392,'551-473-0480'),
(14534,'747-302-5805'),
(15505,'387-532-5469'),
(15566,'583-610-6297'),
(16449,'827-441-9789'),
(17152,'560-795-5110'),
(17217,'513-693-0579'),
(17273,'418-348-3224'),
(17866,'621-590-8185'),
(18572,'455-417-9765'),
(18572,'952-801-4038'),
(19929,'482-450-0495'),
(20845,'795-361-3615'),
(22415,'596-440-0664'),
(22485,'501-419-3186'),
(22485,'750-542-8896'),
(22485,'893-903-2606'),
(23527,'991-228-6022'),
(24142,'633-557-9427'),
(25483,'488-379-9952'),
(25605,'390-250-7134'),
(25686,'953-849-7290'),
(26474,'944-682-8572'),
(26814,'535-619-5203'),
(28486,'428-377-9779'),
(28952,'619-720-8785'),
(32204,'738-709-4054'),
(32287,'371-835-4060'),
(32287,'534-510-7663'),
(32368,'310-890-3544'),
(32368,'472-362-7829'),
(33601,'271-787-5948'),
(33900,'944-218-6497'),
(33902,'472-231-3166'),
(33902,'620-871-6350'),
(33923,'752-902-4630'),
(34082,'908-295-9244'),
(34349,'830-438-3774'),
(34612,'298-430-1138'),
(34615,'697-963-1747'),
(35003,'592-812-9291'),
(35763,'895-297-4308'),
(36292,'473-944-8570'),
(36434,'664-925-5647'),
(36588,'882-361-8228'),
(36826,'612-674-8922'),
(36826,'971-399-1447'),
(37305,'707-653-7538'),
(37470,'635-700-5186'),
(39222,'465-954-5241'),
(41515,'978-241-2721'),
(42307,'552-283-5791'),
(42481,'254-794-4776'),
(42910,'792-284-7742'),
(44375,'204-562-1007'),
(46943,'544-939-2009'),
(47389,'923-980-7077'),
(48283,'283-790-9519'),
(48910,'546-966-5033'),
(50259,'393-490-6287'),
(50259,'477-703-7083'),
(50442,'439-446-1910'),
(50865,'841-424-1791'),
(51532,'943-512-0850'),
(52526,'578-509-4252'),
(54371,'669-624-2794'),
(54371,'842-355-6353'),
(54761,'525-903-5392'),
(55888,'314-666-8942'),
(56260,'374-884-2908'),
(57135,'257-996-3035'),
(58584,'876-302-3415'),
(58655,'519-868-3765'),
(58699,'606-737-5504'),
(58819,'513-604-3564'),
(59359,'390-215-1292'),
(59359,'610-314-7434'),
(61037,'589-430-3393'),
(61067,'609-302-5854'),
(61316,'273-609-1793'),
(63311,'342-884-9106'),
(63333,'267-300-3591'),
(63840,'307-638-4174'),
(63891,'686-523-4627'),
(66225,'811-447-4195'),
(66229,'277-763-8643'),
(66889,'843-347-8870'),
(68752,'513-384-3040'),
(68791,'371-222-3281'),
(70926,'306-903-6975'),
(70926,'697-749-6357'),
(71411,'436-388-3380'),
(71481,'376-580-8656'),
(71500,'976-369-3642'),
(73612,'397-459-6404'),
(74749,'606-830-7976'),
(74975,'922-305-2005'),
(75079,'485-434-3709'),
(75109,'859-858-4218'),
(75236,'354-565-6611'),
(75245,'791-721-7159'),
(76322,'546-363-0704'),
(76624,'606-317-8278'),
(76841,'947-912-8784'),
(77619,'277-668-3356'),
(77663,'254-850-9414'),
(77663,'826-781-4456'),
(79305,'233-264-3383'),
(79682,'685-652-2244'),
(80172,'516-623-0852'),
(80713,'877-287-5997'),
(81232,'265-479-5962'),
(81232,'687-712-5178'),
(82451,'324-581-5202'),
(82534,'331-853-1121'),
(83353,'582-266-3528'),
(83610,'983-841-2950'),
(84328,'820-461-9608'),
(84328,'940-271-2475'),
(85099,'701-259-7162'),
(85712,'903-437-4354'),
(88031,'586-705-7409'),
(89303,'566-860-5633'),
(89896,'958-208-3816'),
(90042,'751-939-9427'),
(91171,'885-882-5653'),
(91832,'757-406-6210'),
(92292,'279-486-1319'),
(93944,'990-432-3125'),
(94897,'649-995-6542'),
(95589,'503-257-5213'),
(96326,'606-925-3238'),
(97477,'908-275-6813'),
(97553,'485-883-9549'),
(97553,'626-639-7912'),
(98100,'851-347-8985'),
(98954,'491-909-1035'),
(99165,'481-640-5143'),
(99498,'539-527-8986');
/*!40000 ALTER TABLE `ownerphonenumber` ENABLE KEYS */;
UNLOCK TABLES;

--
-- Table structure for table `product`
--

DROP TABLE IF EXISTS `product`;
/*!40101 SET @saved_cs_client     = @@character_set_client */;
/*!40101 SET character_set_client = utf8 */;
CREATE TABLE `product` (
  `productID` int(11) NOT NULL,
  `name` varchar(50) DEFAULT NULL,
  `description` varchar(255) DEFAULT NULL,
  `normalPrice` int(11) DEFAULT NULL,
  PRIMARY KEY (`productID`)
) ENGINE=InnoDB DEFAULT CHARSET=latin1 COLLATE=latin1_swedish_ci;
/*!40101 SET character_set_client = @saved_cs_client */;

--
-- Dumping data for table `product`
--

LOCK TABLES `product` WRITE;
/*!40000 ALTER TABLE `product` DISABLE KEYS */;
INSERT INTO `product` VALUES
(525,'Mushroom Risotto','Necessary not like customer happen.',24),
(597,'Risotto with seafood','Like day citizen situation hard bed anything.',74),
(772,'Pizza','Ability election explain everybody police benefit foreign.',8),
(883,'Pasta and Beans','Star expert situation rate range.',24),
(943,'Teriyaki Chicken donburi','Wrong price system late power medical.',82),
(992,'Califlower penne','Degree various kid discuss example big already.',49),
(1243,'Souvlaki','Similar fire might learn political claim.',6),
(1555,'Ebiten maki','Growth investment especially style especially owner with who.',78),
(1615,'California maki','Bed without whole.',87),
(1766,'Chicken milanese','Idea east bit performance police learn.',16),
(1874,'Ebiten maki','Theory tell design start this both.',87),
(2294,'Katsu Curry','Hard benefit recent development song.',86),
(2396,'Linguine with clams','Including head defense.',11),
(2444,'Caesar Salad','Door girl staff difference within.',17),
(2514,'Fish and chips','Allow occur appear project fill.',96),
(2778,'Pasta with Tomato and Basil','Air over keep value.',64),
(3007,'Chilli con carne','Somebody kitchen study ok.',33),
(3211,'Vegetable Soup','Court relationship opportunity morning per sign.',57),
(3287,'Pasta and Beans','Maybe impact account hour see charge report.',35),
(3435,'Chicken milanese','Anyone around question energy cost certainly never.',17),
(3850,'Califlower penne','Religious probably us stay happy sure care.',83),
(4806,'Ebiten maki','Cost garden exist yet plan sense number.',72),
(4807,'Fish and chips','Shake knowledge assume someone business entire could.',84),
(5220,'Bruschette with Tomato','Clearly main least industry stage.',10),
(5343,'Califlower penne','Area industry big trip staff.',28),
(5591,'California maki','System country development actually expect.',29),
(5708,'Caesar Salad','Least health whatever avoid everybody instead.',49),
(5976,'Katsu Curry','Partner necessary skin gun either learn.',44),
(6003,'Caesar Salad','Suggest environmental stock box marriage.',62),
(6346,'Chicken wings','Set land in big rock organization.',14),
(6436,'Teriyaki Chicken donburi','Nothing top by up.',38),
(6516,'California maki','Else decide show.',43),
(6657,'Pizza','Development effect foot section according allow lead.',11),
(6712,'Risotto with seafood','Near have clearly rather.',17),
(7126,'Chicken wings','Suddenly look friend pressure cold beautiful with.',7),
(7219,'Fettuccine Alfredo','Without me simple research.',43),
(7376,'Risotto with seafood','Must not also generation service.',89),
(7424,'Caprese Salad','Stand professor sense agree goal change morning.',69),
(7442,'Pappardelle alla Bolognese','Key station impact special record everything.',62),
(7465,'Caesar Salad','Loss mind fish side exist example.',77),
(7477,'Meatballs with sauce','Hear difficult sit.',48),
(7652,'Pappardelle alla Bolognese','Store degree conference finally someone.',89),
(7687,'Pork sausage roll','Rock structure message memory.',68),
(7738,'Teriyaki Chicken donburi','Keep serve cold wish various.',81),
(7855,'Teriyaki Chicken donburi','State Republican those get spend finally region.',27),
(7880,'Chilli con carne','Set any speech hand name relate themselves.',55),
(8102,'Chicken wings','Response street politics.',22),
(8288,'Souvlaki','Stop brother structure deal write western rest.',2),
(8320,'Vegetable Soup','Argue decide word.',36),
(8574,'Caprese Salad','Among different field pattern.',60),
(8619,'Salmon nigiri','Source charge world ago police open want.',43),
(8830,'Katsu Curry','Television yes young offer worker audience I push.',82),
(9089,'Pork belly buns','Allow analysis same stock as cover.',23),
(9178,'Tuna sashimi','Each man friend material decision physical federal.',13),
(9935,'Fettuccine Alfredo','Nice pass young field between age resource.',0),
(10080,'Chicken wings','Matter nice still magazine money professor ball theory.',50),
(10263,'Katsu Curry','Mr throw character his black voice.',24),
(10482,'Caesar Salad','Material price out.',86),
(10518,'Vegetable Soup','Official that reflect as field sister identify very.',78),
(10580,'Mushroom Risotto','As black it tonight million look effect.',25),
(10646,'Souvlaki','Safe heart figure behind American wonder month.',90),
(10660,'Pasta and Beans','Eight single seat away grow piece someone.',57),
(10683,'Tuna sashimi','Although entire inside accept require start pressure will.',74),
(10687,'Lasagne','Within south wind.',13),
(11233,'Philadelphia maki','Laugh compare character wait it popular admit.',26),
(11418,'Bruschette with Tomato','Four administration according next add.',49),
(11624,'Fish and chips','Myself country where image day identify nor.',2),
(11876,'Chicken wings','Shake difference effort less area team us cup.',56),
(11887,'Tuna sashimi','Best home trial wall hard mean.',58),
(12009,'Lasagne','Bank four subject experience.',86),
(12285,'Barbecue Ribs','Buy still prepare particularly generation.',20),
(12836,'Scotch eggs','Try building agent hold door pressure entire.',54),
(13296,'Califlower penne','Bar local force avoid.',84),
(13972,'Chicken milanese','Might church building agreement.',27),
(14193,'Caprese Salad','Rest reason foreign.',47),
(14274,'Pappardelle alla Bolognese','Herself visit condition southern claim.',42),
(14626,'Tuna sashimi','Range respond heavy offer language.',82),
(14646,'Califlower penne','Government always it shake.',12),
(14679,'Meatballs with sauce','Tonight law thought report style assume.',30),
(15034,'Philadelphia maki','The argue need indicate course.',40),
(15245,'Pizza','Grow finally start image low true soon audience.',14),
(15262,'Ricotta stuffed Ravioli','Early our artist floor your test.',64),
(15469,'Fish and chips','Go fly collection chance decision sound.',35),
(15960,'Tuna sashimi','Save trade far stay national cell.',50),
(16183,'Pasta and Beans','Conference computer science our onto include top.',40),
(16265,'Bruschette with Tomato','See fact then act.',29),
(16453,'Linguine with clams','He up according star evening.',44),
(16698,'California maki','Reflect lawyer face understand senior see floor.',88),
(16809,'Cheeseburger','Professor lose then push get force save.',28),
(16857,'Pork belly buns','They subject leave fine ok.',77),
(17127,'Risotto with seafood','Red store knowledge take.',17),
(17553,'Fettuccine Alfredo','Question west out.',7),
(17636,'Pasta Carbonara','Unit four blood clearly nor.',94),
(17774,'Tuna sashimi','Tv research win off show plan eye.',4),
(18244,'Cheeseburger','Different avoid tree final computer lead spring degree.',54),
(18411,'Mushroom Risotto','Defense agent able cell view deep star.',41),
(19140,'Pizza','Around physical above.',5),
(19226,'Bruschette with Tomato','Increase choice call onto our.',3),
(19244,'Pasta with Tomato and Basil','Southern draw list ready policy life other.',28),
(19340,'Ricotta stuffed Ravioli','Should mission memory trouble western whom job.',68),
(19765,'Risotto with seafood','Focus myself join discussion position.',0),
(19788,'Califlower penne','Have face build.',67),
(19864,'Pasta Carbonara','Mother agent analysis.',25),
(19890,'Chicken milanese','Top everybody despite show.',21),
(19930,'Ebiten maki','Catch edge movement subject hotel.',66),
(19993,'Teriyaki Chicken donburi','Effect end indeed other message.',85),
(20004,'French fries with sausages','Model computer term.',91),
(20157,'Ebiten maki','Hair fear room lead success.',6),
(20164,'Linguine with clams','Improve teacher she baby final out wait.',43),
(20296,'Chicken milanese','Politics no position difficult.',7),
(20432,'Chicken Fajitas','Peace alone early else talk.',90),
(20702,'Vegetable Soup','Thank nothing ball summer where seat Mrs officer.',1),
(20915,'Chicken Fajitas','These thank couple suddenly.',87),
(21021,'French fries with sausages','Cultural our win stand so need.',73),
(21047,'Bruschette with Tomato','Maybe draw way never.',18),
(21209,'Scotch eggs','Rather current become industry matter event.',15),
(21315,'Fettuccine Alfredo','Sing today their threat.',28),
(21595,'Pasta with Tomato and Basil','Worry morning situation bit mind.',13),
(21645,'Meatballs with sauce','Black truth girl nor few.',77),
(21696,'Teriyaki Chicken donburi','Almost tend tend think cost.',17),
(21865,'Fish and chips','Hotel rule wrong age all.',34),
(21907,'Katsu Curry','Training summer much girl kitchen.',71),
(21967,'Tuna sashimi','Approach build miss water wear audience.',78),
(22049,'Barbecue Ribs','First place student want small particularly production soon.',27),
(22294,'Katsu Curry','Price gas subject east night.',35),
(22888,'Mushroom Risotto','Spring buy read food peace laugh.',88),
(22928,'Katsu Curry','Break detail and example condition left mouth.',53),
(23130,'Vegetable Soup','Often measure rich face.',43),
(23661,'Pappardelle alla Bolognese','Car maybe end wind hot mind.',31),
(23689,'Caesar Salad','Newspaper entire safe party idea strong.',42),
(23742,'Vegetable Soup','End choice after child.',73),
(23854,'Fettuccine Alfredo','Building far create usually.',83),
(23902,'California maki','Station recently him with law beautiful evidence.',82),
(24146,'Califlower penne','Heavy another bill phone clearly.',66),
(24193,'Pasta with Tomato and Basil','Relate democratic yes Congress treatment either without.',87),
(24726,'California maki','Anything Democrat thank shake back.',44),
(24932,'Barbecue Ribs','Record run even article store exactly.',6),
(24951,'Pasta and Beans','Three body year resource.',88),
(25598,'Pappardelle alla Bolognese','Own next nature whatever population.',39),
(25912,'Teriyaki Chicken donburi','Professional hour sort land ever cultural.',93),
(25982,'Salmon nigiri','Either out close example think base most raise.',77),
(26134,'Salmon nigiri','Page why small image decision difficult.',23),
(26161,'Lasagne','Dinner see remain both star none.',67),
(26675,'Meatballs with sauce','Head final away write positive like.',32),
(26744,'California maki','Natural as system far build.',25),
(27073,'Tuna sashimi','Up truth serious general maybe future.',85),
(27397,'Fish and chips','Involve mouth husband people total.',35),
(27420,'Pasta Carbonara','Citizen president born key charge.',70),
(27650,'Caprese Salad','Reality at director control phone free recognize goal.',98),
(27717,'Chilli con carne','Doctor party specific executive nation.',38),
(27758,'Chicken Fajitas','Contain radio trip throw base anyone behavior.',16),
(28270,'Mushroom Risotto','Activity oil until.',51),
(28299,'Katsu Curry','Remember I improve.',37),
(28372,'Caesar Salad','Land remember easy she.',24),
(28429,'Scotch eggs','Small then talk expect eye.',85),
(28584,'Bruschette with Tomato','Staff newspaper concern drug strategy fight become.',29),
(28856,'California maki','Important short performance everybody challenge edge few talk.',96),
(28936,'Pork sausage roll','Rate huge must region minute last international.',67),
(29122,'Katsu Curry','Character again ever.',78),
(29567,'Salmon nigiri','Thus some out fast.',56),
(30379,'Chilli con carne','Enter responsibility brother PM.',8),
(30811,'Pappardelle alla Bolognese','If information many question heart spend else.',28),
(30826,'Califlower penne','Effort local present.',79),
(30928,'Katsu Curry','Test blue few student apply best.',92),
(31150,'Califlower penne','Under hope reason why because.',33),
(31224,'Pork belly buns','Ever security draw around site.',71),
(31443,'Lasagne','Floor such through gun him list to yet.',29),
(31594,'Lasagne','Book up garden today pick crime into.',34),
(31707,'Chicken milanese','Focus Republican of seek.',52),
(31944,'Linguine with clams','Customer already read property deep account degree.',45),
(32077,'Linguine with clams','Around suddenly consider operation trial show first.',92),
(32279,'Ricotta stuffed Ravioli','Strong space situation usually.',75),
(32964,'Pappardelle alla Bolognese','Data expect yard smile degree medical.',43),
(33013,'Pasta Carbonara','Indeed end anyone difficult guy over provide.',64),
(33265,'Ebiten maki','Any only brother south.',56),
(33562,'Philadelphia maki','Democrat every attack and pull.',55),
(33931,'Cheeseburger','Particular music soldier relationship section both lead.',25),
(34117,'Chicken milanese','Contain true evening article control college.',9),
(34267,'Katsu Curry','Young last west candidate herself.',65),
(34289,'Chilli con carne','Central want own industry tell group plan watch.',8),
(34666,'Califlower penne','Investment indicate create wall pass ball national.',43),
(34687,'Katsu Curry','His young meeting language once student.',73),
(34730,'Ricotta stuffed Ravioli','Put brother memory case a.',81),
(34989,'Linguine with clams','Bad water bed can car first.',7),
(35357,'Chicken wings','Strong pull discuss experience energy.',66),
(35808,'Tuna sashimi','Front or record model beyond.',30),
(35964,'Meatballs with sauce','So glass front success reflect.',12),
(36298,'Vegetable Soup','Then trip end sense society.',41),
(36760,'Barbecue Ribs','Business mention Congress option.',41),
(37962,'Pappardelle alla Bolognese','Share outside smile relate read organization.',64),
(38441,'Vegetable Soup','Head message population another.',42),
(38539,'Chicken milanese','Experience ever describe determine.',81),
(38790,'Lasagne','International night moment will poor.',17),
(39022,'Meatballs with sauce','Mention two try very might Mrs know.',0),
(39197,'Barbecue Ribs','Rest it bad practice name team.',96),
(39211,'Pasta with Tomato and Basil','I child send.',65),
(39385,'Tuna sashimi','Consider main whatever lawyer eye whether fund prove.',25),
(39566,'Fettuccine Alfredo','Office prove card trial.',20),
(39569,'Bruschette with Tomato','Huge sort crime me apply recent indeed herself.',21),
(39616,'Bruschette with Tomato','Whatever ever source wrong.',45),
(39964,'Fish and chips','Mission center among hotel PM interest inside.',31),
(40293,'Ebiten maki','People boy give group many through.',8),
(40425,'Pasta with Tomato and Basil','Class available official world debate.',16),
(40772,'Lasagne','My head different region.',22),
(40775,'Tuna sashimi','Common toward control those Mrs serious.',97),
(41474,'Pappardelle alla Bolognese','Great town their argue center.',75),
(41725,'Souvlaki','Apply though why debate appear week.',35),
(41844,'Tuna sashimi','Scene party prepare leave would attorney week.',44),
(41916,'Pork sausage roll','Although happy both bed story responsibility.',9),
(41937,'Pasta with Tomato and Basil','Moment environment actually measure arrive eat total.',9),
(42053,'Pizza','Parent bit moment hope meeting city.',46),
(42598,'Mushroom Risotto','Human approach ground cup edge administration.',7),
(42872,'Barbecue Ribs','Behind candidate summer point.',74),
(43158,'Meatballs with sauce','Everyone beyond try firm.',0),
(43307,'Linguine with clams','Information employee avoid age set clear.',50),
(44165,'California maki','Military customer easy speech investment voice.',94),
(44506,'Katsu Curry','Happen kid arm.',28),
(44727,'Chilli con carne','Film actually contain run do field.',6),
(45051,'Pappardelle alla Bolognese','Street member director actually candidate.',74),
(45377,'Meatballs with sauce','Instead quality leg often gas.',2),
(45382,'Bruschette with Tomato','Single level return memory during.',7),
(45580,'Scotch eggs','Little event PM note able vote.',60),
(46073,'Scotch eggs','For explain either tonight.',19),
(46180,'Pappardelle alla Bolognese','Stock movement budget attorney line.',21),
(46340,'Ebiten maki','Try seven do Congress good.',41),
(47360,'Ebiten maki','Find west answer.',6),
(47482,'Pasta with Tomato and Basil','Brother daughter opportunity shake wrong.',72),
(47924,'Linguine with clams','Data song under sometimes world.',10),
(48074,'Tuna sashimi','Sort student now party fall.',23),
(48362,'Teriyaki Chicken donburi','Forward particularly design performance possible.',78),
(48706,'Ricotta stuffed Ravioli','Something individual mother be pressure sea environment factor.',53),
(48766,'Pork belly buns','Resource beautiful five commercial fly.',49),
(49118,'Meatballs with sauce','Recent coach discover result husband.',56),
(49351,'Vegetable Soup','Example bad worry PM defense factor list.',50),
(50460,'Philadelphia maki','Beat thank fill cover itself stage.',14),
(50758,'California maki','Remember level represent describe of attack Congress.',13),
(51024,'Caesar Salad','Age base east Mrs choice.',26),
(51045,'Pasta with Tomato and Basil','Exactly future assume member.',28),
(51091,'Vegetable Soup','Skin certain technology treatment put.',81),
(51168,'Chicken milanese','But play far talk back subject why hair.',29),
(51195,'Pappardelle alla Bolognese','Yourself remember statement reveal than.',37),
(51426,'Pork belly buns','Coach remember than lawyer address attention.',82),
(51669,'Pork belly buns','Artist both I style.',78),
(51881,'Ricotta stuffed Ravioli','Color behind dog receive movie three.',48),
(51891,'California maki','Maybe like build best.',69),
(51963,'Bruschette with Tomato','Late continue anything law beat.',43),
(52142,'Scotch eggs','Trouble if deal before fear.',81),
(52189,'Philadelphia maki','Campaign measure picture dream wife idea provide.',20),
(52279,'Souvlaki','Reason firm make myself hit night.',51),
(52286,'Ebiten maki','Send social seat certainly.',3),
(52730,'Salmon nigiri','While green look land expert someone.',73),
(52939,'Pork sausage roll','By young identify dark deep center.',89),
(53252,'Ebiten maki','Member continue culture here middle city agreement do.',67),
(53319,'Fettuccine Alfredo','Tell law garden best indicate look law.',58),
(53362,'Califlower penne','Answer spend page follow in.',80),
(53628,'Salmon nigiri','Effort someone become low thought fear.',6),
(53658,'Pasta with Tomato and Basil','Community without three power smile.',73),
(54148,'Katsu Curry','Understand audience listen agree financial manager state.',25),
(54212,'Pasta with Tomato and Basil','Eye morning region of student turn certain.',74),
(54229,'Katsu Curry','West human leg result woman.',13),
(54681,'Ebiten maki','Here allow radio guess.',81),
(54866,'Fettuccine Alfredo','Language process rich hotel indeed national pay.',27),
(54907,'Pasta Carbonara','Own theory sing understand blood phone.',44),
(54962,'Barbecue Ribs','Skin strong animal offer even certainly.',37),
(55090,'Pasta and Beans','Executive worker interest important college attack.',95),
(55099,'Pork sausage roll','Team weight outside none conference five natural.',68),
(55204,'Salmon nigiri','Inside important country say security.',47),
(55692,'Mushroom Risotto','Present interest green play.',1),
(55725,'Bruschette with Tomato','Set owner could media evening rich.',5),
(55762,'Teriyaki Chicken donburi','Onto himself across born method green chair crime.',24),
(55861,'Scotch eggs','Carry serious despite something wear.',84),
(56121,'Souvlaki','Range world event project quality.',95),
(56191,'California maki','Heavy interview few figure allow character.',77),
(56219,'Mushroom Risotto','Couple cup tough the.',3),
(56434,'Califlower penne','Tend many car down.',72),
(56511,'Pizza','Within front would indicate management college notice rate.',16),
(57033,'Chicken milanese','Least music phone page.',77),
(57123,'Chicken milanese','Marriage card interesting of push miss skin.',82),
(57136,'Cheeseburger','Nothing agent bill magazine cultural from note.',68),
(57206,'Souvlaki','Interesting on car officer teacher describe way.',37),
(57210,'Chicken Fajitas','Single way special name history decision.',88),
(57586,'Philadelphia maki','Result trip land choose trouble change.',78),
(57688,'Scotch eggs','Young specific million race.',98),
(57822,'Pork belly buns','Already name price gun.',65),
(57942,'Pasta and Beans','Kind dinner experience might land one.',12),
(58086,'Scotch eggs','Main join off result coach.',7),
(58144,'Tuna sashimi','Bar guy customer include receive.',13),
(58145,'Caprese Salad','Win fight program part light people question.',92),
(58531,'Ricotta stuffed Ravioli','Year despite account quality heart.',18),
(58726,'Tuna sashimi','Gas study image structure.',66),
(58881,'Chicken Fajitas','Modern hundred heavy operation gun month forward.',17),
(59158,'Philadelphia maki','Only memory head and partner.',31),
(59386,'Chilli con carne','Maintain company be bank indeed person ask because.',84),
(59567,'Pasta and Beans','Big recent sell study.',73),
(59810,'Linguine with clams','What friend indeed cost early against.',75),
(59981,'Caprese Salad','Camera activity standard someone.',25),
(60506,'Teriyaki Chicken donburi','Her cause collection rich quickly.',45),
(60754,'Ebiten maki','With hospital success actually carry rise.',9),
(60954,'Bruschette with Tomato','Itself sound business thing miss scientist.',85),
(61238,'Cheeseburger','Do hope everybody reach side.',17),
(61631,'Pasta and Beans','Low campaign easy design.',55),
(61775,'Caesar Salad','Shoulder meet instead conference modern.',84),
(61830,'California maki','President process billion rise approach.',7),
(62213,'Tuna sashimi','A doctor past once with enjoy young ground.',72),
(62444,'Pasta and Beans','Station tax go nice book.',24),
(62501,'Tuna sashimi','Glass market guy think discuss make.',40),
(63342,'Pizza','Provide good author east grow.',1),
(63624,'Fish and chips','Usually I state town forward interview.',50),
(63666,'Pappardelle alla Bolognese','Measure wait doctor.',63),
(63836,'Chicken milanese','Because scene report onto step.',50),
(63878,'Souvlaki','Knowledge commercial decide prevent.',81),
(64028,'Teriyaki Chicken donburi','Court crime together factor.',4),
(64219,'Tuna sashimi','Receive dream religious month young arm environmental.',44),
(64450,'Ricotta stuffed Ravioli','Quite collection soldier TV tough result.',32),
(64615,'French fries with sausages','Without those science pressure fish white five during.',50),
(64701,'Ebiten maki','Manage area deal play.',48),
(64703,'Souvlaki','Democratic travel order prepare evidence time church.',46),
(65296,'Tuna sashimi','Arrive including answer alone possible enjoy each government.',34),
(65512,'Pasta Carbonara','Investment would not door audience me.',88),
(65724,'Vegetable Soup','Sell add each marriage program difficult.',89),
(65928,'Chicken wings','Grow officer practice add technology spend talk.',54),
(65955,'Souvlaki','Instead piece me help action produce.',73),
(66300,'Fish and chips','Your our I similar.',57),
(66499,'Souvlaki','Able hot spring success north also open forget.',20),
(67250,'Mushroom Risotto','Military part treatment owner arm also one.',63),
(67654,'Pasta and Beans','Business court after act mind choose to draw.',88),
(67942,'Caesar Salad','Friend break eye happen report fact when floor.',71),
(68523,'Linguine with clams','Executive conference buy executive fight talk involve money.',39),
(68570,'Pasta Carbonara','Training toward when wear.',71),
(68857,'Pappardelle alla Bolognese','Home indeed feel impact own view power.',78),
(69030,'Salmon nigiri','Set talk worry imagine.',35),
(69422,'Pasta with Tomato and Basil','Open military commercial face.',65),
(69637,'Pork sausage roll','Contain consider collection fly put accept.',15),
(69786,'Tuna sashimi','Network century often treat every money significant probably.',10),
(69917,'Chicken milanese','Born event tree international human manager successful.',29),
(70018,'Chicken Fajitas','Front agreement discover over option.',94),
(70286,'French fries with sausages','Their consumer threat tell marriage.',7),
(70606,'Bruschette with Tomato','Brother or character responsibility great none economic.',23),
(70731,'Linguine with clams','Wind them close catch body fly.',20),
(70747,'Fettuccine Alfredo','Occur together conference interesting.',22),
(70800,'Caesar Salad','Style environmental sense plant short.',41),
(71182,'Pappardelle alla Bolognese','Yeah personal teach.',38),
(71622,'Barbecue Ribs','Begin someone guess less.',88),
(71849,'Katsu Curry','Off happen according adult reality camera another receive.',77),
(72055,'Cheeseburger','Score top eye happy administration.',17),
(72249,'Pasta with Tomato and Basil','Born produce degree type soon president he.',34),
(72567,'Fish and chips','Company apply despite stock Mr.',37),
(72706,'Ebiten maki','May road behind themselves measure.',48),
(72719,'Fish and chips','Challenge air allow finally sit.',3),
(72956,'Barbecue Ribs','Again nation send its education miss.',20),
(73783,'Pizza','Risk create parent all officer close unit have.',69),
(73905,'Mushroom Risotto','Item film data expert practice newspaper about.',86),
(73912,'Pasta with Tomato and Basil','Technology talk radio cultural too employee election.',95),
(73945,'Mushroom Risotto','Visit low state.',1),
(74007,'Pork belly buns','Benefit than southern play build citizen.',17),
(74497,'Souvlaki','Major direction expert safe money.',98),
(74899,'Chilli con carne','Stop police future wife according themselves.',69),
(75450,'Vegetable Soup','Decision exist job water piece.',74),
(75731,'Cheeseburger','Him itself impact thought human.',81),
(76112,'Pizza','Free practice send score station occur.',38),
(76246,'Chicken Fajitas','Kid model thought we person keep.',3),
(76364,'Caprese Salad','Media answer partner.',47),
(76461,'Katsu Curry','Girl task form its media improve affect.',2),
(76626,'Califlower penne','Shoulder see agreement campaign sea any story business.',95),
(76669,'Pizza','Place company mind part join occur least.',47),
(76717,'Pork belly buns','Performance interview policy majority.',65),
(76720,'Risotto with seafood','Doctor various eye especially scene difficult.',99),
(77280,'Bruschette with Tomato','Record research loss speech bill will can might.',0),
(77340,'Pappardelle alla Bolognese','Goal watch future of bed drop wall.',57),
(77583,'Fettuccine Alfredo','Every meet house.',80),
(77772,'Lasagne','Easy certainly since treat five give art example.',57),
(77935,'Souvlaki','Field safe today series.',33),
(77954,'Pork belly buns','Bit civil everything business picture property contain dream.',39),
(78298,'Barbecue Ribs','Hotel middle television.',2),
(78732,'Barbecue Ribs','Room especially thus easy benefit.',18),
(78775,'Tuna sashimi','Believe begin step carry finish world.',95),
(78958,'Pizza','Seek recent reduce candidate be.',47),
(79056,'Lasagne','Kind there western challenge increase.',56),
(79083,'Fish and chips','Mother I individual shake eight three popular.',69),
(79147,'Katsu Curry','Real energy example travel spring across.',26),
(79524,'Pasta Carbonara','Huge shoulder he.',31),
(79785,'Fettuccine Alfredo','Natural evidence pretty fill.',7),
(79948,'Vegetable Soup','Community certainly lose forget once at hard.',87),
(80002,'Bruschette with Tomato','Available issue power change compare say.',91),
(80015,'Bruschette with Tomato','Service relationship represent at prove ten per until.',86),
(80033,'Ricotta stuffed Ravioli','Hundred full election movie simply.',85),
(80062,'Pizza','Child eat this land stage.',43),
(80152,'Fish and chips','Arm current along defense training standard.',2),
(80240,'Scotch eggs','Everybody store much skin.',45),
(80315,'California maki','Key be Mrs still trouble effect.',58),
(80382,'Bruschette with Tomato','Require group situation send school.',66),
(80462,'Pasta with Tomato and Basil','Edge have million meet produce any be area.',81),
(80537,'Chicken wings','Manager executive understand item health.',78),
(80940,'Teriyaki Chicken donburi','Goal own here effort at authority education.',83),
(81095,'Fish and chips','Figure throughout side student.',89),
(81272,'Fettuccine Alfredo','To time size society own Congress politics beat.',79),
(81389,'Pasta and Beans','Result man state son him.',37),
(81395,'Vegetable Soup','Deal fact allow light accept expert very.',72),
(81943,'Fettuccine Alfredo','If Republican smile girl president door.',97),
(82083,'Caprese Salad','Nor likely success effort significant campaign charge.',46),
(82149,'Tuna sashimi','Effort season hope mind.',18),
(82229,'Ricotta stuffed Ravioli','Why blood follow analysis.',79),
(82410,'Salmon nigiri','Half face official I turn.',92),
(82547,'Meatballs with sauce','Rest radio whole hard item best.',58),
(82700,'Chicken wings','Writer message produce finally.',57),
(82761,'Pasta Carbonara','Mission blood life.',2),
(82899,'Fish and chips','Material accept draw though alone west.',5),
(83070,'Vegetable Soup','Which product common control as his.',4),
(83077,'Souvlaki','Recent night station American drive.',43),
(83361,'Chilli con carne','Those your agree according huge morning least.',56),
(83461,'Califlower penne','War consider table.',49),
(83693,'Chicken Fajitas','Statement after each partner.',94),
(83718,'Pasta Carbonara','Bar main nor score sing actually alone.',53),
(83841,'Linguine with clams','Too off score simply marriage especially.',9),
(83950,'Philadelphia maki','Carry open another picture every recently animal people.',23),
(83989,'Pizza','Security mission main check know race quickly.',85),
(84054,'Pasta with Tomato and Basil','See true other clearly.',24),
(84117,'Pasta with Tomato and Basil','Mind never pattern court.',7),
(84179,'Scotch eggs','Test physical alone skin manager science response carry.',56),
(84280,'French fries with sausages','All everything western.',98),
(84389,'Lasagne','Old several sure force total.',52),
(84770,'Philadelphia maki','During him dark different get report bill by.',1),
(84838,'Pasta and Beans','Save world believe news notice decision.',49),
(85204,'Tuna sashimi','Cause produce west gun politics sound head.',90),
(85362,'Chilli con carne','Cut reach trip alone together.',53),
(85524,'Fettuccine Alfredo','General long read resource likely perform service.',27),
(85601,'Philadelphia maki','Body doctor red long employee determine successful.',98),
(86305,'Pappardelle alla Bolognese','Billion machine order avoid behind wrong song seat.',55),
(86446,'Fettuccine Alfredo','Throughout trial else address popular may.',18),
(86566,'Tuna sashimi','Forward value store approach he.',13),
(87290,'Meatballs with sauce','Another really test prove financial take.',79),
(87433,'Pasta with Tomato and Basil','Large cover miss trip.',40),
(87554,'Vegetable Soup','Speak look sport audience such out as long.',52),
(87616,'Califlower penne','Eye speak we evening.',31),
(87684,'Pork sausage roll','Beautiful where spend company less.',57),
(87775,'Meatballs with sauce','Cup act one make choose.',15),
(87934,'Caprese Salad','Back building important result usually career system nor.',62),
(88111,'Chicken milanese','Deal worry write operation go.',46),
(88305,'Chilli con carne','By drug able.',74),
(88665,'Teriyaki Chicken donburi','This whole mean present.',74),
(89212,'Pasta with Tomato and Basil','Economic research management wonder talk rest.',24),
(89469,'Salmon nigiri','Not TV want.',88),
(89502,'Tuna sashimi','Never defense score major health suddenly certainly whether.',27),
(89546,'Meatballs with sauce','Picture result green school.',6),
(89711,'Barbecue Ribs','Listen near toward.',57),
(89715,'Pasta Carbonara','Live Republican draw sister all perhaps education.',28),
(89817,'Califlower penne','Suffer education thing not machine kind as.',0),
(89919,'Souvlaki','Outside against himself news step arm office sign.',12),
(90093,'Barbecue Ribs','Air drop far.',87),
(90254,'Teriyaki Chicken donburi','Reason short popular develop his a road.',33),
(90352,'Bruschette with Tomato','Foot half street expect.',26),
(90824,'Scotch eggs','Enough or involve experience.',51),
(90912,'Caesar Salad','Cultural energy store wrong my question major town.',81),
(91093,'Cheeseburger','South under race after let.',38),
(91191,'Chicken Fajitas','Wonder letter sure trial.',81),
(91343,'Souvlaki','Become simply chair need financial.',25),
(91418,'Pork belly buns','Eye area successful sort.',61),
(91446,'Lasagne','Recently crime amount leader likely take edge.',68),
(91757,'Caprese Salad','Ok cause information yeah activity music.',77),
(91833,'Vegetable Soup','Law personal its space.',99),
(91854,'Chilli con carne','Thus I itself conference cup prepare start.',24),
(92283,'Pizza','Manager end continue save.',72),
(92452,'Pappardelle alla Bolognese','Address conference enough exactly deep power live.',63),
(92855,'Vegetable Soup','Long quite agreement others that if.',95),
(93267,'Chilli con carne','Indeed small continue fill.',14),
(93337,'Pasta Carbonara','Maintain season through behind.',12),
(93489,'Vegetable Soup','Capital management concern fish character country education.',19),
(93665,'Pappardelle alla Bolognese','Political environment accept reveal short.',84),
(94135,'Salmon nigiri','Although morning data less require support.',77),
(94439,'Risotto with seafood','Interest certain any where recognize trouble be house.',75),
(94558,'Risotto with seafood','Son bill trade carry between speak.',44),
(94596,'Katsu Curry','Only how between grow single fast.',37),
(94705,'Linguine with clams','Plant cover worry.',74),
(95435,'Pasta Carbonara','Focus night from when agency enjoy.',83),
(95459,'Chicken milanese','Material speak summer single idea agreement.',46),
(95489,'Caprese Salad','Raise example white go father discussion happy.',81),
(95549,'Fish and chips','Behind cup sit voice.',17),
(95701,'Pizza','Voice result our material local true.',15),
(95817,'Linguine with clams','Rich suddenly sister goal drop begin lot read.',40),
(95912,'Salmon nigiri','Store should would section Democrat.',15),
(96005,'Fettuccine Alfredo','Sport go attorney door go boy.',37),
(96258,'Califlower penne','Tell appear section modern approach on sometimes.',76),
(96322,'Lasagne','Worry practice strong fill.',73),
(96703,'Katsu Curry','Religious safe author your investment.',68),
(96869,'Ebiten maki','Control current room health.',54),
(96984,'Fettuccine Alfredo','Minute three guy owner year born upon price.',93),
(97423,'Teriyaki Chicken donburi','Fund section or start each no.',20),
(97505,'Scotch eggs','Hard vote quality everyone.',6),
(97772,'Chicken wings','Condition vote once public.',33),
(98763,'Lasagne','Couple garden cause glass can your.',47),
(98798,'Tuna sashimi','Everything arrive opportunity model society military.',96),
(99294,'Tuna sashimi','Six career throw possible around available.',13),
(99807,'Bruschette with Tomato','Sound forget machine feel old wall heart.',7),
(99934,'Barbecue Ribs','Friend provide gas.',86);
/*!40000 ALTER TABLE `product` ENABLE KEYS */;
UNLOCK TABLES;

--
-- Table structure for table `productingredient`
--

DROP TABLE IF EXISTS `productingredient`;
/*!40101 SET @saved_cs_client     = @@character_set_client */;
/*!40101 SET character_set_client = utf8 */;
CREATE TABLE `productingredient` (
  `productID` int(11) NOT NULL,
  `ingredientID` int(11) NOT NULL,
  `franchiseID` int(11) NOT NULL,
  PRIMARY KEY (`productID`,`ingredientID`,`franchiseID`),
  KEY `franchiseID` (`franchiseID`,`ingredientID`),
  CONSTRAINT `productingredient_ibfk_1` FOREIGN KEY (`productID`) REFERENCES `product` (`productID`),
  CONSTRAINT `productingredient_ibfk_2` FOREIGN KEY (`franchiseID`, `ingredientID`) REFERENCES `ingredient` (`franchiseID`, `ingredientID`)
) ENGINE=InnoDB DEFAULT CHARSET=latin1 COLLATE=latin1_swedish_ci;
/*!40101 SET character_set_client = @saved_cs_client */;

--
-- Dumping data for table `productingredient`
--

LOCK TABLES `productingredient` WRITE;
/*!40000 ALTER TABLE `productingredient` DISABLE KEYS */;
INSERT INTO `productingredient` VALUES
(525,95822,25629),
(597,5026,31717),
(772,87286,36049),
(883,13723,96979),
(943,69447,66718),
(992,91664,62067),
(1243,95969,72386),
(1555,75015,72741),
(1615,94954,51701),
(1766,78953,60208),
(1874,64456,77283),
(2294,49858,64488),
(2396,13005,20942),
(2444,39914,70528),
(2514,59562,46737),
(2778,12670,49614),
(3007,59220,32894),
(3211,16207,84076),
(3287,83951,8228),
(3435,23131,35392),
(3850,97099,81684),
(4806,53636,70441),
(4807,88112,63937),
(5220,48624,72757),
(5343,7229,60804),
(5591,1795,95060),
(5708,51114,96979),
(5976,65672,15941),
(6003,50914,94921),
(6346,50542,37487),
(6436,9192,71689),
(6516,60567,54333),
(6657,6804,25743),
(6712,28918,95689),
(7126,20467,7816),
(7219,96109,84129),
(7376,68923,53995),
(7424,7407,87583),
(7442,40057,88027),
(7465,39620,3920),
(7477,65371,75080),
(7652,85279,82544),
(7687,23044,85035),
(7738,24807,74856),
(7855,62011,20942),
(7880,17816,62067),
(8102,64153,39814),
(8288,13332,14332),
(8320,71944,62735),
(8574,59220,32894),
(8619,66109,6531),
(8830,70065,57864),
(9089,83877,46107),
(9178,80870,9150),
(9935,34186,82093),
(10080,16301,27849),
(10263,39081,63218),
(10482,1710,35819),
(10518,9392,16886),
(10580,93794,14155),
(10646,46918,82259),
(10660,13439,20010),
(10683,19363,64734),
(10687,63723,38129),
(11233,30892,48751),
(11418,71944,62735),
(11624,2170,29741),
(11876,6824,81768),
(11887,99236,12390),
(12009,94632,92839),
(12285,27593,62067),
(12836,50740,59902),
(13296,42689,59253),
(13972,98694,48551),
(14193,25787,79872),
(14274,47158,10284),
(14626,16924,25296),
(14646,95411,74413),
(14679,23131,35392),
(15034,13006,10284),
(15245,58806,42013),
(15262,8703,23355),
(15469,50249,77316),
(15960,46772,55255),
(16183,6804,25743),
(16265,17260,48927),
(16453,12336,41242),
(16698,77714,31325),
(16809,41760,99168),
(16857,82834,61425),
(17127,30023,68788),
(17553,46789,43858),
(17636,38030,95021),
(17774,77362,75080),
(18244,70992,39570),
(18411,91016,62018),
(19140,27593,62067),
(19226,56309,22902),
(19244,28943,31403),
(19340,70485,32170),
(19765,95241,35746),
(19788,53131,74755),
(19864,81223,78316),
(19890,70164,31539),
(19930,7229,60804),
(19993,62798,31316),
(20004,1361,5171),
(20157,64710,1289),
(20164,11307,3586),
(20296,27060,50984),
(20432,79009,62524),
(20702,88928,8475),
(20915,3629,76547),
(21021,5840,48636),
(21047,80606,22902),
(21209,8127,98123),
(21315,81223,78316),
(21595,81224,93498),
(21645,84384,46706),
(21696,16182,65637),
(21865,14245,42013),
(21907,12169,88027),
(21967,60832,36656),
(22049,489,63927),
(22294,39972,62656),
(22888,7256,44159),
(22928,4537,16706),
(23130,54247,4285),
(23661,56330,23412),
(23689,24807,74856),
(23742,97269,524),
(23854,30873,98315),
(23902,93474,46107),
(24146,60706,34525),
(24193,35976,39659),
(24726,35987,62735),
(24932,48618,52423),
(24951,41615,63062),
(25598,22342,404),
(25912,25789,16480),
(25982,42263,87531),
(26134,24572,70528),
(26161,52344,20759),
(26675,88928,8475),
(26744,66129,54333),
(27073,27146,75975),
(27397,29640,85380),
(27420,32413,62735),
(27650,39139,36049),
(27717,14432,66685),
(27758,66051,94131),
(28270,54290,524),
(28299,489,63927),
(28372,37632,88402),
(28429,43852,2755),
(28584,88527,59253),
(28856,99079,38646),
(28936,98343,89068),
(29122,20119,87287),
(29567,75610,78316),
(30379,61625,63062),
(30811,10117,59210),
(30826,12196,54912),
(30928,65420,83784),
(31150,6878,56573),
(31224,88614,31316),
(31443,57370,86111),
(31594,38274,55345),
(31707,58773,96429),
(31944,98674,39570),
(32077,23133,12061),
(32279,89155,32894),
(32964,46389,95060),
(33013,71769,36717),
(33265,93172,76870),
(33562,98059,82320),
(33931,28326,4285),
(34117,99318,32894),
(34267,28326,4285),
(34289,79745,3920),
(34666,58893,152),
(34687,64711,80923),
(34730,66356,33676),
(34989,64021,29533),
(35357,30499,46186),
(35808,26536,94209),
(35964,8630,78110),
(36298,80960,3004),
(36760,82834,61425),
(37962,70366,18586),
(38441,84519,97238),
(38539,32078,25100),
(38790,86877,65712),
(39022,96901,34502),
(39197,67085,68345),
(39211,62710,29533),
(39385,7408,85380),
(39566,91589,10839),
(39569,95069,96994),
(39616,23877,52423),
(39964,63103,5312),
(40293,96788,7743),
(40425,83877,46107),
(40772,69007,25100),
(40775,4716,87531),
(41474,99622,68495),
(41725,46789,43858),
(41844,64910,60804),
(41916,84111,33676),
(41937,46122,84931),
(42053,90483,34502),
(42598,78016,7662),
(42872,5669,24776),
(43158,72415,59253),
(43307,91664,62067),
(44165,86636,8457),
(44506,55752,31539),
(44727,31777,54243),
(45051,39333,50945),
(45377,29129,50266),
(45382,61182,41326),
(45580,12670,49614),
(46073,37762,39814),
(46180,62085,49434),
(46340,65028,12390),
(47360,86517,55979),
(47482,93551,74281),
(47924,31414,20256),
(48074,78953,60208),
(48362,62085,49434),
(48706,60866,81768),
(48766,59562,46737),
(49118,85813,30527),
(49351,33411,55345),
(50460,31285,71717),
(50758,25651,63584),
(51024,27810,99471),
(51045,30085,82259),
(51091,97138,83924),
(51168,36926,82773),
(51195,73272,3373),
(51426,37964,85465),
(51669,38637,25734),
(51881,77408,36267),
(51891,73377,11408),
(51963,4946,70441),
(52142,84486,20283),
(52189,24079,87531),
(52279,27810,99471),
(52286,60568,94976),
(52730,70065,57864),
(52939,67229,61820),
(53252,91272,88725),
(53319,69439,50755),
(53362,17260,48927),
(53628,99201,36717),
(53658,28537,72277),
(54148,52344,20759),
(54212,67230,79738),
(54229,23131,35392),
(54681,98343,89068),
(54866,16781,10284),
(54907,48359,92839),
(54962,58412,72937),
(55090,83749,18491),
(55099,6824,81768),
(55204,46918,82259),
(55692,54945,93416),
(55725,19593,32170),
(55762,78477,33555),
(55861,44559,30598),
(56121,98674,39570),
(56191,26701,39814),
(56219,82834,61425),
(56434,61580,85380),
(56511,16371,53467),
(57033,99201,36717),
(57123,92936,61820),
(57136,11890,42013),
(57206,7499,53442),
(57210,81455,57762),
(57586,4045,76398),
(57688,19207,5312),
(57822,60426,79738),
(57942,89271,58961),
(58086,54545,21780),
(58144,31414,20256),
(58145,48794,57652),
(58531,95820,99471),
(58726,10121,3004),
(58881,60040,88402),
(59158,46918,82259),
(59386,8353,72277),
(59567,82291,36076),
(59810,5669,24776),
(59981,5669,24776),
(60506,88112,63937),
(60754,42244,70104),
(60954,33120,98123),
(61238,60567,54333),
(61631,24281,71343),
(61775,55189,10284),
(61830,4019,62067),
(62213,40190,39659),
(62444,40019,76648),
(62501,24501,63927),
(63342,97099,81684),
(63624,89685,39659),
(63666,16341,82093),
(63836,65389,30154),
(63878,16301,27849),
(64028,9794,57296),
(64219,24281,71343),
(64450,97938,4285),
(64615,51122,81658),
(64701,50894,49434),
(64703,60657,8643),
(65296,84347,78110),
(65512,60840,1698),
(65724,98059,82320),
(65928,24651,56731),
(65955,27222,74182),
(66300,3121,94921),
(66499,8703,23355),
(67250,51583,99203),
(67654,79867,27832),
(67942,48359,92839),
(68523,79815,66412),
(68570,48624,72757),
(68857,68149,42075),
(69030,9447,59280),
(69422,31777,54243),
(69637,84751,27569),
(69786,62700,34707),
(69917,55410,55979),
(70018,64530,11660),
(70286,16371,53467),
(70606,23133,12061),
(70731,42394,84129),
(70747,62798,31316),
(70800,46389,95060),
(71182,44728,36267),
(71622,64237,26341),
(71849,420,49434),
(72055,21228,20354),
(72249,90944,74759),
(72567,22751,60804),
(72706,83749,18491),
(72719,70366,18586),
(72956,466,59902),
(73783,73272,3373),
(73905,67230,79738),
(73912,59409,34525),
(73945,46789,43858),
(74007,11933,23634),
(74497,30920,44584),
(74899,97097,28900),
(75450,61895,8643),
(75731,96607,3078),
(76112,22276,57296),
(76246,79867,27832),
(76364,6804,25743),
(76461,89685,39659),
(76626,32413,62735),
(76669,40556,96191),
(76717,82291,36076),
(76720,20601,69856),
(77280,16467,66176),
(77340,56994,59838),
(77583,24714,9215),
(77772,31206,2476),
(77935,10377,50610),
(77954,47106,91284),
(78298,28242,71633),
(78732,68250,48636),
(78775,17957,93075),
(78958,67256,84592),
(79056,83419,23022),
(79083,21856,32038),
(79147,44435,25629),
(79524,24281,71343),
(79785,77408,36267),
(79948,88704,9215),
(80002,58991,14155),
(80015,35587,49740),
(80033,50740,59902),
(80062,59291,78110),
(80152,64530,11660),
(80240,17963,18425),
(80315,30846,24763),
(80382,98203,94976),
(80462,99622,68495),
(80537,35789,83622),
(80940,39333,50945),
(81095,92179,4501),
(81272,25787,79872),
(81389,69007,25100),
(81395,1374,110),
(81943,75456,89068),
(82083,95853,77316),
(82149,84367,47709),
(82229,12413,96822),
(82410,45388,57762),
(82547,83877,46107),
(82700,42244,70104),
(82761,76216,26341),
(82899,71608,18491),
(83070,26701,39814),
(83077,10796,86441),
(83361,50894,49434),
(83461,64710,1289),
(83693,61625,63062),
(83718,37792,69856),
(83841,55450,91459),
(83950,59220,32894),
(83989,5791,24763),
(84054,24714,9215),
(84117,86094,71689),
(84179,94615,4239),
(84280,6514,38830),
(84389,20467,7816),
(84770,68505,80578),
(84838,22470,53467),
(85204,88704,9215),
(85362,76313,18425),
(85524,3121,94921),
(85601,57003,48751),
(86305,8388,8475),
(86446,39139,36049),
(86566,93052,98315),
(87290,17957,93075),
(87433,37964,85465),
(87554,89642,51608),
(87616,70140,45133),
(87684,30023,68788),
(87775,4882,5312),
(87934,1361,5171),
(88111,22734,62735),
(88305,88527,59253),
(88665,46418,41326),
(89212,28390,46284),
(89469,89134,28900),
(89502,65677,49823),
(89546,38274,55345),
(89711,64153,39814),
(89715,90279,87213),
(89817,62700,34707),
(89919,16924,25296),
(90093,4946,70441),
(90254,26128,27832),
(90352,84751,27569),
(90824,11933,23634),
(90912,16341,82093),
(91093,9064,95689),
(91191,90125,59210),
(91343,22718,99168),
(91418,66129,54333),
(91446,56001,58930),
(91757,79009,62524),
(91833,6057,8457),
(91854,98203,94976),
(92283,29747,31075),
(92452,59398,9202),
(92855,36846,57762),
(93267,38030,95021),
(93337,72464,55255),
(93489,57370,86111),
(93665,7407,87583),
(94135,83951,8228),
(94439,732,81768),
(94558,51633,46107),
(94596,79681,35819),
(94705,55450,91459),
(95435,29077,82093),
(95459,58732,67350),
(95489,8870,22268),
(95549,5467,40630),
(95701,50914,94921),
(95817,420,49434),
(95912,62011,20942),
(96005,4882,5312),
(96258,98616,20942),
(96322,93198,57052),
(96703,21370,92631),
(96869,16182,65637),
(96984,99651,96632),
(97423,74099,52180),
(97505,97138,83924),
(97772,40265,29533),
(98763,21317,24763),
(98798,65480,47709),
(99294,44590,42493),
(99807,14893,19636),
(99934,78342,4285);
/*!40000 ALTER TABLE `productingredient` ENABLE KEYS */;
UNLOCK TABLES;

--
-- Table structure for table `supplier`
--

DROP TABLE IF EXISTS `supplier`;
/*!40101 SET @saved_cs_client     = @@character_set_client */;
/*!40101 SET character_set_client = utf8 */;
CREATE TABLE `supplier` (
  `supplierID` int(11) NOT NULL,
  `firstname` varchar(255) DEFAULT NULL,
  `surname` varchar(255) DEFAULT NULL,
  `email` varchar(100) DEFAULT NULL,
  `street` varchar(100) DEFAULT NULL,
  `city` varchar(100) DEFAULT NULL,
  `province` varchar(100) DEFAULT NULL,
  PRIMARY KEY (`supplierID`)
) ENGINE=InnoDB DEFAULT CHARSET=latin1 COLLATE=latin1_swedish_ci;
/*!40101 SET character_set_client = @saved_cs_client */;

--
-- Dumping data for table `supplier`
--

LOCK TABLES `supplier` WRITE;
/*!40000 ALTER TABLE `supplier` DISABLE KEYS */;
INSERT INTO `supplier` VALUES
(69,'Ashley','Valenzuela','mconway@example.org','253 Rachel Stravenue Suite 603','New Sharon','Utah'),
(84,'Jennifer','Roberts','rriley@example.com','068 Booth Parkways','Ochoaberg','New York'),
(116,'Ronald','Welch','emeyer@example.com','691 Rios Islands','Port Chelseyshire','Texas'),
(166,'Daniel','Singh','tewing@example.net','4814 Scott Cove','Cooperport','Wyoming'),
(172,'Teresa','Gibson','anthonyjames@example.com','173 Lloyd Forks','West Heatherfort','Colorado'),
(226,'Michelle','Scott','garciaeric@example.net','335 Gregory Vista','East Sandyville','Texas'),
(474,'Brenda','Ortiz','justinglover@example.com','04753 Jeremy Fields','South David','Wisconsin'),
(511,'Paul','Sherman','bdixon@example.com','565 Brenda Run Suite 685','Garnerfort','Maine'),
(628,'Kevin','Spence','simpsonjoe@example.com','4354 Guerrero Crossing Suite 450','South Sarah','Vermont'),
(748,'Katherine','Robinson','parkertheresa@example.org','950 Wolf Village','Angelaport','Massachusetts'),
(812,'Lee','Wilson','fischerscott@example.org','9377 Garcia Curve','Langmouth','New Jersey'),
(1167,'James','Stone','heathershea@example.com','6627 Juan Fork','East Paula','North Carolina'),
(1475,'Peter','Atkins','ericmiller@example.com','688 Carrillo Vista Apt. 442','East Amandastad','North Carolina'),
(1621,'Charles','Long','aaronbennett@example.net','5914 Martin Roads','Wilsonfort','Wyoming'),
(1858,'Michael','Lewis','michael01@example.org','49486 Harrison Courts Apt. 028','Alexandershire','North Dakota'),
(1872,'Mary','Mcdaniel','emily26@example.com','2545 Gibson Island Apt. 959','East Angelahaven','Connecticut'),
(2053,'Daniel','Mccoy','jenningssteven@example.com','91377 Holmes Ways','Clarencefort','Idaho'),
(2250,'Patrick','Smith','peter98@example.org','2375 Patrick Glen Suite 381','Velasquezside','Kansas'),
(2357,'Lindsey','Smith','kennedyalicia@example.net','460 Michael Ways','Bryanburgh','Texas'),
(3016,'Katherine','Jefferson','bnelson@example.com','00850 Holland Keys Apt. 072','Katherineside','Tennessee'),
(3023,'Donna','Brooks','andrew63@example.com','7299 James Village Suite 574','Morrisstad','Minnesota'),
(3120,'John','Li','sophiawebb@example.net','3287 Ashley Islands Suite 735','North Veronicaside','North Dakota'),
(3241,'Eddie','Frazier','rachel13@example.org','90347 Elijah Port Suite 482','Haleshire','Rhode Island'),
(3372,'Bobby','Garcia','calvin25@example.org','582 Juarez Ridge','South Elizabethside','Kentucky'),
(3409,'John','Woods','monteskevin@example.org','31221 Nancy Land Apt. 711','South Billyview','Oregon'),
(3506,'Kyle','Morgan','pgrant@example.org','579 Lauren Flat Apt. 425','South Travisberg','Indiana'),
(3677,'Sherry','Evans','jenna72@example.com','41134 Marvin Dam Apt. 768','East Taylor','California'),
(3766,'Timothy','Brown','noahwatson@example.net','9588 Anderson Land','North Michaelland','Virginia'),
(3789,'Amanda','Munoz','imann@example.org','53608 Johnson Mountain','Pattonhaven','Illinois'),
(4130,'Lisa','Lane','danielkimberly@example.net','3962 Mcguire Spur','West Kellymouth','Idaho'),
(4874,'Courtney','Bradley','justintapia@example.net','75759 Sandy Lock','Jessicamouth','Alabama'),
(4969,'Mark','Simpson','mdean@example.com','85949 Myers Trail','Gentryburgh','Kansas'),
(5575,'Ana','Santos','fmcclain@example.net','215 Shelby Mount Suite 223','Leebury','Oklahoma'),
(5852,'Michael','Benson','adam46@example.com','9400 Odom Wall','Rothmouth','Florida'),
(5907,'Jesse','Mann','xcaldwell@example.com','6395 Jennifer Keys','Coreyton','Hawaii'),
(6108,'Adam','Garcia','lawsonmary@example.com','19067 Dustin Prairie','Alvaradoport','Rhode Island'),
(6133,'Deborah','Johnson','webbmariah@example.com','49223 Kyle Valley Apt. 438','South Jenniferborough','Oregon'),
(6526,'Marvin','Anderson','david97@example.org','9375 Lawson View','North Matthew','New Jersey'),
(6582,'Rachel','Austin','shawnbaker@example.net','502 Stacy Track Apt. 478','Lake Vincent','New Mexico'),
(6701,'Roger','Mccarthy','danielkramer@example.net','014 Jaime Rest Apt. 667','East Anneburgh','West Virginia'),
(6703,'Roger','Rhodes','nancy06@example.com','049 Luis Road','Noahland','Virginia'),
(6801,'Sara','Reeves','mary31@example.org','1221 Angela Walks Apt. 765','East James','Michigan'),
(7133,'Catherine','White','daltonmichele@example.org','4531 Kevin Via','South Ericbury','Georgia'),
(7236,'Michael','Abbott','kennethowen@example.net','5157 Shannon Squares Suite 485','Port Allison','West Virginia'),
(7574,'Andrea','White','lynnbutler@example.net','806 Jeremiah Ford','Johnsonview','New York'),
(7948,'Stephanie','Turner','bowmanmiranda@example.net','195 Lowery Wells Apt. 668','South Heather','South Carolina'),
(7979,'Erin','Ruiz','susan17@example.com','479 Bell Mill','Andersonmouth','West Virginia'),
(8412,'Pamela','Taylor','uramos@example.com','6581 Sean Trail','Farrellburgh','Wyoming'),
(8455,'Wanda','Mcknight','charlene47@example.com','608 Shannon Brooks','Port Krystalstad','Iowa'),
(8663,'Tamara','Lynch','toddjones@example.org','160 John Flat Apt. 416','Keithland','Washington'),
(8843,'Michelle','Davis','diazmelissa@example.com','666 Huffman River Suite 133','Harrischester','New Mexico'),
(9302,'Ryan','Rollins','kimberly27@example.net','11869 Diane Track','Lake Meganchester','Florida'),
(9437,'Donna','Hernandez','lspencer@example.org','8587 Hunter Landing','East Christina','Delaware'),
(9515,'Clayton','Stone','hunter65@example.com','3478 Martha Forge','Douglashaven','Washington'),
(9670,'Devon','Lee','glenn32@example.net','13792 Young Grove','North Autumnhaven','Kansas'),
(9775,'James','Alvarado','rowelaura@example.org','69305 Fleming Pike Apt. 754','East Jenniferville','Alabama'),
(10025,'Richard','Price','david49@example.com','33393 Melinda Club','Kristahaven','Maine'),
(10083,'Gregory','Leon','fergusonjacob@example.com','11226 Cook Circles','Robertside','West Virginia'),
(10931,'Robert','Massey','ypalmer@example.net','276 Nash Rapid','Port John','Mississippi'),
(11243,'Tonya','Rose','ortizrobert@example.net','84223 Martin Center Suite 898','Blacktown','Rhode Island'),
(11564,'Veronica','Carr','williamsrichard@example.org','623 Oliver Mills','North Jennifer','New York'),
(11797,'Ryan','Garcia','urojas@example.org','3835 Jeremy Prairie','North Dawnberg','West Virginia'),
(12129,'Susan','Carroll','slopez@example.net','705 Bass Green','Port John','Louisiana'),
(12267,'Mercedes','Hill','fperez@example.org','4970 Jackson Avenue','East Taraborough','Maryland'),
(12272,'Joshua','Dyer','ijohnson@example.org','4341 Hernandez Wall','Mackenzietown','Maine'),
(12448,'Marisa','Parks','yhunt@example.org','596 Heidi Locks Suite 046','Christophermouth','Nevada'),
(12524,'Sherry','Johnson','hickmanronald@example.net','715 Schroeder Park','Bradleyland','Arizona'),
(12608,'Cheryl','Hutchinson','vanderson@example.org','991 Woodard Union','Charlesland','Colorado'),
(13024,'Anna','Sharp','rskinner@example.net','791 Christine Harbor Suite 675','Wyattmouth','North Dakota'),
(13145,'Christy','Lane','manningbrian@example.net','5398 Sheppard Common Apt. 280','Michellestad','Georgia'),
(13673,'Paul','Beltran','natalie56@example.com','909 Swanson Causeway Suite 532','North Justin','South Carolina'),
(13705,'Glenn','Merritt','christopher13@example.net','2549 Spencer Mountain','Wrightton','Arizona'),
(13752,'Sara','Jones','mthompson@example.net','4336 Kyle Valleys Apt. 511','East Anthony','Georgia'),
(14423,'Mary','Taylor','taylor56@example.org','245 Benjamin Summit Suite 460','Katieport','Florida'),
(14573,'Michael','Mcfarland','simpsonallison@example.org','2698 Tina Trace','Aliciafort','Rhode Island'),
(15120,'Teresa','Wagner','anita77@example.com','330 Lauren Stream','Lake Maria','New Hampshire'),
(15430,'Teresa','Baker','patricksheppard@example.net','9065 Davis Radial','Port Linda','South Dakota'),
(15484,'Yvette','Graves','jerrywilliams@example.org','41859 Estrada Land Apt. 532','Lake Michael','Maryland'),
(15541,'Meghan','Torres','gregoryfuller@example.org','63043 Lori Pike','Michaelchester','Maryland'),
(15691,'Mark','Harris','jessica96@example.org','1295 Johnson Crossing Suite 620','Davidville','Colorado'),
(15705,'Julia','Sloan','scottbarron@example.net','69925 Tiffany Lodge','Waterschester','Arizona'),
(15789,'Jennifer','Black','elizabeth77@example.org','596 Williams Village Apt. 576','Kristiburgh','Kentucky'),
(15978,'James','Perez','jeremy77@example.org','684 Lisa Dam Suite 449','New Jonathan','Kansas'),
(15998,'Deborah','Johnson','anthonyespinoza@example.net','6196 Renee Stravenue','North Omar','Pennsylvania'),
(16009,'Douglas','Henry','richard93@example.com','50295 Sweeney Hills Apt. 437','Jasonmouth','Vermont'),
(16074,'Laurie','King','kristine06@example.com','147 Mendoza Spur','Laurieside','Michigan'),
(16181,'Samantha','Martinez','victoria40@example.com','00039 Fritz Stravenue','Jonesborough','Georgia'),
(16575,'Luke','Ford','rebecca89@example.org','088 Ariana Trail','Erinmouth','Tennessee'),
(16908,'Kayla','Morgan','caroline05@example.net','773 Davis Flat Apt. 553','Mandyside','California'),
(17066,'Jason','Gallagher','kelseyrichards@example.net','4379 Samantha Drive','Petersonborough','Massachusetts'),
(17763,'Jeffrey','Mora','novakjames@example.com','420 Daniel Field','Port Morgan','North Dakota'),
(18861,'Bryan','Kennedy','escott@example.net','953 Garza Coves Apt. 620','Blacktown','South Carolina'),
(19114,'Margaret','Bell','dyates@example.net','6541 Ford Plaza Suite 386','West Tanyashire','Iowa'),
(19608,'David','Obrien','rebeccamontgomery@example.com','8248 Jason Via','East Melissa','Arizona'),
(19680,'Paige','Mcneil','stevenchambers@example.net','6515 Curtis Streets Apt. 317','Lake Nicole','Illinois'),
(19784,'Christopher','Hansen','johnsonpatricia@example.org','66125 Adam Course Apt. 186','North Kristin','Texas'),
(19815,'Tommy','Stewart','rodneyali@example.net','4692 Craig Drive','North Jessica','California'),
(19956,'Troy','Rollins','carrie77@example.com','22204 Brown Avenue Suite 754','West Vanessaside','New Hampshire'),
(20032,'Laura','Adams','beckaustin@example.net','33960 Wang Causeway','East Amanda','Idaho'),
(20194,'Brandy','Palmer','stephenroberts@example.com','35907 Sarah Junctions','Watsonstad','Florida'),
(20222,'Joseph','Larsen','erikaschroeder@example.com','937 Cheryl Glen','Stefanieberg','Alabama'),
(20445,'Glenn','Young','martinezamber@example.com','69275 Peterson Lodge','Anitaberg','Kentucky'),
(20491,'Joshua','Mullins','benjamin41@example.net','357 Guerra Squares','North Jacobborough','Wisconsin'),
(20570,'Leon','Mccall','johnstonjuan@example.org','51006 Alvin Extension','South Rebecca','Nevada'),
(20908,'Bryan','Browning','tammy62@example.com','44417 Kathryn Glens Apt. 193','East Jenniferhaven','Wisconsin'),
(21114,'Robert','Bowen','donald17@example.com','835 Hanson Ridges Apt. 271','Williamstad','Massachusetts'),
(21123,'Julie','Irwin','nguyenjesse@example.org','31005 Laurie Fall','East Brian','Montana'),
(21167,'Stacey','Allison','christopherrobinson@example.org','10770 Lucas Port Suite 634','North Robert','Texas'),
(21241,'Matthew','Mcmillan','ymeyer@example.net','05259 Collins Forges Apt. 366','Brandonfort','New Mexico'),
(21262,'Carolyn','Davis','smithwilliam@example.org','24073 Robinson Plains Suite 339','Powellborough','Alaska'),
(21354,'William','Rhodes','powellandrea@example.com','830 Francis Summit Suite 000','Anthonyhaven','West Virginia'),
(21623,'Tara','Burke','mccormickchristopher@example.org','83412 Lindsey Flat Suite 461','New Lindafort','Nevada'),
(22278,'Jerry','Turner','emeyers@example.com','5708 Fox Fords','New Preston','Connecticut'),
(22299,'Laura','Frazier','rogerbullock@example.com','82016 Kelsey Crest Apt. 401','Amandabury','Tennessee'),
(22358,'Dan','Morris','kmitchell@example.org','0640 Steven Brook','New Tony','Arizona'),
(22477,'Vincent','Reed','ktownsend@example.com','03981 Martinez Ramp Suite 370','South Julie','Texas'),
(22543,'Elizabeth','Jordan','jrios@example.net','277 Paul Falls Suite 535','Butlerbury','Minnesota'),
(22783,'John','Simpson','tammy28@example.org','1315 Reed Points Apt. 442','Gomezland','Missouri'),
(22873,'Arthur','Patton','justin75@example.com','47421 Stacey Oval','Lake Brendamouth','New Mexico'),
(23112,'Brandon','Parsons','matthewskristen@example.net','101 Lucas Circles Apt. 413','Collinsborough','Nevada'),
(23698,'Angela','Chapman','nicolemartinez@example.net','1814 Henry Lake','West Jesseport','Vermont'),
(23855,'Amanda','Murphy','cbartlett@example.org','685 Brooke Radial','Jasonview','Delaware'),
(23975,'Ellen','Mendoza','lisapage@example.net','693 Johnson Spring Suite 455','East Danachester','Montana'),
(24027,'William','Conrad','leahmiller@example.com','04601 Sara Rest Suite 085','North Lauren','Wisconsin'),
(24210,'Rachel','Mcdonald','caitlin58@example.com','3354 Contreras Way','North Christopher','Kentucky'),
(24587,'Brian','Scott','lchavez@example.com','3312 Charles Passage','Ramirezmouth','Virginia'),
(24621,'Darrell','Snow','poneill@example.net','000 Patricia Spring','Peggyton','Wyoming'),
(25119,'Sandra','Rodriguez','ocosta@example.com','690 Davis Street Apt. 719','West Leslie','Minnesota'),
(25339,'Jennifer','Rodriguez','shieldsdaniel@example.net','3732 Karen Expressway','Cynthiatown','Massachusetts'),
(25451,'Matthew','Phillips','johnyates@example.org','050 Brandy Centers','Randymouth','South Carolina'),
(25979,'Angela','Johnson','eduardoroberson@example.net','7033 Ellen Gardens','Ariasmouth','Washington'),
(26621,'Jason','Garrison','kevin19@example.org','6467 Harrison Corners Suite 783','Steinside','South Carolina'),
(26741,'Dylan','Brown','bradleycross@example.net','5580 Salas Harbor Suite 621','South Steven','Tennessee'),
(27028,'Johnny','Vaughn','joseph53@example.com','008 Jacob Divide Suite 735','Santosbury','South Dakota'),
(27296,'Erin','Lopez','michael62@example.net','7921 Shelton Court','West Taraside','Pennsylvania'),
(27987,'Jared','Gonzales','huertaerica@example.net','7338 Patel Via Suite 619','Bairdshire','Delaware'),
(28341,'Rebecca','French','sophia18@example.com','336 Tammy Canyon','Sandrastad','Minnesota'),
(28580,'Mark','Martin','mossrussell@example.com','8971 Benitez Extension Apt. 772','East Sharonstad','Oregon'),
(29328,'Rebecca','Santos','josephlambert@example.com','4382 Sanchez Drive Suite 468','New Debra','Delaware'),
(29387,'Karina','Stewart','linda85@example.org','8743 Alan Stream','Petersonside','Idaho'),
(30053,'Julia','Wilson','hbecker@example.com','86740 Natalie Prairie','Lake Abigailville','Missouri'),
(30072,'Audrey','Gould','shannondavis@example.net','22939 Bryan Lock','Smithshire','Kentucky'),
(30222,'Lauren','Patterson','nparker@example.net','39269 Arthur Manor','South Amy','Minnesota'),
(30241,'Mark','Sweeney','christopher94@example.org','6598 Sean Lane Apt. 118','Nelsonchester','Pennsylvania'),
(31011,'Nathan','Mccormick','jerryharrison@example.net','08344 Brown Forges Apt. 929','North Chelsea','Nevada'),
(31097,'Chad','May','abrooks@example.com','922 Sarah Crossroad Suite 484','South Alison','Mississippi'),
(31417,'Courtney','Salazar','ualvarado@example.com','4670 Hughes Route','Murphyview','Alaska'),
(31535,'Amber','Singleton','robinmartin@example.org','20562 Danielle Extension','Salazarhaven','Arizona'),
(31613,'Mario','Glover','phillip89@example.net','2993 Leslie Island','Vanessaborough','Arizona'),
(32039,'Rachel','Ball','michellehicks@example.com','48645 Hill Cliffs Apt. 923','Gibbschester','Pennsylvania'),
(32281,'Joshua','Hernandez','rangelkaren@example.net','948 Morris Port Suite 726','North Timothyberg','North Carolina'),
(32371,'Jessica','Carroll','xjones@example.org','739 Lynn Grove','Brownview','Iowa'),
(32532,'Luke','Ferguson','john88@example.org','64302 Parker Harbor','Smithchester','Mississippi'),
(32900,'Dawn','Kidd','hodgesjessica@example.net','348 Angela Prairie','Evansmouth','North Carolina'),
(33261,'Brandon','Burns','jacobgriffith@example.net','6348 Debra Island Apt. 947','Shannonmouth','Colorado'),
(33342,'Amber','Bernard','alexanderlester@example.org','997 Thomas Place','New Christopherville','Minnesota'),
(33406,'Donald','Cooper','leemartinez@example.org','5029 Mcfarland Greens','Edwardchester','Minnesota'),
(33616,'Michael','Orr','jessicasimon@example.com','62477 Amanda Square','West Robert','California'),
(33894,'Howard','Haney','hgarrett@example.org','94047 Whitaker Views','Joycemouth','Nevada'),
(33907,'Destiny','Duarte','xoconnor@example.org','540 Michael Course','East Carlton','Arizona'),
(33921,'Janet','Jensen','danabooth@example.com','46477 Ruiz Forks Suite 790','Port Michael','Wyoming'),
(33948,'Kenneth','Edwards','michael57@example.org','5140 Brandon Drive','South Kennethmouth','Iowa'),
(34243,'Ricky','Price','courtneyperkins@example.net','67991 Greene Passage Suite 558','New Sergio','Maryland'),
(34474,'Christopher','Walter','sonia37@example.org','849 Williams Crescent','Whiteland','Wyoming'),
(34565,'Elizabeth','Ellis','wallacelauren@example.net','4583 Kenneth Courts Suite 854','Palmerfort','Minnesota'),
(34680,'Barbara','Collins','smithmelissa@example.com','8586 Best Summit','North Andrea','Wisconsin'),
(35042,'Alexis','Peters','bettygutierrez@example.org','7672 Miller Island Suite 916','South Samanthabury','Nevada'),
(35068,'Miguel','Williams','gonzalesjudy@example.net','0954 Sanders Squares Apt. 632','West Wendyland','Tennessee'),
(35144,'Matthew','Knox','herreradennis@example.net','25604 Moody Drives Apt. 887','South Gregory','Wyoming'),
(35604,'Joseph','Duncan','sthompson@example.com','99002 Steven Ranch Suite 992','New Amanda','Kentucky'),
(35674,'Wendy','Clay','bennettlisa@example.net','97295 Jackson Shore','Moralesfort','Montana'),
(35733,'David','Henderson','hopkinsrachel@example.com','10784 Elizabeth Knolls','Mooremouth','Ohio'),
(35937,'Ian','Sanchez','xsmith@example.net','9545 Mcbride Harbors','South Victorport','New Mexico'),
(36016,'Nicole','Zimmerman','hfleming@example.org','121 Matthew Trail','Monicaport','Louisiana'),
(36040,'Chloe','Johnson','barnescarolyn@example.org','37503 Lopez Branch Apt. 683','Pearsonville','Pennsylvania'),
(36705,'James','Thompson','esparzajessica@example.net','021 Aaron Pike Suite 634','West Jenniferchester','Connecticut'),
(36911,'Devon','Hart','millerrichard@example.org','7087 Kramer Place','Townsendchester','Ohio'),
(37091,'Christopher','Bray','crystalabbott@example.net','73677 Morales Parkways','Ortegahaven','Idaho'),
(37528,'Jose','Lewis','emilybutler@example.org','25315 Derek Flats','Port Nicoleborough','Indiana'),
(37667,'Martha','Rojas','rthomas@example.org','4464 Justin Village Suite 519','Patrickburgh','North Carolina'),
(37887,'Lauren','Estrada','emontgomery@example.com','981 Clark Lodge','Rogersview','Oregon'),
(38036,'Michael','Clark','acardenas@example.org','57172 James Crossroad','New Pamelaview','North Dakota'),
(38037,'Brittany','Daniel','leesanders@example.com','42147 Perez Creek','Nolanmouth','New Jersey'),
(38071,'Lance','Woodward','carrie39@example.org','01021 Long Lane Suite 552','Griffinland','Arizona'),
(38415,'Justin','Santana','henrylee@example.org','909 Joseph Villages','North Elizabeth','Maine'),
(38498,'Katie','Lewis','hoffmanscott@example.org','508 Joseph Junction Apt. 346','Bradleyland','Iowa'),
(38526,'Michelle','Jacobson','shortjennifer@example.com','254 Ortiz Inlet Suite 986','Lake Nicholas','Colorado'),
(38798,'Jacob','Elliott','shawnatalie@example.com','502 Reginald Plaza','North Gabriel','North Dakota'),
(38961,'Tara','Bailey','zcarlson@example.com','376 Anderson Green','South Michaelstad','Iowa'),
(39049,'David','King','vincentvasquez@example.com','287 Mary Oval','East Jillport','New York'),
(39094,'Andrew','Phillips','tsingh@example.com','334 Young Bypass Apt. 914','Port Edward','Florida'),
(39656,'Nathan','Green','lindsay52@example.com','40733 Sutton Loaf','Rodrigueztown','Indiana'),
(39786,'Gerald','Garcia','anthony32@example.com','04108 Jennifer Rapid Suite 748','Nicolashaven','Texas'),
(40268,'Michael','Kim','laura43@example.net','72127 Wright Springs','New Joshua','Kentucky'),
(40286,'Emily','Andrade','jwilliams@example.com','12120 Hoover Stream Suite 247','West Charlesbury','Wyoming'),
(40344,'Manuel','Mack','michelle80@example.org','70724 Diane Wall Apt. 314','Rubiobury','Kansas'),
(40374,'Sean','Lynch','nandrews@example.org','598 Robbins Ford','Taylorborough','Michigan'),
(40379,'Matthew','Johnson','oroberson@example.com','14505 Carroll Drive','North Linda','North Dakota'),
(40394,'Tracy','Young','mariaowens@example.net','501 Paul Passage','New Katherine','Maryland'),
(40574,'Justin','Salazar','steven92@example.net','6626 Gonzales Ramp Suite 178','Zamoraland','Rhode Island'),
(40989,'Clayton','Clark','amy55@example.com','6086 Jones Curve','Port Timton','Illinois'),
(41236,'Melissa','Thornton','qtownsend@example.org','84240 Cole Route','Shepherdland','Washington'),
(41258,'Wesley','Floyd','kristenlarson@example.com','5506 Mcdowell Points','Leblancstad','North Dakota'),
(41591,'Tommy','Andrews','campbelldavid@example.net','610 Carly Trail Suite 340','Morganberg','Alaska'),
(41662,'Jessica','Salinas','hayeskimberly@example.net','5377 Christina Valley','Port Brianstad','New Mexico'),
(41858,'Courtney','Copeland','beththompson@example.org','84976 Melissa Mountain Suite 465','Port Traciebury','North Carolina'),
(41902,'Tyler','Sanders','fwilliams@example.org','46127 Estrada Mountain','Collierfort','Kentucky'),
(41947,'Heather','Cook','matthew94@example.com','12088 Cole Hill Apt. 566','Petersonberg','West Virginia'),
(42010,'Nancy','Wilson','jeffrey26@example.com','78879 Williams Common Suite 769','Evanfort','Texas'),
(42157,'Mary','Patel','heather04@example.net','999 Gomez Squares Apt. 991','Rodriguezland','Rhode Island'),
(42374,'Christian','Smith','wallacelisa@example.org','75283 Cox Terrace','Port Nicholasstad','South Dakota'),
(42643,'Dwayne','Miller','charles53@example.org','63583 Thompson Road Suite 439','West Tina','Alabama'),
(43022,'Christine','Gomez','trujilloelizabeth@example.net','47701 Shannon Greens Apt. 681','South Marymouth','North Dakota'),
(43149,'Nicholas','Gonzalez','ujames@example.com','4241 Barnett Loop','Lake Richard','Colorado'),
(43150,'Theresa','Duncan','hayespaul@example.org','9978 Becker Turnpike Suite 558','East Williamville','Alabama'),
(43283,'Michael','Crawford','joebird@example.com','113 Elizabeth Crossroad Apt. 969','New Andrewview','Montana'),
(43322,'Jake','Johnson','joshua16@example.com','74368 John Green Apt. 166','Greenechester','Oklahoma'),
(43637,'David','Smith','hbishop@example.net','64588 Vicki Rapids','Port Katherineton','Connecticut'),
(43784,'Amber','Frank','michele64@example.net','107 Sheila Mountains','Saraton','Hawaii'),
(43913,'Kimberly','Robinson','rosecarl@example.org','97312 Chavez Radial Apt. 336','Heatherburgh','Iowa'),
(44294,'Paula','Williams','mcbridekelli@example.net','610 Ross Glen','East Louismouth','Colorado'),
(44773,'Jay','Nelson','wmullins@example.com','372 Cook Forks Apt. 757','West Anthony','Arkansas'),
(44781,'Alexis','Reyes','fitzpatrickmichelle@example.net','26816 Brandt Spurs Apt. 189','North Kristina','Oregon'),
(45303,'Linda','Perez','tammy51@example.net','3264 Jennifer Canyon','Ruizfurt','New York'),
(45402,'Timothy','Stokes','valenzuelaallison@example.org','315 Walter Forks Suite 740','Rivasstad','Ohio'),
(45960,'Shannon','Ibarra','randy97@example.org','314 Rios Stream','South Laura','Nebraska'),
(46739,'Jesus','Hill','davidmoore@example.net','068 Hicks Grove','Davisstad','Connecticut'),
(47029,'Cynthia','Spencer','connorharris@example.net','988 Justin Ville Apt. 987','Thompsonland','Oklahoma'),
(47091,'Crystal','Chapman','halldaniel@example.com','1263 Tiffany Harbor','New Williamhaven','Arkansas'),
(47506,'Joy','Barton','zgarcia@example.net','97849 Holmes Lodge Suite 513','South Earlhaven','Oklahoma'),
(47549,'David','Rodriguez','hansenmatthew@example.net','495 Haynes Hill','West Cameronville','Kentucky'),
(47626,'Scott','Brown','clarkryan@example.net','8066 White Court Apt. 318','West Ashleyport','North Dakota'),
(47647,'Timothy','Moss','mccallpatricia@example.org','51184 Jennifer Squares Apt. 157','Lake Dakota','Georgia'),
(47687,'Shelly','Silva','duranshirley@example.org','6811 Orozco Squares Suite 678','Johnport','Iowa'),
(47890,'Barbara','Decker','myersvictoria@example.net','552 Soto Heights Suite 868','North Kevinfort','Missouri'),
(48224,'Elizabeth','Hall','paul77@example.net','919 Carol Walk Suite 761','Contrerasside','Colorado'),
(48475,'Patricia','Willis','peterhancock@example.org','0948 Candice Lakes','Myersview','Mississippi'),
(48994,'David','Young','scummings@example.com','6612 George Streets Apt. 203','New Amandachester','West Virginia'),
(49079,'Frank','Anderson','johnsonamanda@example.com','4248 Eric Tunnel','South Kimberlyton','North Carolina'),
(49509,'Brianna','Smith','twalker@example.org','26464 Hancock Forks','North Deanhaven','Michigan'),
(49894,'Manuel','Morrison','joneskristin@example.net','688 Mcguire Valleys Suite 906','Julianhaven','New York'),
(50397,'Jeanette','Ferguson','lauren62@example.org','926 Cook Shore','Robertborough','Texas'),
(50537,'Karen','Barnes','hernandezphillip@example.org','4693 Ramirez Groves','West Kaylamouth','North Dakota'),
(50690,'Emily','Allen','jonesallen@example.com','23640 Burgess Village Apt. 728','Sandraton','Utah'),
(50781,'Brian','Whitaker','mark89@example.net','0346 David Walk Apt. 648','Justinstad','Indiana'),
(51052,'Katie','Molina','osbornscott@example.org','729 Lawson Drive','South Chloe','Georgia'),
(51149,'William','Cooper','nicolemiller@example.com','3344 Eric Knoll Suite 183','Port Antonio','Massachusetts'),
(51220,'Patricia','Ramirez','bushashlee@example.net','8096 Wilson Junctions Suite 395','North Gregory','Texas'),
(51383,'Joyce','Johnson','pattonandrew@example.com','87858 Smith Springs','Ochoafort','South Carolina'),
(51524,'Patrick','Cabrera','harrispeter@example.org','34310 Hill Burgs Apt. 243','Carolynshire','Vermont'),
(52600,'Steven','Anderson','susan00@example.org','53242 Freeman Skyway','Port Georgeville','Vermont'),
(52926,'Jessica','Bird','jacquelinejohns@example.org','89232 Jones Mount Suite 148','South Tracyfort','Wyoming'),
(53438,'Kristie','Fletcher','caitlin07@example.com','599 Olson River Suite 202','Sandrahaven','Kentucky'),
(53556,'Albert','Valenzuela','scottdavidson@example.net','7185 Amber Land','Timothyside','Colorado'),
(53586,'Paul','Evans','smithnancy@example.net','29800 Kathy Ferry','North Steve','New Hampshire'),
(53638,'Amber','Finley','bsloan@example.net','0662 Richardson Manors Suite 131','Christinachester','Pennsylvania'),
(53758,'Anna','Jones','lindsay83@example.org','64305 Lindsey Dale','Rodriguezfort','Nebraska'),
(54076,'Lucas','Werner','doughertyashley@example.net','94842 Kenneth Glens Apt. 145','Lisachester','Minnesota'),
(54136,'Keith','Miller','paige19@example.com','56403 Adam Wells','Lake Gabrielle','Indiana'),
(54521,'Sandra','Estrada','marthareed@example.org','48209 Larry Prairie','Saraburgh','Wisconsin'),
(54663,'Robert','Rodriguez','michael69@example.com','97121 Hernandez Extensions Apt. 106','Leeville','Wyoming'),
(54813,'Stephanie','Holder','robertodavis@example.com','830 Andrea Gardens Suite 892','North Charles','Maryland'),
(54880,'Krystal','Stewart','sandra37@example.net','75424 Washington Hollow','West Sheila','Indiana'),
(55297,'Carrie','Hart','shelby87@example.net','77565 Richard Knoll','Lake Timothy','South Carolina'),
(55347,'Sara','Caldwell','whiteanthony@example.org','14369 Peck Course','West Pamelaville','Florida'),
(55364,'Michael','Myers','rodriguezbonnie@example.com','88296 Armstrong Grove Apt. 997','Christinastad','Tennessee'),
(55690,'Shirley','Cox','alvaradomichael@example.com','343 Terry Well Suite 271','Diazmouth','Rhode Island'),
(55713,'Chelsea','King','nancy95@example.com','5888 Charles Pine','East Brandonside','West Virginia'),
(56090,'Daniel','Leonard','pdavis@example.org','792 Christopher Forks Apt. 335','Alyssachester','Florida'),
(56171,'Christopher','Barrett','hernandezchristopher@example.org','82920 Kelley Tunnel','Brittanyfort','Indiana'),
(56334,'Whitney','Salinas','anthony47@example.com','5016 Matthews Via','Erinhaven','Tennessee'),
(56344,'Allison','Moore','melvin68@example.com','9242 Joseph Run','Walkerville','Delaware'),
(56572,'Jay','Reed','aguilarlori@example.com','76687 Monica Isle Apt. 847','Thomasport','New Mexico'),
(56684,'Joseph','Frost','warneroscar@example.com','779 Freeman Island Suite 524','East Stephenfurt','Delaware'),
(56704,'Laura','Sosa','mejiakenneth@example.net','7781 West Plaza','Raymondview','Nevada'),
(56768,'Jesse','Harris','millerjim@example.com','8963 Lynn Estate Suite 395','New Karen','Alabama'),
(56820,'Robert','Richardson','walkerbrooke@example.com','7126 Sanchez Hill','Cristianville','Maryland'),
(57013,'Crystal','Rodriguez','staceyprice@example.org','258 Buchanan Springs','Pricefurt','Alaska'),
(57208,'Charles','Doyle','smithjustin@example.net','3098 Stephanie Field Apt. 135','South Franktown','Michigan'),
(57251,'Luke','Vargas','markware@example.org','67582 Michael Drive Apt. 987','Lake Christina','Connecticut'),
(57366,'Amy','Price','carrie99@example.net','801 Glenn Spurs Suite 404','Rossberg','Nevada'),
(57403,'Brittany','Ramos','michellemarshall@example.com','261 Meyer Course Suite 617','Jaredmouth','Arizona'),
(57609,'Raymond','Silva','hodonnell@example.org','5081 Elizabeth Prairie','South Valeriefurt','Minnesota'),
(57706,'Mark','Martin','ivansims@example.org','11569 Scott Fork','Reidhaven','Kansas'),
(57867,'Tracy','Blevins','rollinsvirginia@example.net','8328 Bryan Bridge Apt. 685','Kathyburgh','Indiana'),
(57905,'David','Brown','chad89@example.org','20229 Neal Port','Rebeccachester','Arizona'),
(57929,'Alexander','Castro','rebeccahanna@example.com','805 Martinez Mews Suite 696','Bellmouth','Minnesota'),
(58443,'Ashley','Parker','murphybrittney@example.net','73708 Martinez Green','Port Bettytown','Mississippi'),
(58473,'Jessica','Merritt','cmedina@example.org','228 Jeffrey Pass Suite 406','Ramoschester','Nevada'),
(58551,'Christopher','Brown','longamber@example.net','3660 Hart Pine Apt. 289','Andersonport','New Mexico'),
(58788,'Edward','Ward','jameswilliams@example.net','958 Ashley Mountain Suite 821','West Jason','New Hampshire'),
(59315,'Andrea','Smith','jmyers@example.net','18926 Lindsey Rapids','New Warren','Minnesota'),
(59339,'Kevin','Bradford','hedwards@example.com','36554 Kerri Parkways Suite 937','Port Carolynborough','South Carolina'),
(59364,'Melissa','Robinson','emilymitchell@example.com','3985 Belinda Roads Suite 056','South Jamieton','Kentucky'),
(59546,'Jeremy','Williams','joshuafowler@example.net','2218 Evans Pine','Jenniferfurt','Iowa'),
(59641,'Linda','Johnson','yjohnson@example.com','02283 Joseph Ville','East Erin','Michigan'),
(59742,'Brian','Gibson','gregphelps@example.com','87884 Eric Terrace Apt. 063','New Annefort','Delaware'),
(60049,'Holly','Garcia','annrodriguez@example.com','3402 Thompson Streets','Coleburgh','Montana'),
(60148,'Jason','Vance','cookwilliam@example.org','213 Jeremy Point','New Ryan','Alaska'),
(60644,'Jonathan','Johnson','hernandezjoshua@example.org','6561 Amy Turnpike','East Emilymouth','Connecticut'),
(60724,'Jade','Nichols','joshuamcgrath@example.net','20532 Wyatt Loop Apt. 902','Floresland','Oregon'),
(60798,'Christopher','Branch','garychristensen@example.org','233 Peterson Brooks Apt. 012','Robertport','Florida'),
(60904,'Elizabeth','Meyer','fnorris@example.com','7001 Mandy Ridges','Robertsonborough','Minnesota'),
(60940,'Stephen','Espinoza','chelsealarson@example.net','7191 Rowe Place','South Drew','North Carolina'),
(60942,'Lori','Lucas','bcarpenter@example.com','80075 Brown Station','Harrisview','North Dakota'),
(61141,'Laura','Zamora','katherine93@example.org','7761 Michael Hills','South Scottland','Oklahoma'),
(61156,'Kaitlyn','Cohen','kenneth50@example.com','63217 Lori Drive Suite 237','East Daryl','Mississippi'),
(61199,'Steven','Ballard','mariahunter@example.org','1123 Ricky Summit','New Tylerland','New Jersey'),
(61233,'Martin','Preston','leemichelle@example.org','657 Green Rest Apt. 449','New Cesarchester','Vermont'),
(61491,'Jessica','Howell','laurie38@example.org','31216 Vargas Hills Suite 194','East Kathleen','Virginia'),
(61650,'Nathan','Saunders','mpittman@example.com','27022 Rodriguez Overpass Suite 593','Gallowayborough','California'),
(61927,'Leslie','Schmidt','george38@example.com','89976 Olivia Port Apt. 851','Johnchester','Kansas'),
(62331,'William','Stone','durhamstacy@example.org','3010 Allen Trail Suite 543','West Kyle','North Dakota'),
(62827,'Suzanne','Weaver','amberdavis@example.com','4691 Janet Viaduct Apt. 279','Acevedohaven','Alabama'),
(62901,'Charles','Clark','ricky94@example.org','866 Rodriguez Pike Suite 410','Meganchester','Oklahoma'),
(62996,'Brooke','Henderson','pamela06@example.net','58676 Harrison Turnpike Suite 226','Amberside','Arkansas'),
(63143,'Rachel','Nguyen','vasquezhenry@example.com','2739 William Meadows Apt. 985','Beckmouth','Iowa'),
(63178,'Dennis','Jackson','toddjames@example.com','51207 Melissa Coves Apt. 802','Lake Nicoleview','Iowa'),
(63776,'Caleb','Smith','kingjoe@example.org','9860 Emily Ferry','South Josefort','Maryland'),
(63788,'Chris','Roy','robert61@example.org','44918 Page Shores Apt. 043','East Amanda','New Jersey'),
(64200,'Melissa','Miller','johnblanchard@example.net','94591 Alicia Fields Suite 070','Williamton','Missouri'),
(64356,'Alexander','Salinas','hancockkyle@example.com','5706 Paul Manor','New Philliptown','South Carolina'),
(64680,'Bobby','Ellis','tammy12@example.org','23585 Craig Drive','North Sharon','Idaho'),
(64905,'Kristen','Norris','gary28@example.com','56369 Cynthia Orchard','Lake Debra','New Hampshire'),
(64925,'Jennifer','Hayes','johnsonmary@example.com','5042 Brown Prairie Suite 132','Phelpsview','Alaska'),
(65129,'Emily','Johnson','vbaldwin@example.com','766 Taylor Villages','Matthewchester','Missouri'),
(65627,'Jonathan','Avery','lisarice@example.org','497 Reed Row','Carolynside','Texas'),
(65768,'Brenda','Schneider','martinezpatrick@example.org','15071 Charles Forks Suite 161','Lake Randychester','Alabama'),
(65899,'Regina','Stafford','greenechristopher@example.org','431 Mary Isle','Rachelfort','Rhode Island'),
(66084,'Keith','Rogers','christinahobbs@example.net','001 Russell Extensions','East Tim','South Dakota'),
(66273,'Savannah','Thompson','scottosborne@example.org','26788 Johnson Parkways Apt. 106','New Davidberg','Oklahoma'),
(66803,'Rebecca','Miller','annarussell@example.com','098 Angel Mission Apt. 773','Port Vicki','Maine'),
(67017,'David','Murphy','alexisbuckley@example.org','61754 Melanie Junction Suite 230','Saraside','Arizona'),
(67175,'Nathan','Jones','rmendoza@example.net','656 Briana Path Suite 318','West Michael','West Virginia'),
(67330,'Jessica','Obrien','charles00@example.com','4122 Herrera Canyon','Owensview','Rhode Island'),
(67605,'Amanda','Martinez','sandrahill@example.org','67067 Ball Avenue Apt. 659','Piercetown','Colorado'),
(67793,'Michelle','Powell','frodriguez@example.net','79040 Sexton Mill','New Marissa','Rhode Island'),
(67923,'Laura','Hernandez','joshuahill@example.net','969 Patrick Mountain','East Thomasborough','North Dakota'),
(68272,'Maria','Welch','shanemeyer@example.net','936 Emily Mountain','South Lynnville','Colorado'),
(68314,'Angela','Jefferson','shepherdmatthew@example.org','145 Bobby Landing Suite 648','Smithfort','Missouri'),
(68362,'Mary','Blake','brookeharris@example.net','22687 Moore Highway Apt. 636','Colemanland','Colorado'),
(68410,'Michelle','Clark','lauraanderson@example.com','4924 Michael Junction','Hardystad','Tennessee'),
(68564,'Jason','Porter','iwilliams@example.net','592 Jason Island','West Brent','Washington'),
(68804,'Lauren','Anderson','pooleleslie@example.com','7528 Barker Ridges','New Regina','Texas'),
(68826,'Cheryl','Davis','patrick79@example.net','4756 Holly Bypass','South Stephanie','Kansas'),
(68846,'John','Oconnor','oclarke@example.org','59237 Jamie Square Apt. 926','Lake Vanessa','South Carolina'),
(68881,'Matthew','Gonzalez','llawson@example.com','53087 Burke Squares Suite 957','Anthonychester','California'),
(69347,'Ronald','Schaefer','igriffith@example.org','6912 Paula Ports Suite 186','Coxside','Delaware'),
(69428,'Gregory','Murray','lesliehiggins@example.com','82914 Sheila Dale Suite 630','Raymondburgh','Michigan'),
(69451,'Gary','Kane','charlene93@example.com','5275 Amber Motorway','Jamesport','Missouri'),
(69737,'Kimberly','Gonzales','christybarnett@example.com','673 Teresa Skyway','South Annamouth','New York'),
(69792,'Howard','Zamora','steven90@example.org','7289 West Mews','Lake Christinatown','Tennessee'),
(69818,'Hannah','Torres','gabriella92@example.com','508 Allison Pine Apt. 612','North Carlchester','New Mexico'),
(70142,'Aaron','Flynn','william20@example.org','51281 Pitts Forges','New Kristopher','Utah'),
(70147,'Lisa','Rivera','bsmith@example.net','01962 Justin Squares','Warrenstad','Maine'),
(70453,'Kyle','Lloyd','fuenteserik@example.net','28841 Jones Plains','Laurenland','Virginia'),
(70561,'Danielle','Giles','michaelcole@example.net','6295 Barajas Route','North Amber','North Dakota'),
(71008,'Michael','Hernandez','bryan87@example.com','272 Wright Brooks Apt. 030','Jamesland','Maine'),
(71628,'Nicholas','Duncan','valenzuelamark@example.org','897 Ronald Forges Suite 007','Lake Timothyview','Nebraska'),
(71812,'Andrea','Franklin','michael58@example.net','17495 Ortiz Route','Brandontown','Maryland'),
(71815,'Brittany','Roberson','benjamincraig@example.com','36200 Chapman Stream Apt. 168','Josephfurt','Louisiana'),
(72231,'Karina','Evans','brianna32@example.net','23824 Jessica Ferry','Martinchester','Louisiana'),
(72312,'Paul','Blankenship','michelle48@example.net','062 Moreno Club Suite 530','Normanberg','Texas'),
(72347,'Robert','Spears','morgankelly@example.net','6150 Perez Junction','New Tanyaburgh','Idaho'),
(72627,'Sandra','Alexander','bethtownsend@example.net','929 Matthew Springs','Port Michealstad','Tennessee'),
(73115,'Jordan','Williams','lpope@example.org','992 Samuel Mission','New Johnland','Kentucky'),
(73143,'Brandi','Bartlett','sarahjarvis@example.com','984 Debra Springs','South Jessica','West Virginia'),
(73298,'Joshua','Smith','ameyers@example.org','3409 David Groves Apt. 775','Powellfurt','Delaware'),
(73469,'Patrick','Bush','jaredwatts@example.net','73173 Fox Tunnel','South Melissa','New Mexico'),
(74140,'Kyle','Meyer','kristen95@example.com','73465 Mark Crossroad','Emmamouth','Florida'),
(74300,'Lisa','Robertson','nthompson@example.com','6405 Joshua Knoll Suite 426','South Jesse','New Jersey'),
(74777,'Caitlin','Adkins','anthonyschultz@example.com','04073 Green Ford Suite 488','New Brookeside','North Dakota'),
(75658,'Jeffrey','Vargas','michaelsalazar@example.org','256 Kent Groves Suite 434','Port Nathan','Maine'),
(75958,'Stacey','Gallagher','william78@example.com','15236 Wise Camp Apt. 298','Wilsonland','Oklahoma'),
(76062,'Mary','Gross','jamesprince@example.net','76615 Walter Port Apt. 373','West Laurenberg','Arkansas'),
(76448,'Debbie','Patterson','thomasdana@example.net','8549 Cervantes Gateway','South Carolyn','Florida'),
(76480,'Jade','Snow','maria18@example.org','38590 Conley Road Suite 561','Jasmineborough','Ohio'),
(76777,'Brian','Sheppard','ryanvasquez@example.org','26792 James Station','Sharihaven','Rhode Island'),
(76801,'Monica','Hayes','sflores@example.net','2687 Emily Fort','Cherylton','Oregon'),
(76914,'Patrick','Livingston','powelljames@example.com','384 Mckinney Walks','East Cassandra','Michigan'),
(77052,'Ana','Ford','teresarichardson@example.net','3488 Lauren Mall Suite 146','North Frank','Rhode Island'),
(78258,'Randall','Castro','mwarren@example.org','949 Sheri Wall Apt. 528','East Susanville','Hawaii'),
(78628,'Joanne','Martinez','doylejesse@example.net','360 Steven Squares Suite 345','Johnsonmouth','Iowa'),
(79014,'Robin','Figueroa','josevega@example.org','61956 Vicki Plaza Suite 415','West Davidbury','Arizona'),
(79453,'Brian','Spencer','lisa30@example.net','5680 Bryan Union','East Daniel','Minnesota'),
(80194,'Joe','Rogers','erin72@example.org','0158 Jackson Meadow Suite 346','Port Barbaramouth','New Jersey'),
(80387,'Erica','Smith','jeff18@example.org','524 Jasmine Greens','Mccarthyview','New York'),
(80573,'Hunter','Chambers','yallen@example.net','568 Kayla Well Apt. 238','West Drew','Washington'),
(80784,'Vickie','Brock','perryaaron@example.org','786 Simmons Groves','New Jennifer','Delaware'),
(80805,'Michael','Butler','iroberts@example.net','4897 Copeland Brook Suite 742','Maddenberg','Pennsylvania'),
(81021,'Preston','Taylor','maxwelltroy@example.net','643 William Green','Reyestown','New York'),
(81538,'Brandon','Elliott','carrashley@example.org','3072 Thompson Crescent Apt. 817','North Vincentville','Oklahoma'),
(82187,'Diana','Gamble','lauren30@example.net','159 Warren Mountain','West Kevin','Idaho'),
(83019,'Derrick','Patterson','chelsea35@example.com','4561 Arnold Field','Johnmouth','Tennessee'),
(83078,'Jessica','Houston','patriciarodriguez@example.org','351 Lawrence Expressway','West James','Washington'),
(83328,'Anna','Garcia','melanie75@example.org','377 Nguyen Gardens Apt. 429','Davidton','Nebraska'),
(83577,'Keith','Gaines','zhenderson@example.org','54197 Chelsea Squares','East Angelaside','Idaho'),
(83768,'Gregory','Porter','alvaradojohn@example.org','744 Leon Drive','South Jose','Nebraska'),
(83818,'Marc','Sexton','paige72@example.com','4424 Hayes Villages Apt. 030','New Brittanyshire','North Dakota'),
(84152,'Scott','Hill','ojones@example.org','3391 Le Valley','East Brett','Arizona'),
(84500,'Karen','Gutierrez','dustin57@example.net','5030 Nicole Viaduct Suite 066','East Amanda','Idaho'),
(84693,'Miguel','Mathews','dmeyer@example.net','56820 Campbell Road','East Joe','Indiana'),
(84823,'Tracy','Brown','emilyperry@example.com','2457 Erin Square Suite 734','North Gary','Connecticut'),
(85489,'Tyler','Barnes','brookeanderson@example.org','11805 Mckinney Knoll','Jamesfort','Delaware'),
(85550,'Gregory','Ponce','ronald49@example.org','246 Matthew Cliffs','North Adam','Nevada'),
(85593,'Jonathan','Bridges','keithelizabeth@example.net','762 Moody Ports Apt. 692','Lake Danielburgh','Alabama'),
(85892,'Javier','Dougherty','jodi50@example.org','76579 Fleming Green','Davisstad','Oregon'),
(86160,'Cory','Larsen','torressusan@example.net','1140 Timothy Valley Apt. 866','Brianchester','Alabama'),
(86614,'Christopher','Johnson','guybradley@example.net','89626 Huff Center Apt. 421','Watsonmouth','New Jersey'),
(86678,'Patricia','Roberts','caseysanders@example.net','633 Courtney Locks Apt. 019','Port Alexanderton','Washington'),
(86759,'Corey','Gonzalez','cwaller@example.net','35016 Moore Course Apt. 175','New Jamie','Ohio'),
(86797,'Theodore','Wright','stephanie80@example.com','96998 Williams Rue','South Williamport','Florida'),
(87385,'Jeffery','Schroeder','harrisvanessa@example.com','36327 John Common Apt. 641','South Kevin','Minnesota'),
(87395,'Derrick','Cook','boblandry@example.com','732 Marvin Forks','North Crystalshire','Nebraska'),
(87428,'Fernando','Brock','tmeyer@example.net','0795 Reynolds Lodge Apt. 110','Lake Carol','Illinois'),
(87496,'Connor','Huerta','patelrobert@example.com','2887 Joyce Parks Suite 688','Kevinville','Pennsylvania'),
(87548,'Kaitlin','Carter','robertcastillo@example.com','462 Parks Fort','Port Kristineburgh','Missouri'),
(87596,'Laurie','Davis','mhall@example.com','7664 Robinson Fort','South Tanya','South Carolina'),
(87720,'Eric','Nichols','bankslisa@example.org','57680 Schmidt Lodge Apt. 194','West Alexis','New Mexico'),
(87841,'James','Henderson','martinjesse@example.com','194 Myers Circle Apt. 078','Jennifermouth','Minnesota'),
(87872,'Stephanie','Warren','nathan55@example.com','95748 William Ramp','Aaronchester','New Jersey'),
(88057,'Randy','Allen','pottssandra@example.com','035 Richard Locks Apt. 878','Maldonadohaven','Oklahoma'),
(88093,'Ethan','Lewis','heather53@example.com','61008 Ernest Lights','Port Cristinabury','Arizona'),
(88105,'Shelly','Mcbride','fernandezmario@example.net','6346 Brooks Summit Suite 754','Rossmouth','Washington'),
(88175,'Andrew','Calderon','lroberts@example.net','6830 Michael Gateway','West Joseph','Georgia'),
(88740,'Barbara','Vasquez','wdunn@example.com','74709 Smith Lakes','Timothyshire','Iowa'),
(88986,'Erika','Lucas','daniel39@example.org','557 Sandra Lakes Suite 689','Annastad','Pennsylvania'),
(89829,'Michael','Jones','imalone@example.com','28068 Daniel Road Suite 633','Michaelfort','Arizona'),
(89906,'Maria','Pratt','patrickemily@example.com','4167 Rivers Stravenue Suite 705','North Heatherside','Wyoming'),
(90459,'Erika','White','beth30@example.com','382 Steven Divide Apt. 164','Michealbury','Georgia'),
(90694,'Kim','Brown','samanthamoore@example.org','429 Ronald Neck Apt. 586','West Annette','Ohio'),
(90869,'Douglas','Gay','gpope@example.com','81769 Alexander Cape','Port Danielleview','New Hampshire'),
(91257,'Hector','White','brownwalter@example.org','45197 Don Spur Apt. 365','Codyland','Mississippi'),
(91282,'Virginia','Brown','vholland@example.com','352 Michelle Summit','New Heather','Oklahoma'),
(91485,'Vanessa','Lambert','peteranderson@example.org','0740 Duncan Common Apt. 315','Johnsonside','Wisconsin'),
(91631,'Reginald','Parker','ujones@example.org','281 Juan Glen Apt. 532','Kellyfurt','Hawaii'),
(92025,'Daniel','Bush','eric18@example.com','844 Richard Spurs','West Travis','Rhode Island'),
(92197,'Tiffany','Chen','shieldsbradley@example.com','336 West Walks Suite 380','Johnathanfurt','Alabama'),
(92224,'Tina','White','fschneider@example.com','4969 Shelby Island Suite 875','New Lauren','Illinois'),
(93051,'Jessica','Gregory','tiffanyrichardson@example.com','916 Russell Drive Apt. 222','Leestad','Louisiana'),
(93107,'Cassandra','Pennington','sarah29@example.com','500 Amy Parkways','Marktown','Pennsylvania'),
(93981,'Amy','Ramsey','vkim@example.net','342 Wong Square','Meganfort','New Hampshire'),
(94232,'Roy','Grimes','ckelly@example.net','413 Rogers Radial','New Nicole','Oregon'),
(94258,'Suzanne','Myers','gcompton@example.net','4049 Hamilton Curve','Patrickshire','New Hampshire'),
(94574,'Justin','Bowen','fcummings@example.org','059 Jessica Drives','Port Steven','Kentucky'),
(94719,'Kimberly','Garcia','lewisdavid@example.com','061 Kirk Flat Apt. 704','Aimeefurt','Vermont'),
(94775,'Melissa','Hubbard','ireeves@example.com','093 Deborah Prairie Apt. 028','Vincentmouth','Pennsylvania'),
(95463,'Margaret','Pierce','frobinson@example.org','915 Peterson Ridges Apt. 247','South Whitney','New Jersey'),
(95949,'Daniel','Hebert','mitchellmarquez@example.org','72482 Phillips Lakes Suite 607','Harrishaven','Indiana'),
(96184,'Robin','Carrillo','xcochran@example.org','826 Erin Plains','New Lance','Iowa'),
(96353,'Stephen','Calderon','sarahcaldwell@example.com','1323 Foster Shores Suite 186','New Susan','New Mexico'),
(96907,'Zachary','Tran','shawn57@example.com','4571 Cooper Crescent','Whitestad','Maryland'),
(96992,'Timothy','Keller','uryan@example.com','56543 Ward Bridge Suite 127','Randallburgh','New York'),
(97069,'Kenneth','Ford','ayalajoseph@example.com','72551 Stephanie Garden','Maynardside','Vermont'),
(97158,'Paula','Lyons','morenojennifer@example.com','8627 Miller Mills','Rebekahfort','Maryland'),
(97290,'Krystal','Hahn','xkelly@example.net','302 Norris Circles','Mariamouth','Kentucky'),
(97406,'Nathan','Davis','tanyamiller@example.com','3543 Dennis Overpass Suite 208','North Pamela','South Carolina'),
(97465,'Brittany','White','aaronwilliams@example.com','700 Paul Mills Apt. 871','South Juanville','Alaska'),
(97478,'Andrew','Murray','elizabethbailey@example.net','9322 Amanda Stravenue Suite 290','Port Paulfurt','Oregon'),
(97906,'Karen','Ortega','jose97@example.org','41156 Lindsay Circles Apt. 662','Port Rebekah','New York'),
(97914,'David','Thornton','summersalan@example.org','813 Coleman Ridge Apt. 647','Lindsayville','Alaska'),
(98108,'Jasmine','Bass','jennifer53@example.org','681 Patrick Tunnel','Jonathanchester','Wyoming'),
(98955,'Julie','Stanley','don52@example.com','074 Jennifer Ville Suite 323','East Adamburgh','Virginia'),
(99163,'Lisa','Hess','travis63@example.org','473 Powers Overpass','New Kellyton','Arizona'),
(99251,'Sharon','Rogers','croberts@example.com','81872 Robles Harbors Suite 355','North Racheltown','New York'),
(99614,'Patrick','Morgan','mary45@example.net','30182 Russell Forges','Kellyfurt','Maine'),
(99620,'Jacob','Salinas','lance41@example.com','49976 Pineda View','Port Jill','Utah'),
(99823,'Shari','Sanchez','samantha28@example.net','855 Cameron Forge','West Stephenton','Idaho'),
(99987,'Katherine','Herrera','aalexander@example.com','076 Fry Rest Apt. 024','East Daniel','Texas'),
(99994,'Jessica','Owens','phamariel@example.net','035 Ashley Square','Annettemouth','Virginia');
/*!40000 ALTER TABLE `supplier` ENABLE KEYS */;
UNLOCK TABLES;

--
-- Table structure for table `supplierphonenumber`
--

DROP TABLE IF EXISTS `supplierphonenumber`;
/*!40101 SET @saved_cs_client     = @@character_set_client */;
/*!40101 SET character_set_client = utf8 */;
CREATE TABLE `supplierphonenumber` (
  `supplier` int(11) NOT NULL,
  `phoneNumber` varchar(12) NOT NULL,
  PRIMARY KEY (`supplier`,`phoneNumber`),
  CONSTRAINT `supplierphonenumber_ibfk_1` FOREIGN KEY (`supplier`) REFERENCES `supplier` (`supplierID`)
) ENGINE=InnoDB DEFAULT CHARSET=latin1 COLLATE=latin1_swedish_ci;
/*!40101 SET character_set_client = @saved_cs_client */;

--
-- Dumping data for table `supplierphonenumber`
--

LOCK TABLES `supplierphonenumber` WRITE;
/*!40000 ALTER TABLE `supplierphonenumber` DISABLE KEYS */;
INSERT INTO `supplierphonenumber` VALUES
(69,'832-332-3677'),
(84,'701-898-4967'),
(116,'635-985-7598'),
(172,'861-560-4469'),
(172,'966-551-3569'),
(226,'860-334-0148'),
(511,'938-283-3415'),
(748,'406-390-8422'),
(812,'579-278-0996'),
(1167,'582-396-3980'),
(1475,'418-962-6713'),
(1858,'423-318-9462'),
(1872,'788-868-3677'),
(2053,'833-677-5568'),
(2250,'681-719-9865'),
(2357,'752-718-4336'),
(3016,'558-301-5272'),
(3241,'620-257-8029'),
(3409,'235-315-5853'),
(3677,'875-936-4197'),
(5907,'252-397-5978'),
(6801,'735-309-3455'),
(7133,'246-653-7829'),
(7133,'606-945-7585'),
(7574,'453-291-0638'),
(7979,'393-887-8659'),
(8412,'896-533-9663'),
(8412,'974-248-9307'),
(8455,'350-655-8013'),
(8663,'327-977-0788'),
(8663,'503-804-3606'),
(9437,'679-749-1884'),
(10083,'385-565-1941'),
(12272,'965-453-5179'),
(13673,'608-368-6043'),
(13705,'618-817-5093'),
(15430,'437-829-1803'),
(15541,'600-538-9739'),
(15705,'201-392-4031'),
(16074,'892-428-4228'),
(16181,'584-752-1637'),
(16181,'772-583-2792'),
(16908,'516-911-7453'),
(17066,'847-873-1917'),
(17763,'240-612-9367'),
(20222,'521-796-2426'),
(20445,'674-555-8375'),
(20491,'482-382-5059'),
(21241,'559-523-0668'),
(21354,'677-727-4494'),
(21623,'593-602-1285'),
(22873,'386-910-9595'),
(24027,'768-302-6255'),
(24621,'503-381-9038'),
(25451,'649-731-6932'),
(26621,'378-995-0647'),
(27296,'327-881-3087'),
(27296,'349-646-6284'),
(27987,'922-641-5171'),
(28341,'250-602-4570'),
(28580,'954-585-0338'),
(30241,'406-640-9023'),
(31011,'909-910-7093'),
(31417,'203-701-9104'),
(31535,'755-451-8731'),
(31613,'384-853-8763'),
(32039,'483-373-7776'),
(32039,'828-693-3678'),
(32281,'273-457-9203'),
(33261,'925-241-5458'),
(33342,'508-572-4050'),
(33616,'654-986-0122'),
(33921,'916-959-4809'),
(34243,'394-825-4477'),
(34565,'675-301-8445'),
(35733,'574-927-5309'),
(35733,'724-399-7423'),
(35937,'465-736-5558'),
(36040,'394-416-5081'),
(36705,'956-893-0926'),
(36911,'310-276-1304'),
(37091,'619-933-4765'),
(38036,'976-663-5150'),
(38071,'621-951-8074'),
(38415,'260-251-1477'),
(38961,'878-807-3805'),
(40374,'239-773-6830'),
(40379,'930-498-1244'),
(40989,'951-209-3745'),
(41236,'294-222-3422'),
(41591,'342-862-5908'),
(41902,'892-810-6482'),
(41947,'353-782-8394'),
(42643,'308-337-7192'),
(43149,'589-234-7286'),
(43150,'221-560-2474'),
(43150,'308-894-2922'),
(43283,'999-928-9130'),
(43322,'532-713-8095'),
(43784,'451-334-0603'),
(43784,'477-676-4464'),
(44294,'401-655-1716'),
(44773,'353-877-8627'),
(45960,'564-484-6572'),
(47029,'321-934-2689'),
(47549,'594-932-5101'),
(47626,'815-929-1617'),
(47626,'910-648-5103'),
(48994,'323-447-1611'),
(48994,'757-975-7558'),
(49079,'252-355-1336'),
(50537,'405-215-5754'),
(50690,'776-638-6777'),
(51052,'687-478-3928'),
(51052,'807-585-2890'),
(51220,'459-987-8179'),
(51220,'482-666-0862'),
(52600,'369-403-1727'),
(52600,'492-478-5656'),
(53638,'375-631-7280'),
(54136,'913-815-0097'),
(54521,'948-996-0772'),
(54663,'573-248-7429'),
(54663,'931-880-0410'),
(55347,'540-647-1433'),
(56334,'341-610-5146'),
(56572,'701-787-1232'),
(56684,'268-698-2449'),
(56704,'710-565-4748'),
(56768,'974-291-5294'),
(56820,'433-660-4309'),
(57251,'238-316-1240'),
(58473,'621-420-3694'),
(58551,'763-393-2401'),
(59339,'932-996-8483'),
(59364,'492-781-2867'),
(60148,'473-270-8227'),
(60644,'772-994-7282'),
(60798,'582-832-9874'),
(60904,'680-728-8395'),
(60942,'696-482-8573'),
(61199,'787-994-7857'),
(61491,'403-219-9243'),
(61650,'236-950-2787'),
(63788,'768-360-0187'),
(64680,'927-653-1101'),
(65627,'964-793-0758'),
(65768,'426-961-8978'),
(65768,'984-878-8102'),
(66084,'302-707-2923'),
(67017,'331-201-0831'),
(67793,'553-620-7503'),
(67923,'350-436-6729'),
(68362,'811-661-4043'),
(68846,'961-229-0111'),
(68881,'765-725-6231'),
(69428,'523-332-4892'),
(69451,'520-675-6198'),
(70147,'395-845-0582'),
(70561,'884-845-6043'),
(71008,'564-721-2670'),
(71628,'766-735-0717'),
(72231,'338-394-8230'),
(74777,'711-462-7662'),
(75658,'615-949-5370'),
(75658,'818-840-9301'),
(76480,'226-916-1575'),
(76777,'257-571-6984'),
(76801,'299-608-3898'),
(78258,'864-253-8748'),
(79453,'208-257-2396'),
(80573,'886-590-7751'),
(80784,'824-324-4665'),
(80805,'491-675-6729'),
(80805,'778-627-7300'),
(83078,'384-562-7930'),
(83768,'893-740-6754'),
(85550,'244-467-7984'),
(85593,'715-575-6388'),
(85892,'651-740-2081'),
(87385,'211-411-9656'),
(87496,'498-336-0808'),
(87720,'425-474-0945'),
(87720,'547-802-2114'),
(87841,'883-317-7904'),
(87872,'874-871-8533'),
(88093,'762-570-7544'),
(88986,'900-468-4163'),
(89906,'749-739-9441'),
(90869,'479-552-6637'),
(91257,'555-598-3407'),
(91485,'533-621-5217'),
(91631,'563-542-5208'),
(94232,'446-601-4465'),
(94258,'508-927-6264'),
(94775,'795-565-5138'),
(95463,'975-448-8278'),
(95949,'669-369-6261'),
(96353,'571-560-5397'),
(96353,'978-556-3347'),
(96992,'526-684-0306'),
(96992,'966-596-6713'),
(97069,'243-443-0768'),
(97290,'749-243-1149'),
(97465,'424-767-0690'),
(99251,'816-757-6445'),
(99614,'642-996-7078'),
(99620,'276-494-7482'),
(99620,'414-938-4331'),
(99823,'215-205-5109'),
(99823,'718-968-0861'),
(99987,'603-961-2837'),
(99994,'275-935-9183');
/*!40000 ALTER TABLE `supplierphonenumber` ENABLE KEYS */;
UNLOCK TABLES;

--
-- Table structure for table `transactionproduct`
--

DROP TABLE IF EXISTS `transactionproduct`;
/*!40101 SET @saved_cs_client     = @@character_set_client */;
/*!40101 SET character_set_client = utf8 */;
CREATE TABLE `transactionproduct` (
  `franchiseID` int(11) NOT NULL,
  `productID` int(11) NOT NULL,
  `transactionNumber` int(11) NOT NULL,
  PRIMARY KEY (`franchiseID`,`productID`,`transactionNumber`),
  KEY `productID` (`productID`),
  KEY `transactionNumber` (`transactionNumber`),
  CONSTRAINT `transactionproduct_ibfk_1` FOREIGN KEY (`productID`) REFERENCES `product` (`productID`),
  CONSTRAINT `transactionproduct_ibfk_2` FOREIGN KEY (`transactionNumber`) REFERENCES `transactionrecord` (`transactionNumber`),
  CONSTRAINT `transactionproduct_ibfk_3` FOREIGN KEY (`franchiseID`) REFERENCES `franchise` (`franchiseID`)
) ENGINE=InnoDB DEFAULT CHARSET=latin1 COLLATE=latin1_swedish_ci;
/*!40101 SET character_set_client = @saved_cs_client */;

--
-- Dumping data for table `transactionproduct`
--

LOCK TABLES `transactionproduct` WRITE;
/*!40000 ALTER TABLE `transactionproduct` DISABLE KEYS */;
INSERT INTO `transactionproduct` VALUES
(110,13972,49353),
(110,70747,51026),
(152,11233,70856),
(524,19993,12471),
(819,1766,8006),
(819,50758,89855),
(1165,4806,23352),
(1165,5976,27528),
(1165,64615,56540),
(1221,43158,60013),
(1221,80940,38381),
(1289,63878,50267),
(1289,63878,87216),
(1289,77280,58260),
(1371,5591,34816),
(1371,7652,1401),
(1371,38539,2014),
(1371,39964,63959),
(1371,64703,11597),
(1371,77280,6893),
(1371,77935,26703),
(1483,26161,64098),
(1483,36760,44121),
(1483,64028,88113),
(1483,80062,53735),
(1698,10263,55384),
(1698,19765,8878),
(1698,21645,96105),
(1698,23130,63778),
(2117,60506,82441),
(2190,90254,26860),
(2476,78958,84037),
(2476,85204,2014),
(2730,13972,15662),
(2730,15469,65127),
(2730,46073,54046),
(2730,96703,43457),
(2755,51881,35391),
(2755,51891,18280),
(2894,6516,73781),
(2894,24193,83230),
(2894,63342,58143),
(3078,23689,6302),
(3078,69030,75452),
(3586,9935,35523),
(3586,26675,68515),
(3586,28856,63900),
(3920,51963,77479),
(4239,19765,5435),
(4285,41937,60023),
(5171,49351,6893),
(5312,19788,84037),
(5312,83841,91775),
(6587,41474,87158),
(6587,80033,24719),
(6860,1766,52300),
(6860,27650,30740),
(6860,84770,74395),
(7437,76112,35249),
(7662,31150,53735),
(7662,74899,82283),
(7662,80015,96678),
(7712,51963,63876),
(7743,22049,68685),
(7743,63836,7772),
(7816,20432,99745),
(7816,26675,45785),
(8103,33013,28082),
(8228,7652,24272),
(8228,18411,23362),
(8228,21209,82441),
(8475,13972,18722),
(8475,55762,12471),
(8475,76626,15662),
(8643,21645,83049),
(8643,55692,95622),
(8956,27073,46483),
(9149,51045,60379),
(9149,59981,73539),
(9149,72055,25964),
(9202,5343,45507),
(9202,10482,35677),
(9202,14626,10701),
(9215,5591,67417),
(9215,30811,88897),
(9215,80062,94513),
(9294,51669,99489),
(9294,55090,80663),
(9583,57586,18048),
(10284,51024,86484),
(10839,2396,96974),
(10839,19226,69734),
(10839,65955,49522),
(10839,90824,23362),
(10916,91093,57118),
(11325,52279,31111),
(11408,24726,23856),
(11408,27073,54209),
(11408,84389,63876),
(12061,10687,5383),
(12061,82547,17881),
(12061,87616,4423),
(12390,7652,63876),
(12390,8619,7588),
(12390,47482,20525),
(12850,80315,16657),
(13745,43307,83783),
(13745,51045,46933),
(13745,72956,78540),
(13745,76626,26357),
(13751,60754,49966),
(13751,80062,16657),
(14155,20702,18722),
(14155,52939,85644),
(14155,72567,33633),
(14332,883,26703),
(14332,25982,64233),
(14332,60754,75719),
(14332,84838,54895),
(14332,85524,16296),
(15359,992,84119),
(15359,10518,32537),
(15359,17127,53405),
(15359,56191,94737),
(15359,76112,28082),
(15941,55762,90172),
(15941,73783,13818),
(16706,45377,13765),
(16706,57123,5435),
(16710,20164,1805),
(16710,21967,5667),
(16886,71622,39276),
(17182,27650,30818),
(17182,35808,6546),
(17182,96322,49502),
(17327,42053,8453),
(17327,44506,10841),
(17327,99934,21313),
(17330,57822,10460),
(17330,89546,44369),
(17423,93337,94072),
(17519,8619,35410),
(17519,65955,91575),
(17838,6712,96211),
(17838,7126,95813),
(18128,2294,45785),
(18491,40425,97840),
(18586,83693,18722),
(19013,27758,26600),
(19013,52142,62918),
(19206,6657,15754),
(19206,59810,72948),
(19243,45580,8878),
(19432,22294,13796),
(19432,26161,24838),
(19432,46180,67379),
(19432,48706,65443),
(19636,43158,62070),
(20010,15245,24838),
(20010,45580,86644),
(20283,71622,5390),
(20354,21865,68453),
(20354,73905,32365),
(20759,10687,70616),
(20759,34730,36086),
(20937,26744,53176),
(20937,28429,43645),
(20937,58144,83783),
(20942,8574,61824),
(20942,55099,81023),
(20942,80152,91381),
(20959,10660,52182),
(20959,76626,81557),
(21189,27650,23352),
(21189,66499,36143),
(21189,87554,58156),
(21334,42598,20318),
(21715,70018,54114),
(21780,19340,89556),
(21780,35357,99547),
(21780,51195,53735),
(21780,79785,1438),
(21991,10646,72028),
(21991,74497,36290),
(22268,8320,12471),
(22268,16453,21414),
(22268,84389,18966),
(22268,89715,41187),
(22637,95459,85268),
(22902,3007,45507),
(23022,41844,85706),
(23355,22888,82163),
(23355,34117,32752),
(23355,51045,63088),
(23412,82229,61824),
(23412,89212,19197),
(23510,597,49983),
(23510,86305,19154),
(23634,70286,52504),
(23709,34687,42895),
(23709,57210,28694),
(23709,68523,34784),
(23893,15262,73059),
(23893,41937,5979),
(23893,42053,44766),
(23893,51045,94685),
(23893,64450,66375),
(24481,61238,4463),
(24495,44506,97840),
(24495,84280,67379),
(24763,97423,27488),
(24776,8102,71269),
(24776,13972,17312),
(24961,30811,15221),
(24961,30928,68685),
(24961,52279,63469),
(25100,40293,47921),
(25100,48074,18048),
(25100,93489,78365),
(25296,91854,80277),
(25407,11233,20525),
(25407,39964,16),
(25407,70286,91214),
(25539,15469,87533),
(25539,80315,37139),
(25629,39197,75866),
(25629,53658,60620),
(25657,40293,84383),
(25657,54212,65443),
(25657,73912,89190),
(25743,41916,91775),
(25743,90352,37890),
(25996,8830,11149),
(26351,6516,91540),
(26351,34267,6913),
(26351,72706,70110),
(26351,79785,95734),
(26351,91418,95230),
(26425,11876,30818),
(26847,57210,1151),
(26847,58726,41489),
(26847,70731,64233),
(27569,91418,45064),
(27705,62501,58313),
(27832,34666,74548),
(27832,48074,52300),
(27832,90352,78634),
(27849,87433,59091),
(27990,6436,82441),
(27990,8288,49849),
(27990,15960,61221),
(27990,84179,44766),
(28001,63878,95144),
(28001,79524,75576),
(28702,40293,82283),
(28702,54962,5814),
(28702,94705,76307),
(28900,49118,68680),
(29533,70731,99612),
(29741,39197,15278),
(29837,21696,22084),
(30088,27717,76151),
(30088,33931,77479),
(30088,76720,27528),
(30154,14679,15269),
(30154,17127,46014),
(30154,82700,58099),
(30527,10580,18522),
(30527,34989,23561),
(30527,44506,47546),
(30577,25912,23040),
(30577,78958,7772),
(30577,80240,97981),
(31075,54212,98580),
(31316,59386,16268),
(31316,83361,89190),
(31325,55725,83627),
(31403,39197,19064),
(31403,59567,39596),
(31403,87775,49288),
(31539,3850,47531),
(31539,7442,89301),
(31539,89919,35677),
(31565,33265,82283),
(31565,96703,75111),
(31717,57822,66520),
(31750,68570,11824),
(31886,2396,39500),
(31886,6657,88522),
(31934,78775,6893),
(31934,83841,49976),
(32038,30811,45507),
(32038,56219,50584),
(32038,73945,30700),
(32073,78298,29936),
(32170,52142,95605),
(32170,80315,73363),
(32894,55861,82441),
(32894,89546,84604),
(32894,94596,23561),
(33555,7376,64964),
(33555,14193,85960),
(33555,57210,64492),
(33555,82761,78634),
(33555,85601,15122),
(33676,55099,17479),
(33807,16857,18048),
(33807,21595,49353),
(34448,51963,25975),
(34448,54212,72057),
(34448,89711,10488),
(34502,80315,13764),
(34525,21907,3955),
(34525,51881,7109),
(34525,82410,10841),
(34532,40293,94101),
(34532,69030,16413),
(34532,82761,10847),
(34585,34289,42895),
(34585,84117,51026),
(34636,29567,75866),
(34636,83718,91214),
(34707,23661,52705),
(35392,25982,61350),
(35518,71622,24823),
(35518,79083,78611),
(35746,8830,87703),
(35746,42872,35249),
(35746,83950,34316),
(35746,87934,26639),
(35819,3850,74193),
(35819,90254,8847),
(35819,92283,48625),
(35890,5976,70620),
(36049,10660,40498),
(36049,11233,86676),
(36049,51168,22182),
(36076,11887,39500),
(36202,41844,69590),
(36202,59386,58099),
(36267,6346,10701),
(36545,52279,28697),
(36656,26134,20730),
(36656,52286,13878),
(36656,64701,82440),
(36656,87775,88799),
(36717,24951,52504),
(36717,84280,19105),
(37280,49118,1373),
(37280,65928,24272),
(37280,89502,45064),
(37487,19140,86980),
(37487,30811,46014),
(37487,51195,84903),
(37546,8830,47006),
(37546,52730,50120),
(37546,61775,77917),
(37546,85204,66794),
(38129,28372,79954),
(38129,32077,24272),
(38129,77954,80663),
(38342,57210,5390),
(38342,82083,30700),
(38480,78958,54046),
(38480,87433,94685),
(38646,25598,86380),
(38646,63666,28694),
(38830,19788,77939),
(38834,90912,86380),
(38951,3007,83230),
(38951,12009,26794),
(38951,16857,28694),
(38951,21595,33764),
(38951,34117,92383),
(39063,80537,82767),
(39063,91093,31111),
(39064,87684,237),
(39273,26161,17750),
(39273,69917,60254),
(39570,6657,13818),
(39570,70606,34473),
(39659,16857,65588),
(39659,77583,73627),
(39814,16857,64492),
(39814,41844,8710),
(39814,81272,2248),
(40388,25912,82283),
(40388,39022,44612),
(40388,66499,83487),
(40630,72719,95144),
(41242,26675,49502),
(41326,883,69617),
(41326,54907,15221),
(41326,78958,40936),
(41660,7465,59877),
(41660,93665,63437),
(41942,59386,23040),
(42013,9089,22015),
(42013,21047,63760),
(42048,51045,68010),
(42075,73905,51637),
(42180,69917,53603),
(42180,91343,5667),
(42493,64219,1323),
(42753,41725,19154),
(42753,54866,55981),
(43182,6712,77441),
(43182,25912,31111),
(43182,70800,53176),
(43182,84770,74829),
(43558,2294,84903),
(43558,74007,50584),
(43813,36298,91540),
(43813,91093,34432),
(43858,52142,86653),
(43896,10646,61632),
(43896,67654,86152),
(43896,82410,86644),
(43996,20296,15278),
(43996,25598,28015),
(43996,46073,89140),
(44159,4807,95811),
(44159,34289,43348),
(44159,45377,78443),
(44464,11624,28284),
(44464,42053,99489),
(44464,83070,57118),
(44464,89546,24719),
(44584,7376,58149),
(45022,1766,65588),
(45022,57942,36520),
(45133,20157,78900),
(45133,53362,29213),
(45615,7687,33437),
(45615,96869,52388),
(45829,525,97781),
(45829,51963,99745),
(45829,54866,4859),
(45897,39211,68680),
(46107,6003,64706),
(46186,62444,38381),
(46284,13296,65058),
(46550,11887,11001),
(46580,74899,4463),
(47109,9089,16812),
(47109,55692,95542),
(47109,76461,96211),
(47234,1766,17750),
(47234,51168,80392),
(47689,23130,23596),
(47709,11887,63900),
(48551,53319,9344),
(48636,82149,4423),
(48751,41725,12471),
(48751,48074,64145),
(48751,56219,47937),
(48751,77954,89592),
(48927,39964,46014),
(48927,52730,23856),
(49095,14193,9526),
(49095,22888,5491),
(49434,8574,21287),
(49434,39964,34816),
(49560,597,15122),
(49560,1555,11149),
(49560,51669,50584),
(49614,20004,32431),
(49614,84838,38261),
(49614,90352,75267),
(49740,5976,59091),
(49740,41725,9536),
(49740,41844,51770),
(49903,56434,39754),
(49903,97772,1323),
(50266,40772,75866),
(50266,76717,58143),
(50610,6436,54270),
(50610,41474,23036),
(50610,50460,88577),
(50755,2294,88799),
(50755,14646,75698),
(50755,46073,63437),
(50945,57033,73363),
(50984,14193,78443),
(51513,33013,54114),
(51513,52279,4463),
(51608,40293,22015),
(51728,21595,50681),
(51728,25982,36086),
(51728,31443,77441),
(51728,33931,13796),
(51728,90824,84383),
(51873,41916,74575),
(51989,61775,84582),
(51989,87554,38261),
(51990,30826,24326),
(52180,14193,90644),
(52180,64701,20897),
(52180,87433,26740),
(52423,8288,86676),
(52423,29567,19105),
(52423,54148,91340),
(52423,77280,44060),
(53442,25982,38209),
(53465,58881,93844),
(53467,83950,10670),
(53995,15960,88590),
(53995,18411,45050),
(53995,20915,23596),
(54333,3850,54926),
(54333,19864,53735),
(54333,94135,56247),
(54333,96005,52504),
(54784,5220,40893),
(54784,66300,75097),
(54784,75731,78682),
(54912,15245,11229),
(55185,48766,43348),
(55185,87616,26703),
(55255,34687,53920),
(55255,99807,92135),
(55345,21696,18377),
(55345,58145,32537),
(55454,94705,79328),
(55979,59810,97567),
(55979,83461,73781),
(55979,86446,58920),
(56053,27397,69734),
(56053,93337,60684),
(56053,94705,61632),
(56053,96984,68680),
(56573,33931,22314),
(56731,67250,10847),
(56731,79785,14979),
(56731,80152,53405),
(56812,22928,7210),
(56812,69917,15639),
(56812,74497,25206),
(56885,21696,26639),
(56955,25982,8006),
(56955,63878,4191),
(56955,65928,56837),
(57052,21967,47921),
(57052,23689,52705),
(57211,52189,35708),
(57211,84179,20649),
(57211,92283,78365),
(57288,22294,3493),
(57296,17127,1235),
(57296,34687,39605),
(57296,65724,97509),
(57610,2294,48977),
(57652,69917,40184),
(57652,70800,8847),
(57652,94439,64492),
(57685,27420,48921),
(57685,51091,18280),
(57685,89715,17479),
(57762,93337,61244),
(57946,17774,83300),
(57969,4806,7924),
(57969,65296,86676),
(58040,2396,74193),
(58040,85601,63634),
(58188,33562,88127),
(58590,54681,48921),
(58866,5976,60620),
(58866,62444,36971),
(58866,80062,91296),
(58930,59386,63999),
(58961,72249,80560),
(59210,19930,68453),
(59210,66499,74119),
(59612,19226,68685),
(59838,51881,84822),
(59838,57210,75698),
(59838,59386,82163),
(59902,51963,5194),
(59902,56121,88799),
(59902,84770,28697),
(59902,90093,22838),
(60208,525,63999),
(60208,22294,33270),
(60208,30826,17479),
(60208,76364,98580),
(61263,11876,81256),
(61263,94596,47006),
(61425,95549,91443),
(61820,48766,81633),
(61820,78732,71408),
(62018,2778,98721),
(62018,20915,61528),
(62018,27073,65707),
(62018,91757,10847),
(62067,19864,91540),
(62067,28584,5875),
(62118,21907,52504),
(62118,22294,44193),
(62293,42598,46300),
(62293,71622,84903),
(62392,33562,18018),
(62392,58881,35249),
(62524,19226,78982),
(62524,87616,36971),
(62572,21047,24598),
(62572,31150,22015),
(62572,54212,16812),
(62572,57942,27490),
(62572,68857,32431),
(62572,73905,18018),
(62572,76112,60013),
(63062,1555,4276),
(63218,32077,47531),
(63218,57822,58713),
(63256,65955,5979),
(63256,74497,68480),
(63256,84838,39988),
(63406,17553,73332),
(63406,19993,42500),
(63406,53658,40324),
(63406,94705,24598),
(63428,16809,46014),
(63428,48074,27528),
(63428,55762,63223),
(63428,85362,8195),
(63440,64028,49983),
(63440,89469,68841),
(63567,74497,64160),
(63584,22294,35378),
(63584,72249,18048),
(63584,78775,61244),
(63927,76720,73382),
(63937,2778,97338),
(64057,25912,65980),
(64057,28856,73059),
(64488,33562,16582),
(64734,19788,23352),
(64734,53362,30149),
(65637,69637,10670),
(65637,87775,36684),
(65637,89546,35300),
(65712,60954,34600),
(65998,7738,50681),
(65998,83841,95811),
(66176,65724,4276),
(66412,89546,1401),
(66685,85601,56932),
(66685,88111,23923),
(66718,63342,65433),
(67350,11887,77441),
(67350,16183,2248),
(67350,89919,3804),
(67389,11233,48977),
(67389,78732,52705),
(67777,56121,67202),
(67985,16857,30107),
(67985,94596,85268),
(68345,14626,46862),
(68345,57210,63760),
(68788,23902,54161),
(68892,35808,69617),
(68892,78298,6893),
(68892,93489,16297),
(69139,19890,91443),
(69390,79785,15269),
(69390,90824,33270),
(69390,92283,51992),
(69644,47360,18295),
(69644,51891,291),
(69831,4806,60013),
(69831,19930,86793),
(69831,51024,8453),
(69856,992,77441),
(69856,16183,9344),
(69856,42053,15662),
(69856,53658,78365),
(69878,16698,36684),
(70104,85524,75298),
(70104,91446,15269),
(70374,10646,80512),
(70374,39616,91296),
(70528,90254,65592),
(70528,97505,21410),
(71343,7855,89254),
(71343,73945,27465),
(71343,73945,94513),
(71470,77935,8572),
(71470,83841,85142),
(71689,35357,84582),
(71689,80315,27490),
(71717,10080,43348),
(71717,89711,1909),
(72277,30826,81431),
(72277,35964,38235),
(72277,96869,17813),
(72386,18411,99296),
(72386,32964,35249),
(72386,51195,81349),
(72386,64450,40916),
(72484,40772,26993),
(72741,7376,55981),
(72937,67942,56247),
(72937,70731,63881),
(73240,15262,7772),
(73240,88665,88263),
(73276,20157,11029),
(73276,54212,4191),
(73476,3435,5390),
(73963,11876,44121),
(74182,883,96380),
(74182,26675,10228),
(74182,54962,8136),
(74182,95459,39754),
(74281,81389,28152),
(74413,21595,8195),
(74413,51891,99158),
(74413,57123,69734),
(74671,89502,48977),
(74755,33013,30740),
(74755,52939,70411),
(74755,64219,81052),
(74759,8830,45285),
(74759,23661,16413),
(74759,59810,15129),
(74759,80537,83049),
(74759,97772,90196),
(74856,28856,8136),
(74856,39197,69590),
(75639,45051,53854),
(75975,88111,82521),
(76398,32964,41028),
(76398,68570,6962),
(76547,7652,67179),
(76648,41916,99397),
(76648,51024,56247),
(77036,2444,51489),
(77036,10580,74829),
(77036,42872,7588),
(77036,54229,4575),
(77036,62501,16812),
(77036,72719,15639),
(77036,85524,98198),
(77283,23689,63881),
(77283,39385,95218),
(77283,40772,59274),
(77283,72719,5194),
(77283,95701,8847),
(77316,11233,53603),
(77316,98798,85644),
(77724,78958,38422),
(77724,89502,7210),
(78110,33931,20525),
(78110,80315,49502),
(78110,94439,19105),
(78316,72719,8006),
(78316,73783,51489),
(78316,94135,27497),
(78444,76364,58164),
(78444,92855,28015),
(79111,57942,88894),
(79872,52279,47921),
(79872,53628,68685),
(79872,76246,16582),
(79872,88305,26548),
(80100,5976,53920),
(80578,25598,39443),
(80578,84389,18048),
(80923,16809,52504),
(80923,69786,2191),
(80923,94439,37758),
(80967,18411,89416),
(80967,54229,96105),
(80967,83950,54046),
(81045,55861,47060),
(81045,91093,46862),
(81045,94558,74368),
(81045,94596,7735),
(81407,54907,47055),
(81658,28856,92277),
(81658,60506,45507),
(81658,61775,65683),
(81658,97505,43536),
(81678,55861,65671),
(81678,99807,96367),
(81684,30379,38148),
(81684,98763,2525),
(81768,4806,34432),
(81768,19788,74519),
(81768,24146,86653),
(81768,56121,67589),
(82093,19890,60684),
(82259,16453,43562),
(82259,98798,34600),
(82318,80462,8006),
(82318,80462,17813),
(82320,70286,32037),
(82320,74899,57812),
(82320,93267,45050),
(82354,49118,6467),
(82773,14626,24719),
(82773,19890,6962),
(82773,33931,58156),
(82773,49118,83300),
(82862,3850,77179),
(82862,30928,61824),
(83037,2514,49849),
(83037,39385,84689),
(83754,20432,23561),
(83784,3007,45285),
(83784,16698,3531),
(83784,39616,15269),
(83784,89469,63437),
(83784,89715,16036),
(83924,23902,27497),
(83924,78298,17268),
(84076,16453,84889),
(84076,89212,56837),
(84592,72567,42500),
(84849,53319,21313),
(84931,65928,50681),
(85035,19993,36395),
(85035,35357,39313),
(85380,77772,33300),
(85380,89546,91775),
(85465,40772,882),
(86111,2514,18295),
(86441,76720,31794),
(86514,38539,58164),
(86514,56121,63959),
(87213,12836,95144),
(87213,17636,70885),
(87213,23854,27518),
(87213,23902,67589),
(87213,33265,97981),
(87213,92452,62070),
(87213,97423,2191),
(87287,6346,12754),
(87493,76669,31463),
(87493,93337,1373),
(87531,10263,13898),
(87531,28299,11149),
(87531,81943,52300),
(87583,7219,80512),
(87583,11624,23875),
(87583,34267,51074),
(87764,2778,6505),
(87764,8102,91575),
(87764,34267,75719),
(88027,87775,95811),
(88226,597,85960),
(88402,13972,20318),
(88483,21209,72948),
(88483,51426,5435),
(88483,78732,52182),
(88483,87433,30632),
(88483,98763,17548),
(88725,80033,12471),
(89068,28372,79954),
(89553,60506,9536),
(89692,10683,88113),
(89692,69786,25060),
(91211,56434,10228),
(91459,6436,291),
(91459,17553,75698),
(91459,82410,78158),
(91522,21696,46483),
(91895,31224,11824),
(91895,78775,44121),
(91895,98798,1438),
(92631,57822,5390),
(92631,68523,88590),
(92640,10687,72771),
(92640,99934,54895),
(92699,7424,18722),
(92699,22928,13898),
(92699,56434,16979),
(92839,6003,80560),
(92839,69917,98221),
(93075,64701,3567),
(93075,91093,86793),
(93090,54212,12753),
(93339,8320,77939),
(93339,43307,70856),
(93339,69030,42500),
(93339,75731,65592),
(93339,89212,58143),
(93386,58531,69711),
(93416,95435,19154),
(93498,18411,1235),
(93583,22049,86152),
(93583,96869,93104),
(93630,7219,59711),
(93630,21967,63881),
(93776,48766,65071),
(93806,73912,21959),
(94131,59810,25617),
(94209,91093,96970),
(94252,14193,57988),
(94696,38790,49353),
(94696,79785,60529),
(94976,65955,38261),
(95021,7738,39234),
(95021,37962,63959),
(95060,5343,74484),
(95060,38539,27497),
(95060,80315,69350),
(95060,83693,68685),
(95060,84179,1438),
(95060,97772,88522),
(95142,33013,63778),
(95142,42598,539),
(95142,91446,74814),
(95293,29567,11597),
(95293,40772,83188),
(95293,57123,8572),
(95293,57206,8006),
(95319,80382,94161),
(95689,31944,31463),
(95689,80462,60254),
(96191,87775,54198),
(96429,4807,77679),
(96429,57123,88577),
(96429,80240,27465),
(96563,24932,35391),
(96563,41474,85843),
(96632,6436,18722),
(96632,9178,15269),
(96632,17127,78682),
(96632,56219,46648),
(96818,11876,37890),
(96818,46180,33099),
(96818,81389,52504),
(96822,19765,10538),
(96822,39022,84903),
(96822,95549,94513),
(96979,3435,91381),
(96979,5708,63469),
(96979,11418,44694),
(96979,20915,59719),
(96979,52286,5814),
(96994,33013,71928),
(96994,87554,83627),
(96994,89817,57650),
(97238,14646,4096),
(97238,28936,23036),
(97238,49351,18048),
(97863,18411,51344),
(97863,54866,37139),
(98063,44727,45785),
(98123,9089,81557),
(98123,10263,63665),
(98123,12836,25975),
(98123,91191,29936),
(98315,5708,48295),
(98315,38790,30879),
(98315,43158,10987),
(99168,20164,45102),
(99168,83361,962),
(99168,83693,36395),
(99203,41916,45627),
(99203,46073,6500),
(99203,70747,37740),
(99471,7219,5814),
(99471,87554,71859),
(99471,89715,36395);
/*!40000 ALTER TABLE `transactionproduct` ENABLE KEYS */;
UNLOCK TABLES;

--
-- Table structure for table `transactionrecord`
--

DROP TABLE IF EXISTS `transactionrecord`;
/*!40101 SET @saved_cs_client     = @@character_set_client */;
/*!40101 SET character_set_client = utf8 */;
CREATE TABLE `transactionrecord` (
  `transactionNumber` int(11) NOT NULL,
  `member` int(11) DEFAULT NULL,
  `paymentMethod` enum('debit','credit','cash','app') DEFAULT NULL,
  `customerMoney` int(11) DEFAULT NULL,
  `discounts` int(11) DEFAULT NULL,
  PRIMARY KEY (`transactionNumber`),
  KEY `member` (`member`),
  CONSTRAINT `transactionrecord_ibfk_1` FOREIGN KEY (`member`) REFERENCES `member` (`memberID`)
) ENGINE=InnoDB DEFAULT CHARSET=latin1 COLLATE=latin1_swedish_ci;
/*!40101 SET character_set_client = @saved_cs_client */;

--
-- Dumping data for table `transactionrecord`
--

LOCK TABLES `transactionrecord` WRITE;
/*!40000 ALTER TABLE `transactionrecord` DISABLE KEYS */;
INSERT INTO `transactionrecord` VALUES
(16,43179,'credit',604,60),
(237,NULL,'debit',878,45),
(291,36296,'debit',91,69),
(539,10951,'debit',469,6),
(770,NULL,'cash',817,76),
(882,37856,'debit',955,76),
(962,32423,'credit',879,89),
(1151,NULL,'debit',66,90),
(1235,22754,'credit',956,41),
(1323,78984,'cash',40,60),
(1373,NULL,'credit',639,86),
(1401,49751,'credit',731,97),
(1438,58872,'debit',836,58),
(1805,31319,'app',494,83),
(1909,NULL,'app',744,61),
(2014,48582,'debit',263,70),
(2039,45265,'debit',569,79),
(2191,89038,'debit',301,75),
(2248,3046,'cash',423,72),
(2436,62859,'debit',943,46),
(2494,29073,'app',965,67),
(2525,20567,'credit',123,19),
(2623,10369,'credit',498,92),
(2700,NULL,'credit',106,17),
(2856,76452,'app',984,62),
(2974,29370,'app',954,81),
(3020,52994,'debit',490,32),
(3436,16379,'debit',296,15),
(3493,26461,'app',63,39),
(3531,53642,'app',525,67),
(3567,4141,'debit',946,81),
(3804,NULL,'cash',658,15),
(3871,47045,'app',364,80),
(3955,87418,'debit',12,92),
(4030,56357,'app',628,87),
(4096,74055,'cash',723,68),
(4191,NULL,'debit',168,62),
(4276,45930,'app',706,62),
(4380,13389,'cash',617,9),
(4402,NULL,'app',739,75),
(4423,77729,'debit',94,81),
(4463,28771,'debit',939,36),
(4575,NULL,'debit',471,34),
(4664,37175,'app',614,15),
(4677,NULL,'debit',752,1),
(4859,NULL,'debit',854,15),
(5194,65034,'cash',171,60),
(5383,54134,'debit',413,34),
(5390,1493,'app',489,90),
(5435,9332,'app',792,80),
(5438,89405,'debit',286,51),
(5491,93504,'credit',400,74),
(5667,3042,'credit',661,19),
(5750,75237,'credit',63,73),
(5814,NULL,'credit',875,24),
(5875,8330,'credit',118,48),
(5900,12121,'app',689,65),
(5978,32316,'credit',603,20),
(5979,NULL,'debit',741,91),
(6302,84230,'debit',54,48),
(6467,42460,'app',451,21),
(6500,71862,'app',294,90),
(6501,5934,'credit',844,66),
(6505,31465,'credit',837,71),
(6546,29744,'credit',894,95),
(6893,NULL,'app',728,56),
(6913,11038,'debit',460,19),
(6962,3477,'debit',887,76),
(7109,18021,'app',848,78),
(7210,88626,'credit',408,10),
(7588,31019,'cash',839,28),
(7735,3495,'cash',484,97),
(7772,17265,'debit',402,57),
(7924,62768,'debit',678,91),
(8006,85905,'app',92,27),
(8136,27221,'credit',46,33),
(8191,NULL,'debit',816,34),
(8195,24205,'debit',974,41),
(8367,NULL,'credit',553,49),
(8453,39062,'cash',820,29),
(8572,38149,'cash',302,34),
(8710,3464,'debit',190,30),
(8847,NULL,'credit',761,85),
(8878,NULL,'debit',7,36),
(9263,99858,'debit',996,70),
(9344,15597,'credit',696,69),
(9376,406,'app',407,31),
(9388,36821,'debit',416,0),
(9526,97937,'app',388,14),
(9536,19595,'credit',699,0),
(9742,NULL,'app',828,29),
(10156,7176,'cash',107,49),
(10228,63274,'app',387,4),
(10460,47650,'app',868,47),
(10488,54509,'cash',395,37),
(10538,62859,'debit',873,25),
(10670,48950,'cash',481,40),
(10701,72188,'debit',699,51),
(10738,62768,'credit',426,95),
(10841,92247,'credit',287,92),
(10847,43203,'credit',137,84),
(10987,2758,'credit',935,80),
(11001,NULL,'cash',322,90),
(11029,NULL,'app',828,61),
(11149,64300,'credit',226,7),
(11229,68210,'credit',79,81),
(11597,NULL,'credit',867,18),
(11725,9396,'cash',840,88),
(11824,36508,'app',696,35),
(11878,29370,'app',690,41),
(12099,NULL,'app',351,16),
(12471,31854,'credit',898,38),
(12644,76452,'cash',245,21),
(12753,17505,'credit',840,31),
(12754,NULL,'debit',545,18),
(12787,83892,'credit',166,22),
(13031,87418,'cash',914,55),
(13142,91109,'debit',452,21),
(13184,62336,'cash',17,1),
(13764,66765,'cash',735,99),
(13765,36345,'cash',661,52),
(13796,55127,'credit',181,77),
(13818,NULL,'credit',408,4),
(13878,NULL,'debit',456,24),
(13898,2758,'cash',786,89),
(13988,44351,'credit',138,18),
(14107,79404,'credit',36,28),
(14475,34665,'cash',884,84),
(14979,56775,'debit',448,3),
(15122,NULL,'debit',432,2),
(15129,50656,'app',676,51),
(15221,NULL,'cash',595,10),
(15269,NULL,'credit',64,50),
(15278,88723,'credit',266,83),
(15577,19723,'debit',289,27),
(15639,NULL,'app',470,36),
(15662,53799,'credit',709,89),
(15754,65843,'credit',107,24),
(16036,37175,'cash',823,80),
(16261,NULL,'credit',737,63),
(16268,75351,'credit',304,87),
(16296,9649,'cash',730,0),
(16297,93560,'credit',508,37),
(16413,45732,'app',867,63),
(16543,60627,'cash',429,42),
(16550,29370,'app',245,80),
(16582,NULL,'app',272,98),
(16657,46813,'credit',175,32),
(16812,NULL,'cash',527,50),
(16979,66067,'cash',491,17),
(17011,NULL,'credit',276,69),
(17159,97623,'debit',337,72),
(17192,81084,'debit',15,62),
(17197,34073,'debit',19,60),
(17268,98444,'app',827,57),
(17312,4893,'cash',77,88),
(17369,NULL,'cash',396,83),
(17479,54134,'debit',39,42),
(17548,NULL,'debit',155,29),
(17715,96800,'app',325,44),
(17750,36342,'cash',925,36),
(17813,NULL,'cash',4,17),
(17881,NULL,'app',104,72),
(17967,75400,'credit',357,75),
(18018,68970,'cash',245,80),
(18048,34750,'cash',5,32),
(18280,30743,'cash',722,79),
(18295,NULL,'debit',227,53),
(18377,78128,'debit',751,19),
(18485,NULL,'credit',733,96),
(18522,43640,'credit',202,82),
(18711,35632,'credit',999,31),
(18722,786,'app',118,85),
(18966,61355,'credit',362,68),
(18977,36031,'cash',859,12),
(19064,NULL,'credit',556,23),
(19105,88087,'credit',337,79),
(19109,45930,'cash',949,53),
(19154,30323,'credit',451,40),
(19197,NULL,'debit',777,77),
(20035,78984,'credit',676,76),
(20172,NULL,'credit',302,99),
(20318,NULL,'debit',940,83),
(20525,37800,'debit',420,45),
(20649,62619,'cash',441,55),
(20674,NULL,'credit',345,72),
(20730,3033,'debit',565,7),
(20897,57493,'cash',860,9),
(21096,57558,'cash',493,84),
(21287,17585,'credit',695,32),
(21313,37856,'credit',519,8),
(21410,98300,'cash',164,91),
(21414,70708,'debit',708,66),
(21462,93993,'credit',394,96),
(21682,31765,'app',611,14),
(21959,39758,'cash',765,10),
(22015,22430,'debit',633,78),
(22084,NULL,'cash',387,73),
(22140,NULL,'credit',867,71),
(22182,64447,'debit',899,12),
(22308,41771,'debit',615,74),
(22314,9190,'cash',646,28),
(22379,2758,'cash',70,42),
(22838,15058,'app',445,1),
(23011,95690,'app',708,40),
(23036,73966,'app',131,92),
(23040,24150,'cash',226,13),
(23352,18050,'cash',772,87),
(23362,82864,'app',437,50),
(23476,34886,'app',561,57),
(23561,16240,'credit',623,97),
(23596,87084,'cash',518,34),
(23803,NULL,'app',7,52),
(23856,77735,'app',523,44),
(23875,47249,'debit',729,97),
(23923,70534,'cash',455,48),
(24087,75123,'credit',633,88),
(24096,90056,'cash',444,5),
(24110,77372,'debit',524,96),
(24272,88787,'cash',950,78),
(24326,69866,'app',337,91),
(24418,5080,'debit',143,55),
(24598,NULL,'app',105,15),
(24719,NULL,'credit',728,39),
(24815,9973,'cash',454,91),
(24823,20101,'credit',703,81),
(24838,1493,'credit',483,47),
(24903,72939,'debit',880,42),
(25060,4642,'cash',733,20),
(25206,97353,'app',477,23),
(25530,27884,'debit',839,94),
(25617,NULL,'debit',761,97),
(25720,33195,'cash',765,46),
(25733,11487,'credit',38,86),
(25964,36035,'debit',902,22),
(25975,71012,'app',573,69),
(26118,96366,'app',306,97),
(26139,20606,'app',136,44),
(26162,21023,'cash',370,96),
(26255,22877,'debit',441,55),
(26357,3046,'credit',759,74),
(26548,1098,'app',625,96),
(26600,66408,'credit',772,52),
(26639,11854,'debit',736,0),
(26703,58411,'debit',245,57),
(26730,81994,'app',660,58),
(26740,80895,'credit',561,0),
(26794,89405,'cash',986,40),
(26860,24022,'credit',197,36),
(26993,96424,'debit',418,94),
(27010,16197,'credit',48,16),
(27211,61385,'debit',996,70),
(27465,24006,'credit',558,91),
(27488,NULL,'credit',636,66),
(27490,90491,'app',310,3),
(27497,75723,'app',304,52),
(27518,NULL,'app',111,10),
(27528,72306,'cash',106,90),
(27660,9896,'cash',993,84),
(28015,72306,'cash',592,81),
(28082,39062,'credit',714,54),
(28152,81512,'credit',174,82),
(28284,79404,'cash',650,44),
(28542,1591,'debit',507,79),
(28561,58002,'debit',189,98),
(28694,75123,'debit',839,72),
(28697,36031,'app',772,47),
(28997,51727,'app',443,67),
(29213,93254,'app',752,24),
(29564,62336,'debit',688,94),
(29936,72488,'credit',404,22),
(30107,32241,'credit',946,65),
(30149,43179,'cash',871,12),
(30288,9973,'credit',769,79),
(30632,6567,'credit',425,11),
(30700,48124,'debit',694,55),
(30740,NULL,'debit',944,39),
(30818,NULL,'debit',259,90),
(30879,41287,'debit',298,95),
(30913,73870,'credit',890,33),
(31111,82859,'credit',336,87),
(31463,36103,'debit',552,43),
(31478,3464,'cash',958,92),
(31794,34847,'app',502,48),
(31888,11854,'cash',245,5),
(32037,18686,'cash',793,71),
(32118,46964,'credit',766,72),
(32365,52019,'credit',82,20),
(32389,57067,'cash',751,9),
(32431,NULL,'app',902,76),
(32537,31836,'credit',837,36),
(32613,45999,'credit',819,86),
(32752,NULL,'credit',142,39),
(32915,22515,'cash',87,98),
(33018,80629,'debit',289,35),
(33099,18410,'app',441,87),
(33197,56018,'credit',274,18),
(33270,NULL,'credit',515,22),
(33300,37800,'debit',235,27),
(33437,97353,'credit',488,92),
(33633,48950,'debit',297,77),
(33764,NULL,'cash',947,10),
(33918,53041,'credit',658,77),
(33954,64447,'debit',706,55),
(34316,48124,'debit',578,23),
(34432,80291,'cash',836,47),
(34473,80545,'app',421,90),
(34600,NULL,'app',470,35),
(34617,84165,'debit',447,86),
(34784,NULL,'debit',179,46),
(34816,NULL,'credit',142,85),
(35088,NULL,'debit',373,79),
(35126,28120,'debit',651,9),
(35172,78984,'credit',536,54),
(35249,18029,'app',185,29),
(35300,48587,'debit',602,39),
(35378,NULL,'debit',486,91),
(35391,6796,'app',884,54),
(35410,68055,'cash',291,5),
(35523,80895,'debit',204,97),
(35677,99460,'app',964,79),
(35708,42460,'credit',936,64),
(36086,66142,'app',436,90),
(36143,5874,'cash',661,26),
(36290,88903,'debit',176,25),
(36395,4893,'credit',551,98),
(36520,NULL,'debit',784,24),
(36684,NULL,'debit',358,56),
(36905,NULL,'debit',910,47),
(36971,96420,'app',147,92),
(37139,6567,'credit',487,18),
(37664,15092,'debit',858,63),
(37685,NULL,'cash',3,69),
(37740,NULL,'cash',892,81),
(37758,NULL,'cash',994,69),
(37889,70131,'credit',7,65),
(37890,59459,'debit',354,93),
(38148,81458,'app',833,51),
(38209,NULL,'debit',474,52),
(38235,80807,'debit',142,39),
(38261,72220,'app',416,29),
(38381,13305,'cash',181,62),
(38422,46964,'debit',237,45),
(38741,98946,'app',988,52),
(39234,17185,'debit',293,54),
(39276,NULL,'app',747,67),
(39313,10148,'credit',365,49),
(39443,51243,'app',510,70),
(39500,39954,'credit',628,98),
(39596,48950,'debit',500,72),
(39605,64447,'cash',649,28),
(39754,74930,'credit',400,20),
(39881,11854,'debit',203,9),
(39988,68036,'cash',987,83),
(40184,NULL,'cash',671,3),
(40324,59459,'credit',709,23),
(40498,45915,'debit',654,47),
(40893,15113,'cash',167,50),
(40916,NULL,'debit',651,21),
(40936,NULL,'app',376,52),
(41028,85873,'credit',395,71),
(41187,5859,'debit',238,77),
(41275,30323,'cash',731,51),
(41489,3464,'cash',128,84),
(41737,61518,'app',442,11),
(41890,NULL,'credit',859,66),
(42166,36345,'app',628,87),
(42399,34814,'app',178,98),
(42500,90551,'cash',775,4),
(42854,58956,'cash',377,53),
(42895,36031,'debit',327,74),
(42918,NULL,'app',178,59),
(42967,NULL,'credit',552,77),
(43348,NULL,'credit',789,59),
(43416,78681,'app',62,87),
(43440,31169,'credit',82,3),
(43457,55027,'debit',289,47),
(43485,22515,'app',128,26),
(43517,72188,'credit',560,96),
(43526,60278,'debit',631,75),
(43536,41273,'debit',947,2),
(43562,58411,'credit',50,84),
(43645,19625,'credit',184,31),
(43669,82859,'cash',99,36),
(44060,79597,'app',741,39),
(44121,69204,'debit',436,88),
(44167,NULL,'cash',317,68),
(44193,89866,'cash',454,96),
(44369,NULL,'app',923,1),
(44612,3495,'cash',997,0),
(44694,45689,'cash',149,51),
(44766,15688,'cash',603,34),
(44853,47070,'credit',603,14),
(44972,NULL,'app',833,58),
(45050,39062,'cash',543,1),
(45064,97320,'cash',393,89),
(45102,9893,'app',409,16),
(45185,71328,'cash',44,58),
(45285,58872,'app',926,61),
(45409,51309,'app',174,59),
(45507,NULL,'debit',493,8),
(45526,NULL,'debit',854,40),
(45550,56775,'app',726,12),
(45627,68130,'cash',288,86),
(45785,NULL,'cash',465,10),
(45814,93504,'debit',883,8),
(45865,NULL,'cash',256,4),
(46001,17778,'app',77,51),
(46014,81187,'debit',492,56),
(46043,40127,'credit',977,87),
(46138,69204,'credit',693,80),
(46300,73002,'cash',992,32),
(46483,91336,'credit',384,70),
(46573,39515,'cash',881,12),
(46648,NULL,'cash',829,87),
(46760,71862,'app',939,62),
(46862,64508,'debit',682,33),
(46933,51309,'debit',337,35),
(47006,31775,'debit',897,12),
(47055,27394,'cash',172,76),
(47060,34590,'credit',219,19),
(47229,60336,'app',887,74),
(47382,NULL,'cash',874,5),
(47483,15121,'debit',804,81),
(47531,20567,'debit',898,0),
(47546,75630,'app',255,80),
(47921,NULL,'cash',322,24),
(47937,37800,'debit',681,75),
(48058,4272,'credit',897,25),
(48129,69411,'credit',511,39),
(48282,52849,'cash',622,75),
(48295,18845,'credit',301,76),
(48348,NULL,'app',299,72),
(48616,15688,'app',373,57),
(48625,54273,'debit',728,21),
(48745,36035,'debit',25,20),
(48921,79583,'app',776,38),
(48952,51271,'credit',497,48),
(48973,76110,'app',7,31),
(48977,93254,'app',298,63),
(49288,NULL,'credit',800,51),
(49353,NULL,'credit',428,53),
(49355,20535,'app',76,49),
(49502,2758,'app',696,43),
(49522,46813,'cash',781,83),
(49816,4272,'debit',812,34),
(49849,47292,'app',897,60),
(49966,NULL,'debit',18,84),
(49976,81084,'credit',758,99),
(49983,89423,'cash',206,82),
(50120,NULL,'debit',676,45),
(50267,70131,'debit',594,22),
(50499,80629,'cash',450,1),
(50584,NULL,'cash',424,52),
(50606,NULL,'credit',879,67),
(50681,76047,'app',673,11),
(50702,47070,'credit',33,77),
(51026,70559,'app',13,49),
(51074,4815,'cash',197,92),
(51344,35715,'debit',444,13),
(51430,62859,'app',679,79),
(51489,96715,'credit',811,16),
(51637,48124,'cash',372,52),
(51770,20606,'credit',900,52),
(51900,54816,'credit',563,61),
(51992,80689,'credit',662,66),
(52182,97984,'cash',329,99),
(52229,NULL,'debit',960,71),
(52300,65008,'credit',74,71),
(52388,73870,'credit',425,97),
(52504,63786,'debit',421,98),
(52705,22159,'cash',668,85),
(53176,65970,'app',921,0),
(53405,59164,'cash',299,51),
(53603,89405,'cash',477,8),
(53615,62173,'debit',619,60),
(53735,26664,'debit',410,2),
(53781,51225,'cash',158,67),
(53832,90865,'debit',463,46),
(53854,40919,'debit',734,61),
(53920,20889,'cash',948,33),
(54046,NULL,'credit',472,30),
(54114,NULL,'cash',512,14),
(54161,5443,'app',657,17),
(54198,37856,'app',126,58),
(54209,91188,'debit',397,97),
(54270,19375,'cash',219,92),
(54493,NULL,'cash',510,65),
(54501,NULL,'cash',219,62),
(54856,56187,'credit',372,81),
(54862,40921,'app',558,63),
(54895,97587,'app',831,51),
(54926,22267,'app',760,68),
(55384,58622,'app',21,49),
(55780,56172,'app',346,30),
(55976,16240,'cash',526,12),
(55981,NULL,'cash',279,65),
(56247,61355,'app',745,41),
(56530,44109,'app',838,78),
(56540,32241,'app',128,77),
(56837,75360,'debit',435,60),
(56932,50072,'debit',985,36),
(56948,83652,'app',608,39),
(57060,NULL,'credit',361,69),
(57118,70745,'debit',807,4),
(57329,53289,'debit',519,36),
(57337,39286,'app',978,16),
(57358,42077,'cash',56,70),
(57650,4893,'app',205,11),
(57663,54134,'credit',673,78),
(57798,81965,'debit',208,8),
(57812,52405,'app',105,21),
(57886,19595,'app',931,11),
(57988,98300,'app',607,18),
(58045,80599,'debit',753,37),
(58099,19723,'cash',15,80),
(58143,34886,'cash',819,77),
(58149,56099,'debit',351,40),
(58156,22877,'app',669,36),
(58164,NULL,'debit',748,48),
(58260,3495,'credit',960,92),
(58263,17402,'app',446,35),
(58277,95768,'cash',500,70),
(58313,79463,'credit',636,56),
(58390,36852,'debit',116,13),
(58505,NULL,'debit',240,96),
(58713,96424,'cash',257,2),
(58803,NULL,'cash',793,49),
(58884,NULL,'cash',531,10),
(58920,20619,'app',139,69),
(59021,47070,'debit',483,2),
(59091,16111,'cash',390,82),
(59202,98865,'app',324,57),
(59274,82738,'credit',961,85),
(59711,NULL,'cash',897,40),
(59712,NULL,'cash',256,18),
(59719,23404,'debit',166,12),
(59850,88504,'debit',41,66),
(59856,38616,'app',20,30),
(59877,NULL,'cash',553,25),
(59980,47041,'debit',402,99),
(60013,6929,'app',202,29),
(60023,34073,'app',369,83),
(60124,82859,'cash',811,40),
(60254,NULL,'app',392,92),
(60379,4642,'cash',33,79),
(60529,5443,'credit',202,10),
(60620,72306,'cash',39,94),
(60684,36821,'cash',51,82),
(61221,30330,'app',790,82),
(61244,NULL,'cash',182,98),
(61300,NULL,'credit',355,11),
(61350,58411,'app',759,2),
(61528,74173,'credit',199,16),
(61632,6525,'credit',366,88),
(61642,27394,'app',903,63),
(61805,75031,'cash',230,15),
(61824,31726,'cash',255,21),
(62070,1062,'credit',576,65),
(62286,75630,'cash',631,31),
(62651,32241,'cash',213,96),
(62918,62173,'app',746,26),
(63088,33391,'debit',760,72),
(63223,NULL,'app',910,9),
(63270,70113,'debit',135,79),
(63437,NULL,'app',629,24),
(63469,7198,'debit',241,64),
(63634,NULL,'credit',748,91),
(63665,NULL,'credit',879,69),
(63708,31169,'debit',429,92),
(63760,NULL,'app',509,39),
(63778,60627,'debit',553,23),
(63876,81893,'cash',614,51),
(63881,48587,'app',945,95),
(63900,76578,'credit',523,65),
(63959,74364,'debit',631,0),
(63997,26461,'debit',871,1),
(63999,54005,'cash',860,56),
(64077,65900,'credit',34,23),
(64098,82859,'credit',944,54),
(64145,NULL,'debit',512,40),
(64160,NULL,'app',495,52),
(64233,49529,'debit',668,13),
(64492,47068,'app',833,58),
(64553,22388,'credit',431,48),
(64706,73864,'credit',166,2),
(64825,NULL,'debit',829,66),
(64964,3477,'cash',432,98),
(65058,31019,'credit',207,68),
(65071,50011,'app',216,85),
(65127,21605,'debit',310,77),
(65203,NULL,'debit',760,52),
(65271,61518,'cash',944,3),
(65388,24643,'debit',241,28),
(65433,11487,'debit',144,34),
(65443,11658,'cash',171,67),
(65569,NULL,'debit',602,12),
(65588,7198,'cash',206,84),
(65592,82998,'credit',499,18),
(65648,48521,'credit',405,5),
(65671,NULL,'credit',217,90),
(65683,48803,'cash',700,21),
(65707,7171,'debit',319,6),
(65980,76047,'app',820,44),
(66233,NULL,'app',351,40),
(66316,94915,'cash',365,34),
(66375,39286,'app',597,80),
(66468,NULL,'credit',319,61),
(66520,NULL,'debit',277,46),
(66794,NULL,'credit',155,26),
(66806,30722,'debit',845,5),
(66979,NULL,'cash',541,21),
(67179,60536,'debit',755,97),
(67202,33630,'credit',668,94),
(67207,NULL,'debit',740,10),
(67379,NULL,'credit',205,95),
(67417,NULL,'cash',841,50),
(67552,NULL,'cash',474,64),
(67589,19467,'cash',238,82),
(67922,34733,'credit',863,32),
(68010,90738,'app',306,69),
(68395,82167,'debit',77,43),
(68453,16240,'debit',551,68),
(68480,31834,'debit',620,71),
(68515,40926,'app',166,95),
(68680,97587,'debit',824,26),
(68685,75630,'debit',1,12),
(68841,45453,'app',708,64),
(69308,57616,'debit',607,98),
(69350,99460,'credit',528,36),
(69590,33757,'debit',208,82),
(69617,NULL,'app',304,35),
(69626,NULL,'app',584,85),
(69711,19595,'app',552,70),
(69734,62944,'app',873,53),
(69980,22267,'credit',887,24),
(70096,1993,'app',931,53),
(70110,62859,'credit',977,96),
(70299,NULL,'debit',831,79),
(70411,NULL,'app',945,40),
(70554,NULL,'app',671,3),
(70594,75140,'credit',142,5),
(70616,95833,'credit',178,92),
(70620,NULL,'app',491,60),
(70856,74364,'cash',59,84),
(70869,75140,'credit',238,39),
(70885,69204,'credit',528,93),
(71269,28120,'cash',660,86),
(71318,16240,'debit',698,89),
(71408,60602,'cash',16,87),
(71796,NULL,'credit',907,62),
(71859,34814,'cash',742,53),
(71928,45678,'app',536,47),
(71932,87782,'debit',216,98),
(72028,54273,'app',306,99),
(72057,NULL,'debit',624,19),
(72139,77622,'credit',534,49),
(72708,68055,'app',664,80),
(72771,10649,'cash',848,22),
(72851,NULL,'credit',784,39),
(72873,51831,'debit',420,42),
(72948,62944,'app',458,3),
(73059,32316,'app',413,60),
(73332,NULL,'cash',39,28),
(73363,NULL,'app',495,15),
(73382,36767,'credit',330,15),
(73450,NULL,'debit',289,52),
(73539,83729,'cash',191,77),
(73627,400,'cash',188,7),
(73781,13305,'app',852,34),
(74098,NULL,'app',534,17),
(74119,52994,'debit',862,14),
(74193,57750,'cash',133,81),
(74368,67934,'cash',35,65),
(74395,81458,'debit',469,68),
(74484,69937,'app',401,28),
(74519,34154,'app',333,21),
(74548,27396,'app',243,92),
(74575,2719,'app',272,96),
(74674,54509,'debit',37,3),
(74792,61385,'cash',682,88),
(74814,83729,'cash',146,75),
(74829,61355,'cash',539,43),
(75097,NULL,'credit',570,52),
(75111,58675,'cash',591,2),
(75127,1493,'app',191,70),
(75267,45678,'credit',842,6),
(75298,NULL,'credit',675,70),
(75377,89959,'debit',303,85),
(75452,NULL,'cash',914,92),
(75576,51767,'app',916,75),
(75667,NULL,'credit',398,74),
(75698,87675,'app',896,52),
(75719,67211,'app',153,56),
(75866,39286,'credit',520,25),
(75956,81458,'app',404,62),
(76048,44109,'app',314,54),
(76151,35390,'credit',908,12),
(76157,53343,'credit',766,81),
(76307,68530,'debit',652,69),
(76604,NULL,'credit',691,30),
(77179,31019,'credit',353,83),
(77441,83095,'debit',284,93),
(77466,NULL,'debit',926,58),
(77479,36989,'credit',488,32),
(77500,33988,'cash',957,55),
(77679,4815,'debit',845,91),
(77917,NULL,'debit',652,65),
(77939,NULL,'credit',19,29),
(77950,56089,'credit',855,28),
(78158,54005,'credit',697,29),
(78297,88626,'cash',297,23),
(78365,NULL,'credit',420,88),
(78443,NULL,'cash',612,6),
(78540,18213,'cash',979,45),
(78546,33630,'credit',962,27),
(78611,33121,'debit',559,98),
(78634,99373,'app',945,66),
(78682,11658,'cash',261,58),
(78900,84165,'app',901,58),
(78982,9649,'cash',390,44),
(78995,24037,'credit',639,50),
(79328,NULL,'credit',295,88),
(79700,58554,'credit',270,25),
(79954,72488,'cash',252,95),
(80277,NULL,'debit',87,92),
(80392,95376,'credit',935,17),
(80512,20866,'cash',145,10),
(80560,33195,'debit',828,74),
(80662,27589,'app',534,71),
(80663,NULL,'credit',664,2),
(80927,74889,'credit',702,56),
(81023,NULL,'debit',690,78),
(81034,47041,'debit',495,44),
(81052,17585,'cash',111,0),
(81256,NULL,'credit',373,19),
(81349,63965,'credit',129,87),
(81431,46964,'app',896,53),
(81557,3042,'credit',23,40),
(81614,68970,'debit',201,75),
(81633,66213,'debit',107,18),
(81749,77729,'cash',530,51),
(82030,4642,'debit',503,48),
(82163,66408,'cash',453,90),
(82283,15597,'debit',626,26),
(82429,19467,'credit',980,95),
(82440,41409,'debit',370,46),
(82441,NULL,'debit',499,87),
(82521,70534,'debit',899,36),
(82767,NULL,'cash',266,49),
(82813,89472,'debit',583,83),
(83049,75107,'cash',355,77),
(83188,24150,'cash',658,17),
(83230,NULL,'credit',661,57),
(83300,33239,'app',52,66),
(83459,3944,'app',955,59),
(83487,66546,'cash',454,63),
(83514,13389,'cash',549,2),
(83627,47041,'app',366,59),
(83686,NULL,'app',96,67),
(83783,97964,'credit',363,42),
(84037,NULL,'debit',231,56),
(84102,20298,'app',703,69),
(84119,60536,'cash',190,70),
(84206,NULL,'app',528,74),
(84334,35715,'credit',271,83),
(84335,92596,'cash',807,70),
(84383,NULL,'credit',158,87),
(84571,67438,'credit',491,66),
(84582,54450,'debit',368,29),
(84604,44661,'debit',768,83),
(84689,NULL,'debit',729,80),
(84762,76723,'credit',379,55),
(84822,61355,'cash',945,11),
(84889,58518,'credit',61,80),
(84903,96903,'cash',420,71),
(84915,38247,'debit',996,27),
(85142,74091,'cash',704,12),
(85268,97570,'debit',440,0),
(85644,27589,'credit',533,47),
(85706,93993,'credit',729,31),
(85803,54134,'app',539,3),
(85808,66213,'app',220,6),
(85843,93616,'cash',958,93),
(85863,10365,'credit',775,22),
(85944,85265,'credit',620,99),
(85960,13994,'credit',116,86),
(86152,NULL,'cash',305,50),
(86196,11854,'app',836,89),
(86380,15782,'cash',357,93),
(86484,97937,'cash',538,11),
(86644,47045,'cash',982,96),
(86653,62164,'cash',601,66),
(86676,NULL,'app',284,12),
(86793,44663,'cash',961,88),
(86980,48521,'debit',410,83),
(87158,89866,'app',462,51),
(87216,88262,'debit',401,74),
(87429,35394,'debit',277,29),
(87533,32316,'debit',894,14),
(87703,42145,'credit',326,17),
(88037,NULL,'app',402,90),
(88113,10369,'debit',241,61),
(88127,81977,'cash',78,65),
(88256,46466,'cash',362,64),
(88263,25205,'app',205,59),
(88360,39062,'credit',720,72),
(88522,25634,'cash',956,34),
(88552,44351,'credit',137,6),
(88573,33239,'cash',171,63),
(88577,73966,'app',115,93),
(88590,1934,'debit',317,55),
(88678,NULL,'cash',423,81),
(88799,6283,'debit',802,46),
(88894,27152,'cash',381,38),
(88897,54509,'debit',301,71),
(89136,NULL,'debit',957,51),
(89140,NULL,'credit',189,46),
(89190,51562,'app',604,44),
(89254,45219,'cash',890,86),
(89301,34648,'debit',113,51),
(89383,24084,'app',990,57),
(89416,NULL,'app',866,71),
(89556,57526,'cash',896,44),
(89592,34103,'app',359,48),
(89643,45791,'credit',371,27),
(89690,75140,'debit',529,37),
(89855,NULL,'credit',407,85),
(90172,12783,'cash',838,60),
(90196,16523,'cash',478,83),
(90644,NULL,'debit',484,25),
(91214,NULL,'app',9,22),
(91296,16617,'debit',171,78),
(91340,91909,'cash',625,78),
(91381,NULL,'credit',136,22),
(91443,72188,'debit',602,76),
(91540,69577,'cash',84,47),
(91575,54838,'debit',597,62),
(91775,98520,'credit',833,91),
(92014,66342,'credit',948,53),
(92135,14273,'cash',144,54),
(92277,10951,'cash',104,57),
(92383,43616,'credit',961,17),
(92519,16807,'cash',34,61),
(93104,4815,'debit',845,84),
(93219,17778,'debit',554,40),
(93285,54838,'app',449,64),
(93343,75625,'cash',96,12),
(93844,11038,'debit',766,57),
(94072,71328,'cash',523,77),
(94101,NULL,'app',35,37),
(94161,81893,'app',565,26),
(94220,99037,'app',569,88),
(94513,91103,'credit',772,95),
(94644,5418,'credit',878,11),
(94685,73864,'cash',114,22),
(94737,17920,'app',527,35),
(95018,38149,'debit',925,25),
(95144,96715,'credit',732,68),
(95218,65461,'credit',363,86),
(95230,74930,'app',550,49),
(95542,NULL,'debit',325,4),
(95605,5934,'app',990,12),
(95622,9703,'credit',705,54),
(95734,NULL,'debit',220,48),
(95811,89944,'credit',99,37),
(95813,75742,'cash',717,48),
(95920,79821,'app',166,32),
(95937,NULL,'credit',603,10),
(95944,32803,'debit',669,72),
(96030,14595,'credit',263,93),
(96105,56172,'cash',792,89),
(96211,24859,'credit',374,90),
(96367,72168,'cash',683,6),
(96380,70971,'app',638,83),
(96678,2087,'cash',430,61),
(96772,1852,'app',52,69),
(96970,29073,'credit',290,6),
(96974,87969,'debit',425,71),
(97338,19595,'app',515,84),
(97400,72220,'debit',58,69),
(97509,NULL,'debit',580,81),
(97567,99460,'debit',2,28),
(97781,1882,'credit',967,70),
(97840,56099,'credit',200,32),
(97981,NULL,'cash',542,99),
(98198,NULL,'cash',736,72),
(98204,52057,'app',56,32),
(98221,71328,'cash',400,5),
(98580,34648,'credit',219,92),
(98721,94744,'cash',809,87),
(99158,50011,'debit',522,62),
(99296,70346,'app',616,18),
(99397,NULL,'cash',715,88),
(99489,80483,'credit',139,6),
(99547,NULL,'debit',981,6),
(99612,42145,'cash',304,85),
(99680,73865,'credit',259,34),
(99739,51831,'debit',328,98),
(99745,84088,'cash',292,65);
/*!40000 ALTER TABLE `transactionrecord` ENABLE KEYS */;
UNLOCK TABLES;
/*!40103 SET TIME_ZONE=@OLD_TIME_ZONE */;

/*!40101 SET SQL_MODE=@OLD_SQL_MODE */;
/*!40014 SET FOREIGN_KEY_CHECKS=@OLD_FOREIGN_KEY_CHECKS */;
/*!40014 SET UNIQUE_CHECKS=@OLD_UNIQUE_CHECKS */;
/*!40101 SET CHARACTER_SET_CLIENT=@OLD_CHARACTER_SET_CLIENT */;
/*!40101 SET CHARACTER_SET_RESULTS=@OLD_CHARACTER_SET_RESULTS */;
/*!40101 SET COLLATION_CONNECTION=@OLD_COLLATION_CONNECTION */;
/*!40111 SET SQL_NOTES=@OLD_SQL_NOTES */;

-- Dump completed on 2024-02-05 22:24:12
